cell_id,year,centroid_lat,centroid_lon,ward_id,lst_celsius,lst_zscore,ndvi,ndbi,mndwi,albedo,lulc_class,lulc_class_prob,building_density,population_density,elevation_m,dist_to_water_m,dist_to_park_m,dist_to_road_m,cloud_free_pct,hotspot_class,trend_class
NGP_CELL_001,2019,21.10618,79.14261,Ward 8 (Gandhibagh),29.52,-1.24,0.124,0.162,-0.527,0.144,Built-up,0.97,61.97,147.45,303.9,788.5,472.2,48.4,91.5,Cold Spot,Emerging
NGP_CELL_001,2020,21.10618,79.14261,Ward 8 (Gandhibagh),23.6,-4.83,0.396,-0.179,-0.581,0.141,Bare,0.72,20.25,90.68,303.9,788.5,472.2,48.4,87.6,Cold Spot,Sporadic
NGP_CELL_001,2021,21.10618,79.14261,Ward 8 (Gandhibagh),31.76,-0.8,0.138,0.272,-0.402,0.124,Built-up,0.88,74.79,80.0,303.9,788.5,472.2,48.4,94.9,Not Significant,Emerging
NGP_CELL_001,2022,21.10618,79.14261,Ward 8 (Gandhibagh),29.22,-1.5,0.243,0.159,-0.565,0.1,Grass,0.95,47.47,214.48,303.9,788.5,472.2,48.4,85.7,Cold Spot,Persistent
NGP_CELL_001,2023,21.10618,79.14261,Ward 8 (Gandhibagh),25.14,-2.86,0.238,-0.083,-0.205,0.157,Crop,0.7,40.23,98.96,303.9,788.5,472.2,48.4,95.9,Not Significant,Persistent
NGP_CELL_001,2024,21.10618,79.14261,Ward 8 (Gandhibagh),24.91,-2.83,0.347,-0.053,-0.308,0.144,Crop,0.67,38.25,204.06,303.9,788.5,472.2,48.4,98.3,Not Significant,Persistent
NGP_CELL_002,2019,21.15699,79.11412,Ward 10 (Sanjay Gandhi Nagar),23.74,-4.13,0.378,-0.306,-0.358,0.134,Crop,0.84,16.65,56.31,289.4,1287.8,126.1,569.1,98.2,Not Significant,Persistent
NGP_CELL_002,2020,21.15699,79.11412,Ward 10 (Sanjay Gandhi Nagar),24.61,-4.33,0.482,-0.242,-0.237,0.107,Grass,0.76,18.7,63.82,289.4,1287.8,126.1,569.1,94.7,Hot Spot,Persistent
NGP_CELL_002,2021,21.15699,79.11412,Ward 10 (Sanjay Gandhi Nagar),25.02,-4.17,0.395,-0.154,-0.512,0.136,Bare,0.74,31.27,125.95,289.4,1287.8,126.1,569.1,88.8,Cold Spot,Emerging
NGP_CELL_002,2022,21.15699,79.11412,Ward 10 (Sanjay Gandhi Nagar),27.86,-2.18,0.232,0.077,-0.462,0.202,Built-up,0.97,57.07,210.4,289.4,1287.8,126.1,569.1,95.2,Not Significant,Persistent
NGP_CELL_002,2023,21.15699,79.11412,Ward 10 (Sanjay Gandhi Nagar),28.08,-1.39,0.168,0.137,-0.207,0.172,Built-up,0.73,54.29,51.43,289.4,1287.8,126.1,569.1,87.3,Not Significant,Emerging
NGP_CELL_002,2024,21.15699,79.11412,Ward 10 (Sanjay Gandhi Nagar),28.93,-0.82,0.173,0.233,-0.224,0.172,Built-up,0.92,71.39,90.98,289.4,1287.8,126.1,569.1,92.8,Not Significant,Emerging
NGP_CELL_003,2019,21.16028,79.03136,Ward 10 (Sanjay Gandhi Nagar),26.44,-2.78,0.323,-0.012,-0.31,0.17,Grass,0.86,41.78,36.76,290.3,3303.3,2452.6,445.1,94.6,Cold Spot,Persistent
NGP_CELL_003,2020,21.16028,79.03136,Ward 10 (Sanjay Gandhi Nagar),30.61,-1.33,0.265,0.199,-0.381,0.21,Built-up,0.87,66.73,24.26,290.3,3303.3,2452.6,445.1,94.8,Cold Spot,Diminishing
NGP_CELL_003,2021,21.16028,79.03136,Ward 10 (Sanjay Gandhi Nagar),25.95,-3.71,0.345,-0.199,-0.453,0.107,Grass,0.87,28.19,166.16,290.3,3303.3,2452.6,445.1,94.5,Not Significant,Emerging
NGP_CELL_003,2022,21.16028,79.03136,Ward 10 (Sanjay Gandhi Nagar),28.14,-2.04,0.335,0.15,-0.529,0.242,Built-up,0.74,52.05,74.15,290.3,3303.3,2452.6,445.1,99.3,Not Significant,Persistent
NGP_CELL_003,2023,21.16028,79.03136,Ward 10 (Sanjay Gandhi Nagar),23.03,-3.92,0.411,-0.162,-0.26,0.112,Grass,0.93,26.07,128.27,290.3,3303.3,2452.6,445.1,99.0,Not Significant,Emerging
NGP_CELL_003,2024,21.16028,79.03136,Ward 10 (Sanjay Gandhi Nagar),23.34,-3.61,0.302,-0.06,-0.319,0.116,Crop,0.94,30.06,212.41,290.3,3303.3,2452.6,445.1,89.4,Not Significant,Sporadic
NGP_CELL_004,2019,21.18006,79.13699,Ward 10 (Sanjay Gandhi Nagar),25.48,-3.26,0.297,-0.096,-0.538,0.178,Crop,0.79,33.81,179.59,280.2,3143.2,586.9,58.6,88.8,Cold Spot,Persistent
NGP_CELL_004,2020,21.18006,79.13699,Ward 10 (Sanjay Gandhi Nagar),28.09,-2.58,0.211,-0.019,-0.435,0.15,Grass,0.8,44.2,172.65,280.2,3143.2,586.9,58.6,87.1,Cold Spot,Sporadic
NGP_CELL_004,2021,21.18006,79.13699,Ward 10 (Sanjay Gandhi Nagar),28.76,-2.3,0.274,0.088,-0.568,0.176,Built-up,0.9,55.12,100.99,280.2,3143.2,586.9,58.6,98.7,Not Significant,Persistent
NGP_CELL_004,2022,21.18006,79.13699,Ward 10 (Sanjay Gandhi Nagar),24.47,-3.87,0.411,-0.151,-0.581,0.137,Crop,0.87,20.28,205.72,280.2,3143.2,586.9,58.6,87.4,Cold Spot,Persistent
NGP_CELL_004,2023,21.18006,79.13699,Ward 10 (Sanjay Gandhi Nagar),23.22,-3.82,0.344,-0.132,-0.461,0.126,Tree,0.66,20.64,107.56,280.2,3143.2,586.9,58.6,99.2,Not Significant,Persistent
NGP_CELL_004,2024,21.18006,79.13699,Ward 10 (Sanjay Gandhi Nagar),25.22,-2.67,0.262,-0.012,-0.253,0.144,Bare,0.85,29.92,136.37,280.2,3143.2,586.9,58.6,97.0,Not Significant,Emerging
NGP_CELL_005,2019,21.06928,79.12168,Ward 5 (Dhantoli),24.39,-3.8,0.337,-0.159,-0.327,0.114,Bare,0.76,26.44,87.91,305.0,4103.9,1956.2,166.9,95.4,Cold Spot,Sporadic
NGP_CELL_005,2020,21.06928,79.12168,Ward 5 (Dhantoli),23.34,-4.96,0.412,-0.208,-0.549,0.105,Crop,0.84,14.61,199.45,305.0,4103.9,1956.2,166.9,93.7,Not Significant,Emerging
NGP_CELL_005,2021,21.06928,79.12168,Ward 5 (Dhantoli),25.87,-3.75,0.349,-0.118,-0.481,0.09,Crop,0.83,30.39,160.04,305.0,4103.9,1956.2,166.9,99.4,Not Significant,Persistent
NGP_CELL_005,2022,21.06928,79.12168,Ward 5 (Dhantoli),29.1,-1.55,0.194,0.09,-0.555,0.173,Crop,0.72,43.33,53.35,305.0,4103.9,1956.2,166.9,99.6,Not Significant,Persistent
NGP_CELL_005,2023,21.06928,79.12168,Ward 5 (Dhantoli),29.77,-0.55,0.109,0.321,-0.265,0.175,Built-up,0.88,64.77,178.3,305.0,4103.9,1956.2,166.9,98.4,Hot Spot,Emerging
NGP_CELL_005,2024,21.06928,79.12168,Ward 5 (Dhantoli),23.38,-3.59,0.293,-0.053,-0.317,0.128,Tree,0.95,37.71,211.78,305.0,4103.9,1956.2,166.9,90.7,Not Significant,Persistent
NGP_CELL_006,2019,21.09954,79.06517,Ward 2 (Ashinagar),27.56,-2.22,0.182,0.034,-0.215,0.081,Crop,0.74,48.95,125.01,298.7,291.0,360.9,95.8,99.9,Cold Spot,Emerging
NGP_CELL_006,2020,21.09954,79.06517,Ward 2 (Ashinagar),33.33,0.04,0.121,0.324,-0.24,0.126,Built-up,0.8,70.73,139.47,298.7,291.0,360.9,95.8,89.2,Not Significant,Sporadic
NGP_CELL_006,2021,21.09954,79.06517,Ward 2 (Ashinagar),27.65,-2.86,0.268,-0.054,-0.21,0.179,Crop,0.77,43.06,76.19,298.7,291.0,360.9,95.8,89.6,Not Significant,Emerging
NGP_CELL_006,2022,21.09954,79.06517,Ward 2 (Ashinagar),27.86,-2.18,0.362,-0.004,-0.254,0.085,Bare,0.85,30.96,191.15,298.7,291.0,360.9,95.8,85.4,Cold Spot,Sporadic
NGP_CELL_006,2023,21.09954,79.06517,Ward 2 (Ashinagar),31.51,0.32,0.056,0.418,-0.413,0.174,Built-up,0.97,75.04,144.08,298.7,291.0,360.9,95.8,98.0,Not Significant,Sporadic
NGP_CELL_006,2024,21.09954,79.06517,Ward 2 (Ashinagar),30.9,0.17,0.135,0.421,-0.548,0.244,Built-up,0.93,83.13,196.76,298.7,291.0,360.9,95.8,94.1,Cold Spot,Emerging
NGP_CELL_007,2019,21.14272,79.05372,Ward 8 (Gandhibagh),24.78,-3.61,0.362,-0.131,-0.286,0.144,Bare,0.84,28.47,194.24,280.9,2495.8,1431.3,665.4,94.1,Not Significant,Emerging
NGP_CELL_007,2020,21.14272,79.05372,Ward 8 (Gandhibagh),25.2,-4.03,0.402,-0.174,-0.281,0.126,Grass,0.75,18.64,123.25,280.9,2495.8,1431.3,665.4,97.6,Not Significant,Persistent
NGP_CELL_007,2021,21.14272,79.05372,Ward 8 (Gandhibagh),23.96,-4.7,0.4,-0.223,-0.366,0.12,Crop,0.76,18.48,89.04,280.9,2495.8,1431.3,665.4,95.4,Not Significant,Sporadic
NGP_CELL_007,2022,21.14272,79.05372,Ward 8 (Gandhibagh),28.48,-1.87,0.268,0.096,-0.587,0.191,Built-up,0.92,52.67,138.38,280.9,2495.8,1431.3,665.4,93.0,Cold Spot,Sporadic
NGP_CELL_007,2023,21.14272,79.05372,Ward 8 (Gandhibagh),22.62,-4.12,0.369,-0.212,-0.449,0.08,Crop,0.88,25.69,88.1,280.9,2495.8,1431.3,665.4,93.0,Not Significant,Persistent
NGP_CELL_007,2024,21.14272,79.05372,Ward 8 (Gandhibagh),29.31,-0.62,0.231,0.323,-0.262,0.217,Built-up,0.7,68.57,161.56,280.9,2495.8,1431.3,665.4,85.5,Not Significant,Persistent
NGP_CELL_008,2019,21.10957,79.01573,Ward 7 (Mangalwari),28.29,-1.86,-0.063,-0.104,0.435,0.134,Water,0.87,29.65,180.29,295.1,110.2,969.6,170.7,91.5,Cold Spot,Persistent
NGP_CELL_008,2020,21.10957,79.01573,Ward 7 (Mangalwari),29.02,-2.12,-0.118,-0.105,0.441,0.095,Water,0.98,34.72,126.88,295.1,110.2,969.6,170.7,88.7,Cold Spot,Persistent
NGP_CELL_008,2021,21.10957,79.01573,Ward 7 (Mangalwari),29.76,-1.8,-0.177,-0.002,0.445,0.12,Water,0.82,30.15,186.38,295.1,110.2,969.6,170.7,87.6,Not Significant,Sporadic
NGP_CELL_008,2022,21.10957,79.01573,Ward 7 (Mangalwari),28.64,-1.79,0.278,0.101,-0.397,0.152,Built-up,0.71,51.55,90.25,295.1,110.2,969.6,170.7,86.7,Not Significant,Persistent
NGP_CELL_008,2023,21.10957,79.01573,Ward 7 (Mangalwari),26.68,-2.09,0.279,0.034,-0.575,0.249,Built-up,0.67,50.73,127.39,295.1,110.2,969.6,170.7,88.8,Not Significant,Diminishing
NGP_CELL_008,2024,21.10957,79.01573,Ward 7 (Mangalwari),28.63,-0.97,0.145,0.271,-0.55,0.215,Built-up,0.96,57.81,114.6,295.1,110.2,969.6,170.7,99.1,Cold Spot,Persistent
NGP_CELL_009,2019,21.16117,79.08617,Ward 8 (Gandhibagh),24.41,-3.8,0.357,-0.198,-0.314,0.17,Crop,0.84,21.18,134.08,313.1,3755.0,2399.6,660.5,91.6,Not Significant,Persistent
NGP_CELL_009,2020,21.16117,79.08617,Ward 8 (Gandhibagh),29.35,-1.96,0.353,0.007,-0.323,0.097,Crop,0.79,36.08,35.37,313.1,3755.0,2399.6,660.5,98.2,Not Significant,Diminishing
NGP_CELL_009,2021,21.16117,79.08617,Ward 8 (Gandhibagh),28.27,-2.55,0.309,0.065,-0.314,0.184,Built-up,0.91,52.38,167.92,313.1,3755.0,2399.6,660.5,93.0,Cold Spot,Persistent
NGP_CELL_009,2022,21.16117,79.08617,Ward 8 (Gandhibagh),28.02,-2.1,0.177,0.04,-0.361,0.194,Built-up,0.78,53.76,131.93,313.1,3755.0,2399.6,660.5,95.7,Not Significant,Sporadic
NGP_CELL_009,2023,21.16117,79.08617,Ward 8 (Gandhibagh),32.33,0.73,0.099,0.439,-0.544,0.133,Built-up,0.75,75.65,79.09,313.1,3755.0,2399.6,660.5,93.9,Hot Spot,Sporadic
NGP_CELL_009,2024,21.16117,79.08617,Ward 8 (Gandhibagh),26.17,-2.2,0.272,0.143,-0.558,0.229,Built-up,0.77,62.75,170.38,313.1,3755.0,2399.6,660.5,98.7,Cold Spot,Persistent
NGP_CELL_010,2019,21.07483,79.02795,Ward 7 (Mangalwari),26.63,-2.69,0.351,-0.053,-0.232,0.115,Tree,0.76,33.94,80.34,316.8,4350.8,1558.9,473.8,91.8,Cold Spot,Persistent
NGP_CELL_010,2020,21.07483,79.02795,Ward 7 (Mangalwari),24.6,-4.33,0.384,-0.174,-0.595,0.146,Grass,0.77,19.98,114.22,316.8,4350.8,1558.9,473.8,87.7,Not Significant,Persistent
NGP_CELL_010,2021,21.07483,79.02795,Ward 7 (Mangalwari),29.1,-2.13,0.263,-0.084,-0.241,0.101,Crop,0.67,37.39,209.46,316.8,4350.8,1558.9,473.8,86.0,Not Significant,Persistent
NGP_CELL_010,2022,21.07483,79.02795,Ward 7 (Mangalwari),28.48,-1.87,0.185,0.174,-0.451,0.107,Tree,0.71,48.43,108.21,316.8,4350.8,1558.9,473.8,94.7,Not Significant,Persistent
NGP_CELL_010,2023,21.07483,79.02795,Ward 7 (Mangalwari),23.62,-3.62,0.306,-0.176,-0.558,0.16,Tree,0.73,31.96,147.26,316.8,4350.8,1558.9,473.8,88.6,Cold Spot,Persistent
NGP_CELL_010,2024,21.07483,79.02795,Ward 7 (Mangalwari),27.95,-1.31,0.203,0.27,-0.241,0.122,Built-up,0.87,71.17,191.36,316.8,4350.8,1558.9,473.8,86.3,Cold Spot,Persistent
NGP_CELL_011,2019,21.07722,79.08746,Ward 2 (Ashinagar),25.67,-3.16,0.349,-0.113,-0.221,0.156,Crop,0.83,32.78,68.25,315.7,4089.0,1028.7,209.0,97.0,Not Significant,Persistent
NGP_CELL_011,2020,21.07722,79.08746,Ward 2 (Ashinagar),26.65,-3.31,0.259,-0.107,-0.531,0.107,Tree,0.93,28.75,137.57,315.7,4089.0,1028.7,209.0,85.3,Not Significant,Persistent
NGP_CELL_011,2021,21.07722,79.08746,Ward 2 (Ashinagar),28.99,-2.18,0.357,0.01,-0.24,0.167,Grass,0.72,48.24,131.57,315.7,4089.0,1028.7,209.0,95.0,Cold Spot,Sporadic
NGP_CELL_011,2022,21.07722,79.08746,Ward 2 (Ashinagar),28.03,-2.09,0.376,0.036,-0.502,0.119,Tree,0.89,41.57,120.25,315.7,4089.0,1028.7,209.0,89.3,Cold Spot,Diminishing
NGP_CELL_011,2023,21.07722,79.08746,Ward 2 (Ashinagar),23.75,-3.56,0.364,-0.108,-0.495,0.14,Grass,0.89,38.62,129.62,315.7,4089.0,1028.7,209.0,94.0,Cold Spot,Diminishing
NGP_CELL_011,2024,21.07722,79.08746,Ward 2 (Ashinagar),22.51,-4.02,0.438,-0.111,-0.28,0.149,Bare,0.79,22.52,175.94,315.7,4089.0,1028.7,209.0,89.1,Not Significant,Persistent
NGP_CELL_012,2019,21.06374,79.1376,Ward 1 (Lakadganj),30.15,-0.93,0.118,0.174,-0.404,0.149,Built-up,0.88,62.38,165.18,318.0,2235.6,559.5,434.4,85.5,Not Significant,Persistent
NGP_CELL_012,2020,21.06374,79.1376,Ward 1 (Lakadganj),32.04,-0.61,0.084,0.258,-0.268,0.125,Built-up,0.93,69.38,194.81,318.0,2235.6,559.5,434.4,93.9,Cold Spot,Persistent
NGP_CELL_012,2021,21.06374,79.1376,Ward 1 (Lakadganj),26.03,-3.67,0.388,-0.134,-0.472,0.143,Tree,0.75,20.79,93.87,318.0,2235.6,559.5,434.4,88.5,Cold Spot,Sporadic
NGP_CELL_012,2022,21.06374,79.1376,Ward 1 (Lakadganj),25.33,-3.44,0.419,-0.125,-0.439,0.128,Bare,0.98,22.15,138.11,318.0,2235.6,559.5,434.4,94.4,Not Significant,Sporadic
NGP_CELL_012,2023,21.06374,79.1376,Ward 1 (Lakadganj),26.72,-2.07,0.252,0.222,-0.485,0.159,Built-up,0.73,65.11,121.55,318.0,2235.6,559.5,434.4,95.2,Cold Spot,Sporadic
NGP_CELL_012,2024,21.06374,79.1376,Ward 1 (Lakadganj),27.75,-1.41,0.189,0.258,-0.533,0.249,Built-up,0.96,63.52,131.54,318.0,2235.6,559.5,434.4,88.5,Not Significant,Emerging
NGP_CELL_013,2019,21.14116,79.0769,Ward 10 (Sanjay Gandhi Nagar),29.63,-1.18,0.183,0.201,-0.496,0.187,Built-up,0.82,59.57,133.36,281.9,1926.6,115.0,765.9,98.5,Not Significant,Emerging
NGP_CELL_013,2020,21.14116,79.0769,Ward 10 (Sanjay Gandhi Nagar),29.42,-1.92,0.242,0.114,-0.409,0.126,Built-up,0.8,55.98,188.25,281.9,1926.6,115.0,765.9,97.8,Cold Spot,Persistent
NGP_CELL_013,2021,21.14116,79.0769,Ward 10 (Sanjay Gandhi Nagar),31.7,-0.83,0.099,0.233,-0.387,0.245,Built-up,0.65,72.31,77.68,281.9,1926.6,115.0,765.9,98.6,Not Significant,Emerging
NGP_CELL_013,2022,21.14116,79.0769,Ward 10 (Sanjay Gandhi Nagar),28.4,-1.9,0.284,0.066,-0.536,0.163,Built-up,0.94,53.41,167.49,281.9,1926.6,115.0,765.9,88.6,Not Significant,Persistent
NGP_CELL_013,2023,21.14116,79.0769,Ward 10 (Sanjay Gandhi Nagar),28.45,-1.21,0.133,0.083,-0.272,0.15,Built-up,0.8,58.21,209.77,281.9,1926.6,115.0,765.9,88.9,Cold Spot,Persistent
NGP_CELL_013,2024,21.14116,79.0769,Ward 10 (Sanjay Gandhi Nagar),24.88,-2.84,0.359,-0.013,-0.593,0.123,Tree,0.92,42.98,62.15,281.9,1926.6,115.0,765.9,97.6,Cold Spot,Persistent
NGP_CELL_014,2019,21.16305,79.11832,Ward 4 (Hanuman Nagar),25.59,-3.21,0.335,-0.166,-0.3,0.093,Tree,0.94,14.04,82.26,307.5,348.5,906.4,567.1,95.2,Not Significant,Persistent
NGP_CELL_014,2020,21.16305,79.11832,Ward 4 (Hanuman Nagar),31.89,-0.69,0.101,0.265,-0.567,0.208,Built-up,0.91,72.11,104.23,307.5,348.5,906.4,567.1,94.8,Not Significant,Sporadic
NGP_CELL_014,2021,21.16305,79.11832,Ward 4 (Hanuman Nagar),25.86,-3.75,0.427,-0.067,-0.436,0.169,Bare,0.78,23.66,198.89,307.5,348.5,906.4,567.1,85.5,Not Significant,Persistent
NGP_CELL_014,2022,21.16305,79.11832,Ward 4 (Hanuman Nagar),31.33,-0.44,0.099,0.345,-0.262,0.219,Built-up,0.94,69.12,203.61,307.5,348.5,906.4,567.1,94.4,Hot Spot,Persistent
NGP_CELL_014,2023,21.16305,79.11832,Ward 4 (Hanuman Nagar),30.16,-0.35,0.192,0.404,-0.428,0.146,Built-up,0.69,76.65,182.93,307.5,348.5,906.4,567.1,93.7,Not Significant,Diminishing
NGP_CELL_014,2024,21.16305,79.11832,Ward 4 (Hanuman Nagar),24.72,-2.92,0.278,-0.037,-0.322,0.166,Crop,0.81,40.45,34.27,307.5,348.5,906.4,567.1,96.7,Cold Spot,Persistent
NGP_CELL_015,2019,21.06574,79.03631,Ward 9 (Nehru Nagar),26.57,-2.71,-0.035,-0.176,0.73,0.116,Water,0.83,30.76,189.42,302.8,101.7,1449.7,169.9,97.3,Cold Spot,Emerging
NGP_CELL_015,2020,21.06574,79.03631,Ward 9 (Nehru Nagar),30.74,-1.26,0.135,0.244,-0.226,0.243,Built-up,0.85,68.47,186.89,302.8,101.7,1449.7,169.9,94.4,Not Significant,Emerging
NGP_CELL_015,2021,21.06574,79.03631,Ward 9 (Nehru Nagar),30.16,-1.6,-0.156,-0.042,0.466,0.124,Water,0.91,45.03,130.71,302.8,101.7,1449.7,169.9,94.8,Not Significant,Emerging
NGP_CELL_015,2022,21.06574,79.03631,Ward 9 (Nehru Nagar),29.72,-1.24,-0.287,-0.098,0.408,0.145,Water,0.79,36.97,175.66,302.8,101.7,1449.7,169.9,90.0,Not Significant,Persistent
NGP_CELL_015,2023,21.06574,79.03631,Ward 9 (Nehru Nagar),24.68,-3.09,-0.048,-0.228,0.784,0.122,Water,0.72,23.73,77.74,302.8,101.7,1449.7,169.9,96.0,Not Significant,Emerging
NGP_CELL_015,2024,21.06574,79.03631,Ward 9 (Nehru Nagar),28.45,-1.06,0.202,0.173,-0.283,0.205,Built-up,0.78,55.31,136.73,302.8,101.7,1449.7,169.9,99.9,Cold Spot,Persistent
NGP_CELL_016,2019,21.10758,79.06987,Ward 5 (Dhantoli),25.27,-3.37,0.447,-0.118,-0.422,0.131,Grass,0.81,20.78,194.85,309.3,666.5,2148.9,727.4,87.5,Cold Spot,Sporadic
NGP_CELL_016,2020,21.10758,79.06987,Ward 5 (Dhantoli),24.02,-4.62,0.367,-0.168,-0.571,0.097,Tree,0.97,28.46,85.18,309.3,666.5,2148.9,727.4,92.8,Cold Spot,Sporadic
NGP_CELL_016,2021,21.10758,79.06987,Ward 5 (Dhantoli),28.18,-2.59,0.396,0.041,-0.334,0.127,Tree,0.71,39.35,143.57,309.3,666.5,2148.9,727.4,93.8,Not Significant,Persistent
NGP_CELL_016,2022,21.10758,79.06987,Ward 5 (Dhantoli),23.97,-4.12,0.465,-0.188,-0.226,0.112,Grass,0.66,22.14,45.84,309.3,666.5,2148.9,727.4,92.6,Cold Spot,Persistent
NGP_CELL_016,2023,21.10758,79.06987,Ward 5 (Dhantoli),31.42,0.28,0.003,0.439,-0.394,0.184,Built-up,0.86,84.78,51.73,309.3,666.5,2148.9,727.4,85.4,Not Significant,Diminishing
NGP_CELL_016,2024,21.10758,79.06987,Ward 5 (Dhantoli),24.57,-2.99,0.24,-0.092,-0.323,0.164,Bare,0.8,37.21,207.4,309.3,666.5,2148.9,727.4,99.2,Not Significant,Persistent
NGP_CELL_017,2019,21.14268,79.13034,Ward 8 (Gandhibagh),27.08,-2.46,0.338,0.081,-0.473,0.167,Crop,0.77,46.04,168.83,310.7,574.4,2387.6,735.1,86.6,Not Significant,Diminishing
NGP_CELL_017,2020,21.14268,79.13034,Ward 8 (Gandhibagh),31.47,-0.9,0.087,0.254,-0.481,0.204,Built-up,0.75,67.86,189.51,310.7,574.4,2387.6,735.1,89.9,Not Significant,Emerging
NGP_CELL_017,2021,21.14268,79.13034,Ward 8 (Gandhibagh),28.76,-2.3,0.357,0.098,-0.533,0.144,Crop,0.8,48.09,129.89,310.7,574.4,2387.6,735.1,93.1,Not Significant,Sporadic
NGP_CELL_017,2022,21.14268,79.13034,Ward 8 (Gandhibagh),32.8,0.29,0.175,0.347,-0.442,0.191,Built-up,0.82,75.18,48.29,310.7,574.4,2387.6,735.1,96.2,Not Significant,Emerging
NGP_CELL_017,2023,21.14268,79.13034,Ward 8 (Gandhibagh),28.99,-0.94,0.126,0.261,-0.521,0.182,Built-up,0.97,68.51,191.12,310.7,574.4,2387.6,735.1,94.3,Not Significant,Emerging
NGP_CELL_017,2024,21.14268,79.13034,Ward 8 (Gandhibagh),31.38,0.41,0.126,0.483,-0.271,0.188,Built-up,0.89,78.76,137.26,310.7,574.4,2387.6,735.1,86.8,Not Significant,Diminishing
NGP_CELL_018,2019,21.07769,79.04429,Ward 1 (Lakadganj),30.43,-0.79,0.188,0.247,-0.246,0.15,Built-up,0.96,58.36,27.81,302.7,1290.2,2889.0,387.9,91.2,Not Significant,Sporadic
NGP_CELL_018,2020,21.07769,79.04429,Ward 1 (Lakadganj),24.89,-4.18,0.302,-0.152,-0.35,0.125,Grass,0.79,32.92,164.14,302.7,1290.2,2889.0,387.9,93.8,Cold Spot,Diminishing
NGP_CELL_018,2021,21.07769,79.04429,Ward 1 (Lakadganj),31.65,-0.86,0.153,0.26,-0.507,0.171,Built-up,0.86,65.07,41.51,302.7,1290.2,2889.0,387.9,99.8,Hot Spot,Emerging
NGP_CELL_018,2022,21.07769,79.04429,Ward 1 (Lakadganj),29.08,-1.57,0.374,0.056,-0.369,0.107,Grass,0.69,41.11,167.63,302.7,1290.2,2889.0,387.9,86.2,Cold Spot,Sporadic
NGP_CELL_018,2023,21.07769,79.04429,Ward 1 (Lakadganj),24.38,-3.24,0.44,-0.046,-0.507,0.134,Tree,0.82,29.39,77.32,302.7,1290.2,2889.0,387.9,93.0,Cold Spot,Persistent
NGP_CELL_018,2024,21.07769,79.04429,Ward 1 (Lakadganj),29.0,-0.78,0.157,0.213,-0.375,0.244,Built-up,0.89,70.08,165.86,302.7,1290.2,2889.0,387.9,87.6,Not Significant,Persistent
NGP_CELL_019,2019,21.13037,79.0145,Ward 9 (Nehru Nagar),28.67,-1.67,-0.079,0.039,0.497,0.147,Water,0.66,38.49,41.57,312.9,16.2,906.1,785.0,96.8,Not Significant,Emerging
NGP_CELL_019,2020,21.13037,79.0145,Ward 9 (Nehru Nagar),29.87,-1.69,-0.197,-0.005,0.539,0.104,Water,0.73,41.89,34.07,312.9,16.2,906.1,785.0,92.6,Not Significant,Persistent
NGP_CELL_019,2021,21.13037,79.0145,Ward 9 (Nehru Nagar),34.32,0.48,0.118,0.316,-0.4,0.172,Built-up,0.84,73.78,62.55,312.9,16.2,906.1,785.0,95.1,Not Significant,Diminishing
NGP_CELL_019,2022,21.13037,79.0145,Ward 9 (Nehru Nagar),27.37,-2.42,-0.254,-0.221,0.783,0.137,Water,0.66,23.38,179.18,312.9,16.2,906.1,785.0,99.0,Not Significant,Persistent
NGP_CELL_019,2023,21.13037,79.0145,Ward 9 (Nehru Nagar),28.94,-0.96,-0.205,0.092,0.73,0.147,Water,0.92,40.1,74.61,312.9,16.2,906.1,785.0,92.6,Cold Spot,Persistent
NGP_CELL_019,2024,21.13037,79.0145,Ward 9 (Nehru Nagar),28.24,-1.16,0.227,0.305,-0.6,0.122,Built-up,0.94,63.43,165.07,312.9,16.2,906.1,785.0,94.0,Not Significant,Persistent
NGP_CELL_020,2019,21.13467,79.02877,Ward 9 (Nehru Nagar),29.54,-1.23,0.235,0.329,-0.575,0.186,Built-up,0.75,69.02,45.6,282.3,4974.4,178.1,556.6,94.4,Not Significant,Persistent
NGP_CELL_020,2020,21.13467,79.02877,Ward 9 (Nehru Nagar),26.7,-3.28,0.327,-0.138,-0.292,0.081,Crop,0.79,21.5,104.13,282.3,4974.4,178.1,556.6,91.2,Not Significant,Persistent
NGP_CELL_020,2021,21.13467,79.02877,Ward 9 (Nehru Nagar),26.81,-3.28,0.391,0.017,-0.279,0.176,Tree,0.65,32.15,55.1,282.3,4974.4,178.1,556.6,93.2,Not Significant,Sporadic
NGP_CELL_020,2022,21.13467,79.02877,Ward 9 (Nehru Nagar),23.89,-4.16,0.408,-0.188,-0.416,0.159,Bare,0.81,23.28,58.85,282.3,4974.4,178.1,556.6,98.4,Not Significant,Diminishing
NGP_CELL_020,2023,21.13467,79.02877,Ward 9 (Nehru Nagar),26.07,-2.4,0.214,0.004,-0.345,0.146,Grass,0.66,41.18,112.88,282.3,4974.4,178.1,556.6,94.2,Cold Spot,Emerging
NGP_CELL_020,2024,21.13467,79.02877,Ward 9 (Nehru Nagar),24.18,-3.19,0.281,-0.135,-0.571,0.081,Tree,0.68,35.07,142.61,282.3,4974.4,178.1,556.6,99.3,Not Significant,Persistent
NGP_CELL_021,2019,21.09448,79.05246,Ward 3 (Dharampeth),28.08,-1.96,0.293,0.15,-0.35,0.118,Tree,0.97,49.62,67.71,306.5,934.1,526.5,80.5,94.2,Not Significant,Emerging
NGP_CELL_021,2020,21.09448,79.05246,Ward 3 (Dharampeth),28.29,-2.49,0.265,0.046,-0.301,0.161,Tree,0.97,42.94,201.12,306.5,934.1,526.5,80.5,94.8,Cold Spot,Persistent
NGP_CELL_021,2021,21.09448,79.05246,Ward 3 (Dharampeth),33.42,0.03,0.132,0.379,-0.504,0.136,Built-up,0.8,69.03,96.17,306.5,934.1,526.5,80.5,94.7,Not Significant,Sporadic
NGP_CELL_021,2022,21.09448,79.05246,Ward 3 (Dharampeth),32.04,-0.08,0.146,0.391,-0.309,0.221,Built-up,0.9,72.3,195.95,306.5,934.1,526.5,80.5,94.8,Cold Spot,Emerging
NGP_CELL_021,2023,21.09448,79.05246,Ward 3 (Dharampeth),33.18,1.16,0.033,0.507,-0.515,0.186,Built-up,0.69,84.33,39.73,306.5,934.1,526.5,80.5,93.1,Not Significant,Emerging
NGP_CELL_021,2024,21.09448,79.05246,Ward 3 (Dharampeth),25.4,-2.58,0.361,0.006,-0.596,0.105,Bare,0.9,41.33,180.2,306.5,934.1,526.5,80.5,95.9,Not Significant,Persistent
NGP_CELL_022,2019,21.11022,79.12001,Ward 9 (Nehru Nagar),24.06,-3.97,0.294,-0.146,-0.217,0.117,Bare,0.66,31.32,119.76,302.2,3668.0,1849.9,152.0,89.6,Not Significant,Sporadic
NGP_CELL_022,2020,21.11022,79.12001,Ward 9 (Nehru Nagar),26.99,-3.14,0.345,-0.016,-0.599,0.142,Crop,0.78,34.44,157.29,302.2,3668.0,1849.9,152.0,90.3,Not Significant,Persistent
NGP_CELL_022,2021,21.11022,79.12001,Ward 9 (Nehru Nagar),29.05,-2.16,0.237,0.114,-0.359,0.208,Built-up,0.84,50.18,140.4,302.2,3668.0,1849.9,152.0,97.4,Not Significant,Persistent
NGP_CELL_022,2022,21.11022,79.12001,Ward 9 (Nehru Nagar),23.5,-4.36,0.414,-0.275,-0.469,0.123,Bare,0.82,19.52,180.02,302.2,3668.0,1849.9,152.0,86.3,Cold Spot,Emerging
NGP_CELL_022,2023,21.11022,79.12001,Ward 9 (Nehru Nagar),30.26,-0.3,0.122,0.358,-0.553,0.173,Built-up,0.79,70.12,211.38,302.2,3668.0,1849.9,152.0,93.6,Not Significant,Persistent
NGP_CELL_022,2024,21.11022,79.12001,Ward 9 (Nehru Nagar),25.72,-2.42,0.288,-0.023,-0.224,0.106,Grass,0.74,41.75,35.44,302.2,3668.0,1849.9,152.0,91.4,Not Significant,Sporadic
NGP_CELL_023,2019,21.07792,79.1204,Ward 10 (Sanjay Gandhi Nagar),28.6,-1.7,0.234,0.169,-0.44,0.24,Built-up,0.67,64.23,160.44,317.5,3533.0,1895.4,41.8,89.2,Cold Spot,Persistent
NGP_CELL_023,2020,21.07792,79.1204,Ward 10 (Sanjay Gandhi Nagar),25.85,-3.71,0.289,-0.163,-0.537,0.165,Crop,0.79,28.37,169.53,317.5,3533.0,1895.4,41.8,85.7,Not Significant,Emerging
NGP_CELL_023,2021,21.07792,79.1204,Ward 10 (Sanjay Gandhi Nagar),26.63,-3.37,0.317,-0.128,-0.247,0.119,Tree,0.89,34.65,163.97,317.5,3533.0,1895.4,41.8,94.4,Not Significant,Sporadic
NGP_CELL_023,2022,21.07792,79.1204,Ward 10 (Sanjay Gandhi Nagar),25.16,-3.53,0.265,-0.181,-0.591,0.152,Crop,0.96,28.22,66.5,317.5,3533.0,1895.4,41.8,91.3,Cold Spot,Emerging
NGP_CELL_023,2023,21.07792,79.1204,Ward 10 (Sanjay Gandhi Nagar),28.26,-1.3,0.149,0.194,-0.355,0.149,Built-up,0.83,58.47,78.63,317.5,3533.0,1895.4,41.8,87.1,Not Significant,Persistent
NGP_CELL_023,2024,21.07792,79.1204,Ward 10 (Sanjay Gandhi Nagar),24.35,-3.11,0.409,-0.091,-0.209,0.159,Tree,0.91,33.78,135.31,317.5,3533.0,1895.4,41.8,92.5,Cold Spot,Sporadic
NGP_CELL_024,2019,21.13173,79.11376,Ward 4 (Hanuman Nagar),28.06,-1.97,0.283,0.135,-0.414,0.238,Built-up,0.9,62.23,101.22,300.8,1032.4,2634.1,703.9,86.6,Not Significant,Sporadic
NGP_CELL_024,2020,21.13173,79.11376,Ward 4 (Hanuman Nagar),30.24,-1.51,0.261,-0.023,-0.346,0.16,Crop,0.74,36.15,196.83,300.8,1032.4,2634.1,703.9,90.9,Not Significant,Emerging
NGP_CELL_024,2021,21.13173,79.11376,Ward 4 (Hanuman Nagar),25.96,-3.7,0.416,-0.047,-0.544,0.1,Grass,0.95,25.65,170.59,300.8,1032.4,2634.1,703.9,91.6,Not Significant,Persistent
NGP_CELL_024,2022,21.13173,79.11376,Ward 4 (Hanuman Nagar),32.75,0.27,0.037,0.365,-0.346,0.142,Built-up,0.79,73.18,134.35,300.8,1032.4,2634.1,703.9,98.2,Not Significant,Persistent
NGP_CELL_024,2023,21.13173,79.11376,Ward 4 (Hanuman Nagar),23.61,-3.63,0.346,-0.248,-0.257,0.162,Grass,0.68,21.47,140.2,300.8,1032.4,2634.1,703.9,89.7,Not Significant,Sporadic
NGP_CELL_024,2024,21.13173,79.11376,Ward 4 (Hanuman Nagar),27.49,-1.54,0.218,0.144,-0.56,0.104,Crop,0.71,47.92,143.81,300.8,1032.4,2634.1,703.9,87.1,Cold Spot,Persistent
NGP_CELL_025,2019,21.16232,79.09767,Ward 6 (Satranjipura),22.28,-4.86,0.507,-0.25,-0.203,0.087,Tree,0.87,11.87,39.14,309.5,4032.9,2532.0,204.7,98.0,Cold Spot,Persistent
NGP_CELL_025,2020,21.16232,79.09767,Ward 6 (Satranjipura),23.26,-5.0,0.352,-0.314,-0.24,0.145,Grass,0.73,17.4,100.05,309.5,4032.9,2532.0,204.7,98.1,Hot Spot,Persistent
NGP_CELL_025,2021,21.16232,79.09767,Ward 6 (Satranjipura),28.09,-2.64,0.251,-0.028,-0.593,0.122,Tree,0.79,37.66,69.39,309.5,4032.9,2532.0,204.7,99.6,Not Significant,Emerging
NGP_CELL_025,2022,21.16232,79.09767,Ward 6 (Satranjipura),31.18,-0.52,0.132,0.349,-0.42,0.148,Built-up,0.86,72.2,147.91,309.5,4032.9,2532.0,204.7,86.8,Hot Spot,Persistent
NGP_CELL_025,2023,21.16232,79.09767,Ward 6 (Satranjipura),23.16,-3.85,0.336,-0.145,-0.574,0.168,Tree,0.72,23.57,98.88,309.5,4032.9,2532.0,204.7,90.1,Not Significant,Emerging
NGP_CELL_025,2024,21.16232,79.09767,Ward 6 (Satranjipura),28.98,-0.79,0.145,0.209,-0.336,0.153,Built-up,0.74,59.45,94.23,309.5,4032.9,2532.0,204.7,88.3,Not Significant,Diminishing
NGP_CELL_026,2019,21.12879,79.0049,Ward 3 (Dharampeth),25.28,-3.36,0.332,-0.02,-0.347,0.139,Bare,0.94,35.83,98.23,313.2,4396.1,1717.5,414.9,92.7,Cold Spot,Persistent
NGP_CELL_026,2020,21.12879,79.0049,Ward 3 (Dharampeth),27.81,-2.72,0.262,-0.064,-0.498,0.116,Bare,0.82,42.22,196.7,313.2,4396.1,1717.5,414.9,92.1,Cold Spot,Persistent
NGP_CELL_026,2021,21.12879,79.0049,Ward 3 (Dharampeth),27.0,-3.18,0.372,-0.114,-0.393,0.081,Tree,0.85,34.44,89.43,313.2,4396.1,1717.5,414.9,93.6,Not Significant,Persistent
NGP_CELL_026,2022,21.12879,79.0049,Ward 3 (Dharampeth),30.82,-0.69,0.169,0.326,-0.25,0.184,Built-up,0.69,72.48,52.78,313.2,4396.1,1717.5,414.9,95.5,Not Significant,Persistent
NGP_CELL_026,2023,21.12879,79.0049,Ward 3 (Dharampeth),23.94,-3.46,0.302,-0.086,-0.27,0.176,Grass,0.89,35.22,113.79,313.2,4396.1,1717.5,414.9,88.9,Cold Spot,Emerging
NGP_CELL_026,2024,21.12879,79.0049,Ward 3 (Dharampeth),27.2,-1.68,0.286,0.163,-0.3,0.129,Built-up,0.77,57.91,112.78,313.2,4396.1,1717.5,414.9,86.2,Cold Spot,Sporadic
NGP_CELL_027,2019,21.15029,79.1018,Ward 2 (Ashinagar),22.7,-4.65,0.349,-0.132,-0.272,0.149,Bare,0.82,16.94,50.93,315.5,2997.5,1509.0,112.8,86.3,Cold Spot,Sporadic
NGP_CELL_027,2020,21.15029,79.1018,Ward 2 (Ashinagar),32.66,-0.3,0.222,0.272,-0.438,0.13,Built-up,0.67,60.13,110.89,315.5,2997.5,1509.0,112.8,93.1,Not Significant,Emerging
NGP_CELL_027,2021,21.15029,79.1018,Ward 2 (Ashinagar),25.79,-3.79,0.283,-0.219,-0.452,0.083,Bare,0.68,27.88,111.97,315.5,2997.5,1509.0,112.8,92.7,Cold Spot,Emerging
NGP_CELL_027,2022,21.15029,79.1018,Ward 2 (Ashinagar),21.5,-5.36,0.486,-0.197,-0.283,0.14,Crop,0.78,22.54,202.51,315.5,2997.5,1509.0,112.8,86.5,Not Significant,Emerging
NGP_CELL_027,2023,21.15029,79.1018,Ward 2 (Ashinagar),28.33,-1.27,0.048,0.26,-0.209,0.189,Built-up,0.71,71.47,131.27,315.5,2997.5,1509.0,112.8,89.7,Hot Spot,Persistent
NGP_CELL_027,2024,21.15029,79.1018,Ward 2 (Ashinagar),23.83,-3.37,0.224,-0.038,-0.565,0.141,Crop,0.8,35.34,107.92,315.5,2997.5,1509.0,112.8,87.3,Cold Spot,Sporadic
NGP_CELL_028,2019,21.16603,79.14702,Ward 9 (Nehru Nagar),26.01,-2.99,0.364,0.058,-0.377,0.115,Tree,0.76,36.43,66.68,302.1,2713.1,2286.9,667.3,91.7,Not Significant,Persistent
NGP_CELL_028,2020,21.16603,79.14702,Ward 9 (Nehru Nagar),27.13,-3.07,0.369,-0.04,-0.584,0.128,Crop,0.85,38.09,184.2,302.1,2713.1,2286.9,667.3,93.1,Cold Spot,Sporadic
NGP_CELL_028,2021,21.16603,79.14702,Ward 9 (Nehru Nagar),31.63,-0.86,0.087,0.234,-0.282,0.156,Built-up,0.69,70.9,130.45,302.1,2713.1,2286.9,667.3,99.7,Not Significant,Sporadic
NGP_CELL_028,2022,21.16603,79.14702,Ward 9 (Nehru Nagar),27.38,-2.41,0.264,0.119,-0.403,0.195,Built-up,0.9,51.7,81.1,302.1,2713.1,2286.9,667.3,98.0,Not Significant,Persistent
NGP_CELL_028,2023,21.16603,79.14702,Ward 9 (Nehru Nagar),30.48,-0.19,0.214,0.399,-0.424,0.23,Built-up,0.72,72.83,154.18,302.1,2713.1,2286.9,667.3,92.7,Not Significant,Sporadic
NGP_CELL_028,2024,21.16603,79.14702,Ward 9 (Nehru Nagar),22.9,-3.83,0.424,-0.195,-0.278,0.108,Bare,0.69,23.3,175.47,302.1,2713.1,2286.9,667.3,88.2,Not Significant,Persistent
NGP_CELL_029,2019,21.19967,79.10152,Ward 1 (Lakadganj),31.4,-0.3,-0.057,0.157,0.68,0.09,Water,0.92,47.97,21.02,283.6,21.6,137.3,274.7,89.2,Not Significant,Persistent
NGP_CELL_029,2020,21.19967,79.10152,Ward 1 (Lakadganj),28.16,-2.55,-0.298,-0.17,0.748,0.148,Water,0.88,31.02,139.24,283.6,21.6,137.3,274.7,86.7,Not Significant,Persistent
NGP_CELL_029,2021,21.19967,79.10152,Ward 1 (Lakadganj),30.44,-1.46,-0.041,-0.004,0.517,0.095,Water,0.72,41.57,159.82,283.6,21.6,137.3,274.7,93.2,Cold Spot,Persistent
NGP_CELL_029,2022,21.19967,79.10152,Ward 1 (Lakadganj),27.28,-2.47,-0.04,-0.113,0.729,0.135,Water,0.89,29.62,166.11,283.6,21.6,137.3,274.7,94.6,Not Significant,Persistent
NGP_CELL_029,2023,21.19967,79.10152,Ward 1 (Lakadganj),25.75,-2.56,-0.025,-0.039,0.561,0.096,Water,0.69,31.72,93.71,283.6,21.6,137.3,274.7,91.0,Cold Spot,Persistent
NGP_CELL_029,2024,21.19967,79.10152,Ward 1 (Lakadganj),30.14,-0.21,0.143,0.295,-0.224,0.131,Built-up,0.84,72.71,163.7,283.6,21.6,137.3,274.7,99.0,Not Significant,Persistent
NGP_CELL_030,2019,21.13475,79.12998,Ward 4 (Hanuman Nagar),26.83,-2.59,0.31,-0.033,-0.598,0.097,Crop,0.78,32.64,36.07,311.6,4460.4,1304.3,728.1,99.5,Not Significant,Sporadic
NGP_CELL_030,2020,21.13475,79.12998,Ward 4 (Hanuman Nagar),30.0,-1.63,0.32,0.112,-0.217,0.185,Built-up,0.86,54.05,45.66,311.6,4460.4,1304.3,728.1,91.5,Not Significant,Persistent
NGP_CELL_030,2021,21.13475,79.12998,Ward 4 (Hanuman Nagar),26.77,-3.29,0.248,-0.094,-0.337,0.127,Crop,0.92,36.34,42.63,311.6,4460.4,1304.3,728.1,95.2,Not Significant,Persistent
NGP_CELL_030,2022,21.13475,79.12998,Ward 4 (Hanuman Nagar),24.62,-3.8,0.322,-0.19,-0.244,0.109,Bare,0.78,27.06,164.63,311.6,4460.4,1304.3,728.1,90.5,Cold Spot,Persistent
NGP_CELL_030,2023,21.13475,79.12998,Ward 4 (Hanuman Nagar),25.79,-2.54,0.355,0.007,-0.435,0.129,Crop,0.76,48.16,178.74,311.6,4460.4,1304.3,728.1,93.9,Hot Spot,Persistent
NGP_CELL_030,2024,21.13475,79.12998,Ward 4 (Hanuman Nagar),29.34,-0.61,0.042,0.41,-0.21,0.136,Built-up,0.91,80.6,161.31,311.6,4460.4,1304.3,728.1,85.3,Not Significant,Sporadic
NGP_CELL_031,2019,21.06803,79.03984,Ward 5 (Dhantoli),27.58,-2.21,0.269,0.108,-0.358,0.109,Grass,0.87,44.24,139.34,293.7,3697.7,673.7,514.2,98.5,Not Significant,Sporadic
NGP_CELL_031,2020,21.06803,79.03984,Ward 5 (Dhantoli),28.51,-2.38,0.309,0.092,-0.34,0.144,Crop,0.98,48.62,36.78,293.7,3697.7,673.7,514.2,93.4,Not Significant,Persistent
NGP_CELL_031,2021,21.06803,79.03984,Ward 5 (Dhantoli),31.94,-0.71,0.248,0.289,-0.389,0.238,Built-up,0.75,59.26,195.46,293.7,3697.7,673.7,514.2,97.1,Not Significant,Persistent
NGP_CELL_031,2022,21.06803,79.03984,Ward 5 (Dhantoli),29.41,-1.4,0.107,0.213,-0.508,0.126,Built-up,0.88,61.35,49.33,293.7,3697.7,673.7,514.2,91.2,Not Significant,Diminishing
NGP_CELL_031,2023,21.06803,79.03984,Ward 5 (Dhantoli),25.56,-2.65,0.257,0.003,-0.417,0.136,Grass,0.9,46.64,216.12,293.7,3697.7,673.7,514.2,98.5,Not Significant,Persistent
NGP_CELL_031,2024,21.06803,79.03984,Ward 5 (Dhantoli),32.27,0.85,0.06,0.426,-0.437,0.244,Built-up,0.69,82.61,120.31,293.7,3697.7,673.7,514.2,92.8,Cold Spot,Persistent
NGP_CELL_032,2019,21.18791,79.02641,Ward 6 (Satranjipura),30.07,-0.97,0.126,0.177,-0.409,0.213,Built-up,0.97,64.47,192.82,304.9,4906.1,574.4,634.5,95.0,Cold Spot,Emerging
NGP_CELL_032,2020,21.18791,79.02641,Ward 6 (Satranjipura),29.23,-2.02,0.121,0.134,-0.346,0.149,Built-up,0.77,58.79,24.23,304.9,4906.1,574.4,634.5,89.8,Not Significant,Diminishing
NGP_CELL_032,2021,21.18791,79.02641,Ward 6 (Satranjipura),23.48,-4.94,0.441,-0.217,-0.232,0.179,Bare,0.69,20.3,35.02,304.9,4906.1,574.4,634.5,96.3,Not Significant,Sporadic
NGP_CELL_032,2022,21.18791,79.02641,Ward 6 (Satranjipura),27.24,-2.49,0.274,0.14,-0.504,0.145,Built-up,0.84,50.84,172.28,304.9,4906.1,574.4,634.5,98.8,Cold Spot,Emerging
NGP_CELL_032,2023,21.18791,79.02641,Ward 6 (Satranjipura),25.52,-2.67,0.271,-0.106,-0.425,0.138,Grass,0.74,27.72,38.69,304.9,4906.1,574.4,634.5,89.2,Cold Spot,Sporadic
NGP_CELL_032,2024,21.18791,79.02641,Ward 6 (Satranjipura),30.98,0.21,0.075,0.393,-0.364,0.144,Built-up,0.81,85.18,128.91,304.9,4906.1,574.4,634.5,90.0,Not Significant,Persistent
NGP_CELL_033,2019,21.06067,79.01035,Ward 3 (Dharampeth),24.84,-3.58,0.343,-0.144,-0.43,0.084,Tree,0.94,29.93,158.8,300.3,2053.0,2433.6,669.0,85.0,Not Significant,Emerging
NGP_CELL_033,2020,21.06067,79.01035,Ward 3 (Dharampeth),24.12,-4.57,0.514,-0.182,-0.213,0.102,Crop,0.73,17.2,64.53,300.3,2053.0,2433.6,669.0,94.9,Not Significant,Sporadic
NGP_CELL_033,2021,21.06067,79.01035,Ward 3 (Dharampeth),28.1,-2.63,0.33,0.072,-0.277,0.178,Grass,0.71,39.18,91.1,300.3,2053.0,2433.6,669.0,93.9,Not Significant,Persistent
NGP_CELL_033,2022,21.06067,79.01035,Ward 3 (Dharampeth),28.95,-1.63,0.149,0.029,-0.494,0.198,Built-up,0.84,52.05,70.17,300.3,2053.0,2433.6,669.0,89.4,Not Significant,Diminishing
NGP_CELL_033,2023,21.06067,79.01035,Ward 3 (Dharampeth),24.96,-2.95,0.329,-0.094,-0.415,0.172,Grass,0.92,26.32,128.46,300.3,2053.0,2433.6,669.0,97.9,Cold Spot,Sporadic
NGP_CELL_033,2024,21.06067,79.01035,Ward 3 (Dharampeth),25.0,-2.78,0.295,-0.069,-0.221,0.13,Grass,0.88,31.89,119.77,300.3,2053.0,2433.6,669.0,90.7,Cold Spot,Diminishing
NGP_CELL_034,2019,21.16017,79.05765,Ward 3 (Dharampeth),28.79,-1.61,0.19,0.214,-0.428,0.16,Built-up,0.88,60.6,120.62,311.3,630.7,2393.7,493.5,99.4,Not Significant,Sporadic
NGP_CELL_034,2020,21.16017,79.05765,Ward 3 (Dharampeth),26.19,-3.53,0.301,-0.127,-0.572,0.111,Bare,0.75,27.24,171.65,311.3,630.7,2393.7,493.5,99.0,Not Significant,Sporadic
NGP_CELL_034,2021,21.16017,79.05765,Ward 3 (Dharampeth),29.44,-1.96,0.266,0.05,-0.435,0.242,Built-up,0.66,51.16,55.55,311.3,630.7,2393.7,493.5,94.1,Cold Spot,Persistent
NGP_CELL_034,2022,21.16017,79.05765,Ward 3 (Dharampeth),24.98,-3.62,0.298,-0.133,-0.307,0.092,Tree,0.78,21.04,149.26,311.3,630.7,2393.7,493.5,96.7,Not Significant,Emerging
NGP_CELL_034,2023,21.16017,79.05765,Ward 3 (Dharampeth),31.91,0.52,0.123,0.469,-0.559,0.191,Built-up,0.65,77.32,219.38,311.3,630.7,2393.7,493.5,87.8,Not Significant,Persistent
NGP_CELL_034,2024,21.16017,79.05765,Ward 3 (Dharampeth),26.93,-1.82,0.254,0.111,-0.542,0.14,Bare,0.86,47.29,154.49,311.3,630.7,2393.7,493.5,87.6,Not Significant,Persistent
NGP_CELL_035,2019,21.11456,79.10437,Ward 3 (Dharampeth),30.25,-0.87,0.198,0.233,-0.361,0.233,Built-up,0.85,67.9,141.68,304.9,3246.0,805.9,14.1,88.0,Not Significant,Diminishing
NGP_CELL_035,2020,21.11456,79.10437,Ward 3 (Dharampeth),30.97,-1.14,0.245,0.222,-0.44,0.229,Built-up,0.73,53.03,28.27,304.9,3246.0,805.9,14.1,87.8,Not Significant,Sporadic
NGP_CELL_035,2021,21.11456,79.10437,Ward 3 (Dharampeth),24.07,-4.65,0.422,-0.267,-0.426,0.152,Bare,0.95,18.16,103.16,304.9,3246.0,805.9,14.1,94.2,Not Significant,Persistent
NGP_CELL_035,2022,21.11456,79.10437,Ward 3 (Dharampeth),27.97,-2.12,0.314,0.116,-0.514,0.155,Built-up,0.89,56.67,77.66,304.9,3246.0,805.9,14.1,88.7,Cold Spot,Persistent
NGP_CELL_035,2023,21.11456,79.10437,Ward 3 (Dharampeth),28.98,-0.94,0.106,0.313,-0.271,0.241,Built-up,0.96,65.24,151.06,304.9,3246.0,805.9,14.1,94.3,Not Significant,Diminishing
NGP_CELL_035,2024,21.11456,79.10437,Ward 3 (Dharampeth),25.74,-2.41,0.31,0.047,-0.242,0.147,Crop,0.83,47.31,124.42,304.9,3246.0,805.9,14.1,96.8,Not Significant,Emerging
NGP_CELL_036,2019,21.08726,79.10582,Ward 10 (Sanjay Gandhi Nagar),26.42,-2.79,0.343,-0.054,-0.589,0.101,Tree,0.84,35.16,161.32,300.0,2679.8,437.4,627.6,85.2,Not Significant,Sporadic
NGP_CELL_036,2020,21.08726,79.10582,Ward 10 (Sanjay Gandhi Nagar),24.15,-4.56,0.338,-0.218,-0.278,0.081,Bare,0.89,19.26,169.23,300.0,2679.8,437.4,627.6,98.9,Not Significant,Emerging
NGP_CELL_036,2021,21.08726,79.10582,Ward 10 (Sanjay Gandhi Nagar),26.94,-3.21,0.279,-0.025,-0.347,0.117,Grass,0.72,31.75,48.27,300.0,2679.8,437.4,627.6,89.8,Not Significant,Persistent
NGP_CELL_036,2022,21.08726,79.10582,Ward 10 (Sanjay Gandhi Nagar),29.6,-1.3,0.202,0.251,-0.434,0.122,Built-up,0.94,65.87,134.19,300.0,2679.8,437.4,627.6,89.4,Not Significant,Persistent
NGP_CELL_036,2023,21.08726,79.10582,Ward 10 (Sanjay Gandhi Nagar),27.34,-1.76,0.118,0.226,-0.284,0.159,Built-up,0.89,61.93,126.4,300.0,2679.8,437.4,627.6,91.2,Not Significant,Sporadic
NGP_CELL_036,2024,21.08726,79.10582,Ward 10 (Sanjay Gandhi Nagar),23.37,-3.6,0.408,-0.133,-0.493,0.114,Tree,0.75,31.81,138.34,300.0,2679.8,437.4,627.6,96.2,Not Significant,Sporadic
NGP_CELL_037,2019,21.11221,79.11308,Ward 1 (Lakadganj),24.89,-3.55,0.279,-0.076,-0.465,0.094,Crop,0.69,40.01,176.69,301.6,3485.2,2107.9,139.0,90.9,Not Significant,Persistent
NGP_CELL_037,2020,21.11221,79.11308,Ward 1 (Lakadganj),29.05,-2.11,0.274,0.053,-0.325,0.105,Tree,0.81,42.73,30.02,301.6,3485.2,2107.9,139.0,85.1,Not Significant,Emerging
NGP_CELL_037,2021,21.11221,79.11308,Ward 1 (Lakadganj),31.9,-0.73,0.106,0.261,-0.527,0.231,Built-up,0.76,67.1,181.62,301.6,3485.2,2107.9,139.0,86.1,Not Significant,Sporadic
NGP_CELL_037,2022,21.11221,79.11308,Ward 1 (Lakadganj),32.89,0.34,0.147,0.383,-0.573,0.204,Built-up,0.78,68.94,53.85,301.6,3485.2,2107.9,139.0,86.1,Not Significant,Sporadic
NGP_CELL_037,2023,21.11221,79.11308,Ward 1 (Lakadganj),28.06,-1.4,0.27,0.094,-0.573,0.168,Built-up,0.72,51.97,136.34,301.6,3485.2,2107.9,139.0,94.9,Not Significant,Persistent
NGP_CELL_037,2024,21.11221,79.11308,Ward 1 (Lakadganj),23.55,-3.51,0.3,-0.107,-0.293,0.138,Grass,0.91,37.99,117.28,301.6,3485.2,2107.9,139.0,96.7,Not Significant,Sporadic
NGP_CELL_038,2019,21.1277,79.02105,Ward 5 (Dhantoli),25.69,-3.15,0.291,-0.021,-0.383,0.156,Bare,0.79,30.82,48.56,288.3,3569.0,1162.9,530.7,95.7,Cold Spot,Emerging
NGP_CELL_038,2020,21.1277,79.02105,Ward 5 (Dhantoli),24.33,-4.47,0.369,-0.144,-0.547,0.124,Bare,0.9,23.92,182.28,288.3,3569.0,1162.9,530.7,91.8,Not Significant,Persistent
NGP_CELL_038,2021,21.1277,79.02105,Ward 5 (Dhantoli),29.78,-1.79,0.194,0.074,-0.489,0.145,Tree,0.82,48.16,147.6,288.3,3569.0,1162.9,530.7,91.9,Not Significant,Diminishing
NGP_CELL_038,2022,21.1277,79.02105,Ward 5 (Dhantoli),30.49,-0.86,0.216,0.245,-0.245,0.227,Built-up,0.8,66.15,57.02,288.3,3569.0,1162.9,530.7,94.5,Not Significant,Diminishing
NGP_CELL_038,2023,21.1277,79.02105,Ward 5 (Dhantoli),26.35,-2.26,0.37,0.071,-0.275,0.151,Crop,0.87,42.15,138.23,288.3,3569.0,1162.9,530.7,85.1,Not Significant,Emerging
NGP_CELL_038,2024,21.1277,79.02105,Ward 5 (Dhantoli),24.11,-3.22,0.407,-0.104,-0.475,0.082,Grass,0.78,38.01,229.76,288.3,3569.0,1162.9,530.7,85.3,Not Significant,Diminishing
NGP_CELL_039,2019,21.09634,79.0199,Ward 10 (Sanjay Gandhi Nagar),27.46,-2.27,0.33,0.068,-0.229,0.173,Bare,0.78,44.86,156.21,302.5,3126.8,2594.0,470.4,88.2,Not Significant,Sporadic
NGP_CELL_039,2020,21.09634,79.0199,Ward 10 (Sanjay Gandhi Nagar),28.25,-2.51,0.247,0.159,-0.329,0.169,Built-up,0.67,52.38,154.28,302.5,3126.8,2594.0,470.4,99.1,Cold Spot,Emerging
NGP_CELL_039,2021,21.09634,79.0199,Ward 10 (Sanjay Gandhi Nagar),32.39,-0.49,0.185,0.196,-0.528,0.212,Built-up,0.7,57.64,144.06,302.5,3126.8,2594.0,470.4,97.6,Cold Spot,Persistent
NGP_CELL_039,2022,21.09634,79.0199,Ward 10 (Sanjay Gandhi Nagar),30.49,-0.86,0.082,0.26,-0.405,0.172,Built-up,0.91,65.23,167.02,302.5,3126.8,2594.0,470.4,87.3,Not Significant,Persistent
NGP_CELL_039,2023,21.09634,79.0199,Ward 10 (Sanjay Gandhi Nagar),29.07,-0.9,0.212,0.347,-0.566,0.199,Built-up,0.67,76.28,143.23,302.5,3126.8,2594.0,470.4,97.9,Not Significant,Persistent
NGP_CELL_039,2024,21.09634,79.0199,Ward 10 (Sanjay Gandhi Nagar),29.67,-0.45,0.103,0.26,-0.211,0.18,Built-up,0.66,63.54,204.39,302.5,3126.8,2594.0,470.4,97.7,Hot Spot,Persistent
NGP_CELL_040,2019,21.06005,79.1463,Ward 1 (Lakadganj),28.11,-1.94,0.125,0.089,-0.425,0.189,Built-up,0.67,57.36,50.26,306.8,4460.5,921.6,442.4,94.5,Cold Spot,Persistent
NGP_CELL_040,2020,21.06005,79.1463,Ward 1 (Lakadganj),31.15,-1.06,0.258,0.297,-0.289,0.13,Built-up,0.97,61.69,87.48,306.8,4460.5,921.6,442.4,99.8,Not Significant,Persistent
NGP_CELL_040,2021,21.06005,79.1463,Ward 1 (Lakadganj),31.54,-0.91,0.114,0.221,-0.475,0.12,Built-up,0.81,66.0,136.97,306.8,4460.5,921.6,442.4,91.6,Not Significant,Persistent
NGP_CELL_040,2022,21.06005,79.1463,Ward 1 (Lakadganj),30.53,-0.84,0.198,0.283,-0.334,0.146,Built-up,0.76,58.45,94.92,306.8,4460.5,921.6,442.4,85.7,Hot Spot,Emerging
NGP_CELL_040,2023,21.06005,79.1463,Ward 1 (Lakadganj),30.35,-0.26,0.113,0.324,-0.325,0.206,Built-up,0.81,71.19,43.39,306.8,4460.5,921.6,442.4,86.8,Not Significant,Persistent
NGP_CELL_040,2024,21.06005,79.1463,Ward 1 (Lakadganj),27.93,-1.32,0.156,0.196,-0.252,0.172,Built-up,0.82,59.38,214.71,306.8,4460.5,921.6,442.4,99.6,Not Significant,Diminishing
NGP_CELL_041,2019,21.09191,79.01975,Ward 8 (Gandhibagh),28.77,-1.62,0.274,0.17,-0.281,0.168,Built-up,0.84,59.54,186.88,287.4,1400.4,660.0,147.9,97.7,Not Significant,Persistent
NGP_CELL_041,2020,21.09191,79.01975,Ward 8 (Gandhibagh),27.4,-2.93,0.287,0.02,-0.252,0.223,Built-up,0.73,52.03,66.52,287.4,1400.4,660.0,147.9,94.4,Not Significant,Persistent
NGP_CELL_041,2021,21.09191,79.01975,Ward 8 (Gandhibagh),25.4,-3.98,0.334,-0.042,-0.505,0.171,Grass,0.66,41.61,46.71,287.4,1400.4,660.0,147.9,96.4,Cold Spot,Persistent
NGP_CELL_041,2022,21.09191,79.01975,Ward 8 (Gandhibagh),24.16,-4.02,0.345,-0.052,-0.518,0.114,Crop,0.92,44.17,219.77,287.4,1400.4,660.0,147.9,92.7,Not Significant,Sporadic
NGP_CELL_041,2023,21.09191,79.01975,Ward 8 (Gandhibagh),26.41,-2.23,0.259,0.174,-0.536,0.123,Built-up,0.83,50.61,37.88,287.4,1400.4,660.0,147.9,85.7,Not Significant,Persistent
NGP_CELL_041,2024,21.09191,79.01975,Ward 8 (Gandhibagh),27.59,-1.48,0.243,0.207,-0.55,0.22,Built-up,0.91,55.71,72.62,287.4,1400.4,660.0,147.9,88.6,Not Significant,Emerging
NGP_CELL_042,2019,21.18937,79.0581,Ward 2 (Ashinagar),25.68,-3.16,0.338,-0.111,-0.339,0.099,Tree,0.66,26.97,72.65,292.7,3749.6,1296.2,71.9,94.0,Not Significant,Persistent
NGP_CELL_042,2020,21.18937,79.0581,Ward 2 (Ashinagar),30.15,-1.56,0.197,0.255,-0.282,0.156,Built-up,0.83,66.8,108.08,292.7,3749.6,1296.2,71.9,87.1,Not Significant,Sporadic
NGP_CELL_042,2021,21.18937,79.0581,Ward 2 (Ashinagar),23.63,-4.87,0.444,-0.234,-0.504,0.151,Grass,0.8,23.29,133.2,292.7,3749.6,1296.2,71.9,91.7,Not Significant,Persistent
NGP_CELL_042,2022,21.18937,79.0581,Ward 2 (Ashinagar),20.78,-5.72,0.472,-0.339,-0.223,0.158,Tree,0.71,13.84,200.51,292.7,3749.6,1296.2,71.9,91.9,Not Significant,Persistent
NGP_CELL_042,2023,21.18937,79.0581,Ward 2 (Ashinagar),28.3,-1.28,0.204,0.194,-0.424,0.215,Built-up,0.75,67.3,110.4,292.7,3749.6,1296.2,71.9,97.9,Not Significant,Persistent
NGP_CELL_042,2024,21.18937,79.0581,Ward 2 (Ashinagar),26.74,-1.91,0.244,0.076,-0.444,0.116,Tree,0.89,45.9,181.28,292.7,3749.6,1296.2,71.9,85.7,Cold Spot,Persistent
NGP_CELL_043,2019,21.13721,79.01588,Ward 3 (Dharampeth),24.16,-3.92,0.359,-0.18,-0.208,0.101,Tree,0.84,29.61,168.78,302.7,3288.6,2695.7,320.8,96.1,Cold Spot,Emerging
NGP_CELL_043,2020,21.13721,79.01588,Ward 3 (Dharampeth),29.17,-2.05,0.22,0.129,-0.496,0.177,Tree,0.96,43.25,56.46,302.7,3288.6,2695.7,320.8,91.5,Cold Spot,Persistent
NGP_CELL_043,2021,21.13721,79.01588,Ward 3 (Dharampeth),22.87,-5.25,0.388,-0.235,-0.271,0.162,Bare,0.73,19.32,109.15,302.7,3288.6,2695.7,320.8,90.4,Not Significant,Persistent
NGP_CELL_043,2022,21.13721,79.01588,Ward 3 (Dharampeth),25.08,-3.56,0.392,-0.075,-0.271,0.118,Grass,0.72,26.31,118.68,302.7,3288.6,2695.7,320.8,91.9,Cold Spot,Sporadic
NGP_CELL_043,2023,21.13721,79.01588,Ward 3 (Dharampeth),24.73,-3.07,0.357,-0.145,-0.337,0.177,Tree,0.81,32.32,163.85,302.7,3288.6,2695.7,320.8,86.0,Not Significant,Persistent
NGP_CELL_043,2024,21.13721,79.01588,Ward 3 (Dharampeth),29.03,-0.77,0.161,0.239,-0.267,0.226,Built-up,0.77,65.84,151.42,302.7,3288.6,2695.7,320.8,94.2,Not Significant,Persistent
NGP_CELL_044,2019,21.06588,79.05323,Ward 6 (Satranjipura),24.53,-3.73,0.32,-0.18,-0.507,0.13,Crop,0.71,20.91,168.91,307.0,3294.2,215.0,317.4,99.0,Not Significant,Emerging
NGP_CELL_044,2020,21.06588,79.05323,Ward 6 (Satranjipura),30.02,-1.62,0.204,0.165,-0.541,0.163,Bare,0.79,50.0,160.62,307.0,3294.2,215.0,317.4,93.1,Not Significant,Persistent
NGP_CELL_044,2021,21.06588,79.05323,Ward 6 (Satranjipura),29.09,-2.14,0.337,0.017,-0.47,0.084,Crop,0.82,40.23,79.34,307.0,3294.2,215.0,317.4,90.2,Not Significant,Sporadic
NGP_CELL_044,2022,21.06588,79.05323,Ward 6 (Satranjipura),30.78,-0.72,0.228,0.355,-0.336,0.209,Built-up,0.98,73.41,171.78,307.0,3294.2,215.0,317.4,86.8,Not Significant,Persistent
NGP_CELL_044,2023,21.06588,79.05323,Ward 6 (Satranjipura),25.6,-2.63,0.298,0.075,-0.433,0.218,Built-up,0.79,54.04,96.41,307.0,3294.2,215.0,317.4,85.2,Not Significant,Emerging
NGP_CELL_044,2024,21.06588,79.05323,Ward 6 (Satranjipura),23.8,-3.38,0.412,-0.043,-0.229,0.122,Grass,0.69,28.29,59.32,307.0,3294.2,215.0,317.4,85.8,Cold Spot,Emerging
NGP_CELL_045,2019,21.10893,79.0043,Ward 10 (Sanjay Gandhi Nagar),27.29,-2.35,0.234,0.132,-0.299,0.137,Built-up,0.67,51.86,121.92,317.9,3910.3,944.6,199.8,86.4,Not Significant,Persistent
NGP_CELL_045,2020,21.10893,79.0043,Ward 10 (Sanjay Gandhi Nagar),25.53,-3.87,0.464,-0.122,-0.485,0.108,Tree,0.71,25.26,69.22,317.9,3910.3,944.6,199.8,90.0,Not Significant,Sporadic
NGP_CELL_045,2021,21.10893,79.0043,Ward 10 (Sanjay Gandhi Nagar),31.41,-0.98,0.247,0.161,-0.481,0.238,Built-up,0.83,61.91,119.52,317.9,3910.3,944.6,199.8,90.2,Not Significant,Persistent
NGP_CELL_045,2022,21.10893,79.0043,Ward 10 (Sanjay Gandhi Nagar),25.74,-3.23,0.251,-0.124,-0.465,0.111,Grass,0.73,30.72,137.35,317.9,3910.3,944.6,199.8,86.8,Cold Spot,Emerging
NGP_CELL_045,2023,21.10893,79.0043,Ward 10 (Sanjay Gandhi Nagar),30.46,-0.2,0.211,0.391,-0.386,0.131,Built-up,0.68,75.99,66.49,317.9,3910.3,944.6,199.8,92.6,Hot Spot,Persistent
NGP_CELL_045,2024,21.10893,79.0043,Ward 10 (Sanjay Gandhi Nagar),25.59,-2.49,0.275,0.065,-0.352,0.147,Grass,0.9,47.53,140.41,317.9,3910.3,944.6,199.8,92.5,Not Significant,Persistent
NGP_CELL_046,2019,21.11444,79.04184,Ward 7 (Mangalwari),26.92,-2.54,0.288,-0.015,-0.576,0.109,Bare,0.91,38.26,55.1,284.0,3019.9,1573.2,204.4,89.9,Not Significant,Emerging
NGP_CELL_046,2020,21.11444,79.04184,Ward 7 (Mangalwari),25.72,-3.77,0.261,-0.183,-0.362,0.121,Bare,0.69,28.02,60.95,284.0,3019.9,1573.2,204.4,86.9,Cold Spot,Emerging
NGP_CELL_046,2021,21.11444,79.04184,Ward 7 (Mangalwari),32.77,-0.3,0.128,0.253,-0.347,0.225,Built-up,0.87,65.46,120.22,284.0,3019.9,1573.2,204.4,93.9,Cold Spot,Persistent
NGP_CELL_046,2022,21.11444,79.04184,Ward 7 (Mangalwari),26.83,-2.69,0.371,0.067,-0.203,0.153,Grass,0.93,39.69,179.46,284.0,3019.9,1573.2,204.4,96.8,Not Significant,Emerging
NGP_CELL_046,2023,21.11444,79.04184,Ward 7 (Mangalwari),25.88,-2.49,0.371,0.11,-0.47,0.093,Tree,0.9,42.52,152.56,284.0,3019.9,1573.2,204.4,95.3,Not Significant,Sporadic
NGP_CELL_046,2024,21.11444,79.04184,Ward 7 (Mangalwari),23.53,-3.52,0.414,-0.076,-0.342,0.109,Crop,0.81,24.54,204.15,284.0,3019.9,1573.2,204.4,89.5,Not Significant,Persistent
NGP_CELL_047,2019,21.09841,79.08315,Ward 6 (Satranjipura),29.16,-1.42,0.083,0.184,-0.444,0.182,Built-up,0.87,63.93,166.21,283.7,4078.2,2683.7,659.2,86.0,Not Significant,Persistent
NGP_CELL_047,2020,21.09841,79.08315,Ward 6 (Satranjipura),26.27,-3.5,0.303,-0.111,-0.305,0.147,Grass,0.85,31.63,82.23,283.7,4078.2,2683.7,659.2,86.8,Not Significant,Persistent
NGP_CELL_047,2021,21.09841,79.08315,Ward 6 (Satranjipura),31.48,-0.94,0.151,0.282,-0.477,0.184,Built-up,0.91,62.8,204.15,283.7,4078.2,2683.7,659.2,88.4,Not Significant,Emerging
NGP_CELL_047,2022,21.09841,79.08315,Ward 6 (Satranjipura),26.62,-2.8,0.242,-0.079,-0.573,0.085,Bare,0.92,32.62,89.9,283.7,4078.2,2683.7,659.2,89.4,Not Significant,Emerging
NGP_CELL_047,2023,21.09841,79.08315,Ward 6 (Satranjipura),24.63,-3.12,0.316,-0.122,-0.243,0.087,Tree,0.97,35.1,151.42,283.7,4078.2,2683.7,659.2,90.1,Not Significant,Emerging
NGP_CELL_047,2024,21.09841,79.08315,Ward 6 (Satranjipura),31.19,0.31,0.043,0.354,-0.228,0.208,Built-up,0.75,72.8,230.53,283.7,4078.2,2683.7,659.2,89.6,Not Significant,Emerging
NGP_CELL_048,2019,21.1685,79.0477,Ward 9 (Nehru Nagar),23.53,-4.24,0.478,-0.126,-0.434,0.119,Crop,0.78,19.72,199.59,295.1,319.6,1021.2,405.7,94.7,Cold Spot,Sporadic
NGP_CELL_048,2020,21.1685,79.0477,Ward 9 (Nehru Nagar),33.88,0.31,0.133,0.31,-0.439,0.164,Built-up,0.81,69.38,194.73,295.1,319.6,1021.2,405.7,86.9,Not Significant,Persistent
NGP_CELL_048,2021,21.1685,79.0477,Ward 9 (Nehru Nagar),30.28,-1.54,0.139,0.189,-0.462,0.224,Built-up,0.85,57.31,41.17,295.1,319.6,1021.2,405.7,93.5,Not Significant,Persistent
NGP_CELL_048,2022,21.1685,79.0477,Ward 9 (Nehru Nagar),26.68,-2.77,0.252,-0.028,-0.365,0.163,Crop,0.68,32.07,61.05,295.1,319.6,1021.2,405.7,86.2,Not Significant,Emerging
NGP_CELL_048,2023,21.1685,79.0477,Ward 9 (Nehru Nagar),31.59,0.36,0.059,0.425,-0.529,0.214,Built-up,0.69,73.12,100.45,295.1,319.6,1021.2,405.7,92.7,Not Significant,Sporadic
NGP_CELL_048,2024,21.1685,79.0477,Ward 9 (Nehru Nagar),27.43,-1.57,0.091,0.143,-0.274,0.156,Built-up,0.66,62.55,204.26,295.1,319.6,1021.2,405.7,87.0,Not Significant,Emerging
NGP_CELL_049,2019,21.10714,79.00818,Ward 3 (Dharampeth),26.44,-2.78,0.199,0.115,-0.513,0.242,Built-up,0.74,60.12,99.41,287.6,2302.1,2257.6,724.6,85.2,Cold Spot,Sporadic
NGP_CELL_049,2020,21.10714,79.00818,Ward 3 (Dharampeth),24.98,-4.14,0.324,-0.121,-0.487,0.164,Tree,0.92,22.12,27.45,287.6,2302.1,2257.6,724.6,93.1,Cold Spot,Emerging
NGP_CELL_049,2021,21.10714,79.00818,Ward 3 (Dharampeth),25.38,-3.99,0.361,-0.174,-0.247,0.107,Crop,0.78,13.6,160.54,287.6,2302.1,2257.6,724.6,85.1,Cold Spot,Emerging
NGP_CELL_049,2022,21.10714,79.00818,Ward 3 (Dharampeth),28.59,-1.81,0.151,0.187,-0.271,0.237,Built-up,0.69,53.18,66.98,287.6,2302.1,2257.6,724.6,92.9,Not Significant,Persistent
NGP_CELL_049,2023,21.10714,79.00818,Ward 3 (Dharampeth),28.55,-1.16,0.167,0.199,-0.328,0.142,Built-up,0.97,54.8,131.77,287.6,2302.1,2257.6,724.6,95.9,Cold Spot,Sporadic
NGP_CELL_049,2024,21.10714,79.00818,Ward 3 (Dharampeth),22.62,-3.97,0.323,-0.17,-0.339,0.138,Tree,0.76,24.76,156.13,287.6,2302.1,2257.6,724.6,85.3,Not Significant,Persistent
NGP_CELL_050,2019,21.19517,79.08248,Ward 8 (Gandhibagh),22.79,-4.61,0.482,-0.236,-0.46,0.158,Crop,0.95,20.74,141.96,292.6,1971.8,714.6,79.4,88.4,Cold Spot,Persistent
NGP_CELL_050,2020,21.19517,79.08248,Ward 8 (Gandhibagh),32.3,-0.48,0.165,0.318,-0.267,0.225,Built-up,0.89,70.24,167.85,292.6,1971.8,714.6,79.4,98.0,Hot Spot,Emerging
NGP_CELL_050,2021,21.19517,79.08248,Ward 8 (Gandhibagh),26.53,-3.41,0.458,-0.136,-0.442,0.093,Crop,0.98,22.89,127.58,292.6,1971.8,714.6,79.4,92.3,Not Significant,Persistent
NGP_CELL_050,2022,21.19517,79.08248,Ward 8 (Gandhibagh),27.15,-2.53,0.217,0.08,-0.303,0.123,Built-up,0.83,53.81,63.55,292.6,1971.8,714.6,79.4,90.3,Not Significant,Emerging
NGP_CELL_050,2023,21.19517,79.08248,Ward 8 (Gandhibagh),24.46,-3.2,0.312,-0.093,-0.495,0.122,Bare,0.85,38.01,149.24,292.6,1971.8,714.6,79.4,89.3,Hot Spot,Persistent
NGP_CELL_050,2024,21.19517,79.08248,Ward 8 (Gandhibagh),26.52,-2.02,0.29,-0.05,-0.35,0.135,Grass,0.71,43.16,51.86,292.6,1971.8,714.6,79.4,91.1,Not Significant,Sporadic
NGP_CELL_051,2019,21.07944,79.00338,Ward 2 (Ashinagar),26.52,-2.74,0.285,0.099,-0.477,0.192,Built-up,0.74,54.99,122.98,315.6,2988.8,2431.4,344.9,94.2,Cold Spot,Persistent
NGP_CELL_051,2020,21.07944,79.00338,Ward 2 (Ashinagar),26.64,-3.31,0.483,-0.141,-0.332,0.16,Crop,0.92,22.86,62.22,315.6,2988.8,2431.4,344.9,99.0,Cold Spot,Persistent
NGP_CELL_051,2021,21.07944,79.00338,Ward 2 (Ashinagar),33.81,0.22,0.074,0.379,-0.312,0.157,Built-up,0.87,67.92,133.58,315.6,2988.8,2431.4,344.9,88.8,Cold Spot,Persistent
NGP_CELL_051,2022,21.07944,79.00338,Ward 2 (Ashinagar),30.55,-0.83,0.103,0.253,-0.436,0.147,Built-up,0.9,69.05,151.78,315.6,2988.8,2431.4,344.9,99.6,Not Significant,Sporadic
NGP_CELL_051,2023,21.07944,79.00338,Ward 2 (Ashinagar),25.66,-2.6,0.366,0.05,-0.308,0.138,Grass,0.78,41.59,182.45,315.6,2988.8,2431.4,344.9,89.7,Not Significant,Emerging
NGP_CELL_051,2024,21.07944,79.00338,Ward 2 (Ashinagar),28.52,-1.02,0.127,0.314,-0.452,0.218,Built-up,0.72,63.2,111.03,315.6,2988.8,2431.4,344.9,98.5,Not Significant,Persistent
NGP_CELL_052,2019,21.19344,79.0565,Ward 3 (Dharampeth),22.27,-4.87,0.368,-0.296,-0.235,0.09,Grass,0.94,14.94,107.42,311.5,4517.2,805.9,650.3,85.8,Not Significant,Persistent
NGP_CELL_052,2020,21.19344,79.0565,Ward 3 (Dharampeth),26.54,-3.36,0.45,-0.098,-0.506,0.174,Tree,0.8,26.53,34.53,311.5,4517.2,805.9,650.3,98.1,Cold Spot,Diminishing
NGP_CELL_052,2021,21.19344,79.0565,Ward 3 (Dharampeth),32.54,-0.41,0.144,0.289,-0.477,0.232,Built-up,0.86,66.11,132.59,311.5,4517.2,805.9,650.3,94.5,Not Significant,Emerging
NGP_CELL_052,2022,21.19344,79.0565,Ward 3 (Dharampeth),26.71,-2.75,0.341,-0.049,-0.318,0.172,Grass,0.96,35.77,186.41,311.5,4517.2,805.9,650.3,87.1,Cold Spot,Persistent
NGP_CELL_052,2023,21.19344,79.0565,Ward 3 (Dharampeth),27.22,-1.82,0.156,0.091,-0.322,0.202,Built-up,0.77,54.4,88.4,311.5,4517.2,805.9,650.3,99.9,Not Significant,Persistent
NGP_CELL_052,2024,21.19344,79.0565,Ward 3 (Dharampeth),21.39,-4.59,0.482,-0.254,-0.434,0.086,Tree,0.8,22.2,130.11,311.5,4517.2,805.9,650.3,91.0,Not Significant,Persistent
NGP_CELL_053,2019,21.18038,79.07951,Ward 4 (Hanuman Nagar),27.66,-2.17,0.291,0.108,-0.202,0.124,Bare,0.82,48.92,102.45,296.9,3927.5,591.2,656.6,85.8,Cold Spot,Persistent
NGP_CELL_053,2020,21.18038,79.07951,Ward 4 (Hanuman Nagar),24.55,-4.36,0.455,-0.245,-0.31,0.173,Bare,0.71,24.18,191.76,296.9,3927.5,591.2,656.6,91.5,Cold Spot,Emerging
NGP_CELL_053,2021,21.18038,79.07951,Ward 4 (Hanuman Nagar),26.93,-3.22,0.225,-0.102,-0.578,0.099,Tree,0.66,35.18,144.46,296.9,3927.5,591.2,656.6,97.0,Cold Spot,Persistent
NGP_CELL_053,2022,21.18038,79.07951,Ward 4 (Hanuman Nagar),29.16,-1.53,0.154,0.173,-0.204,0.183,Built-up,0.65,58.12,196.65,296.9,3927.5,591.2,656.6,99.8,Not Significant,Persistent
NGP_CELL_053,2023,21.18038,79.07951,Ward 4 (Hanuman Nagar),26.25,-2.31,0.24,0.083,-0.439,0.151,Built-up,0.88,58.21,184.69,296.9,3927.5,591.2,656.6,97.4,Hot Spot,Persistent
NGP_CELL_053,2024,21.18038,79.07951,Ward 4 (Hanuman Nagar),24.49,-3.04,0.352,-0.095,-0.25,0.171,Crop,0.75,32.97,47.89,296.9,3927.5,591.2,656.6,92.4,Cold Spot,Persistent
NGP_CELL_054,2019,21.19301,79.00903,Ward 7 (Mangalwari),29.21,-1.4,0.123,0.158,-0.254,0.135,Built-up,0.66,64.95,71.05,319.8,1580.0,2023.7,675.8,96.1,Cold Spot,Persistent
NGP_CELL_054,2020,21.19301,79.00903,Ward 7 (Mangalwari),28.27,-2.49,0.236,0.102,-0.358,0.13,Crop,0.65,40.61,47.82,319.8,1580.0,2023.7,675.8,98.2,Not Significant,Diminishing
NGP_CELL_054,2021,21.19301,79.00903,Ward 7 (Mangalwari),29.19,-2.09,0.258,0.005,-0.335,0.092,Crop,0.92,42.28,152.5,319.8,1580.0,2023.7,675.8,88.3,Cold Spot,Sporadic
NGP_CELL_054,2022,21.19301,79.00903,Ward 7 (Mangalwari),24.72,-3.75,0.437,-0.079,-0.399,0.163,Bare,0.93,27.94,213.76,319.8,1580.0,2023.7,675.8,92.6,Not Significant,Persistent
NGP_CELL_054,2023,21.19301,79.00903,Ward 7 (Mangalwari),29.22,-0.82,0.234,0.168,-0.27,0.211,Built-up,0.8,51.91,156.34,319.8,1580.0,2023.7,675.8,98.9,Not Significant,Sporadic
NGP_CELL_054,2024,21.19301,79.00903,Ward 7 (Mangalwari),29.49,-0.54,0.145,0.259,-0.227,0.196,Built-up,0.97,64.61,86.31,319.8,1580.0,2023.7,675.8,92.9,Not Significant,Diminishing
NGP_CELL_055,2019,21.07897,79.0707,Ward 10 (Sanjay Gandhi Nagar),27.23,-2.39,0.223,0.058,-0.445,0.13,Built-up,0.67,51.03,144.21,287.2,558.2,2651.6,275.7,86.3,Not Significant,Persistent
NGP_CELL_055,2020,21.07897,79.0707,Ward 10 (Sanjay Gandhi Nagar),27.47,-2.89,0.357,0.052,-0.381,0.168,Tree,0.97,40.4,82.94,287.2,558.2,2651.6,275.7,93.3,Not Significant,Persistent
NGP_CELL_055,2021,21.07897,79.0707,Ward 10 (Sanjay Gandhi Nagar),25.84,-3.76,0.272,-0.078,-0.361,0.168,Bare,0.76,27.47,87.48,287.2,558.2,2651.6,275.7,96.2,Not Significant,Persistent
NGP_CELL_055,2022,21.07897,79.0707,Ward 10 (Sanjay Gandhi Nagar),27.57,-2.32,0.275,0.074,-0.275,0.114,Crop,0.95,42.18,114.88,287.2,558.2,2651.6,275.7,91.5,Not Significant,Persistent
NGP_CELL_055,2023,21.07897,79.0707,Ward 10 (Sanjay Gandhi Nagar),29.79,-0.54,0.066,0.308,-0.579,0.172,Built-up,0.92,72.93,157.98,287.2,558.2,2651.6,275.7,96.2,Not Significant,Emerging
NGP_CELL_055,2024,21.07897,79.0707,Ward 10 (Sanjay Gandhi Nagar),25.54,-2.51,0.316,-0.083,-0.213,0.152,Tree,0.9,37.43,134.35,287.2,558.2,2651.6,275.7,99.4,Not Significant,Persistent
NGP_CELL_056,2019,21.18469,79.07876,Ward 8 (Gandhibagh),24.34,-3.83,0.386,-0.196,-0.225,0.129,Crop,0.7,13.23,84.43,307.2,3337.0,1535.4,344.2,91.3,Cold Spot,Sporadic
NGP_CELL_056,2020,21.18469,79.07876,Ward 8 (Gandhibagh),27.7,-2.78,0.318,-0.027,-0.378,0.138,Grass,0.85,43.43,54.76,307.2,3337.0,1535.4,344.2,88.1,Not Significant,Persistent
NGP_CELL_056,2021,21.18469,79.07876,Ward 8 (Gandhibagh),26.8,-3.28,0.389,-0.097,-0.485,0.132,Bare,0.91,37.45,83.27,307.2,3337.0,1535.4,344.2,95.6,Not Significant,Diminishing
NGP_CELL_056,2022,21.18469,79.07876,Ward 8 (Gandhibagh),25.57,-3.32,0.267,-0.142,-0.283,0.161,Tree,0.83,33.76,154.79,307.2,3337.0,1535.4,344.2,92.2,Cold Spot,Persistent
NGP_CELL_056,2023,21.18469,79.07876,Ward 8 (Gandhibagh),28.78,-1.04,0.251,0.294,-0.526,0.163,Built-up,0.69,64.99,203.69,307.2,3337.0,1535.4,344.2,88.7,Not Significant,Persistent
NGP_CELL_056,2024,21.18469,79.07876,Ward 8 (Gandhibagh),25.06,-2.75,0.328,0.012,-0.3,0.161,Bare,0.78,34.1,184.09,307.2,3337.0,1535.4,344.2,87.1,Cold Spot,Sporadic
NGP_CELL_057,2019,21.10818,79.04318,Ward 10 (Sanjay Gandhi Nagar),30.8,-0.6,0.257,0.347,-0.393,0.2,Built-up,0.81,65.23,119.51,309.5,193.2,1426.9,270.4,91.4,Hot Spot,Persistent
NGP_CELL_057,2020,21.10818,79.04318,Ward 10 (Sanjay Gandhi Nagar),29.42,-1.92,0.278,0.235,-0.552,0.125,Built-up,0.9,61.97,60.12,309.5,193.2,1426.9,270.4,85.8,Not Significant,Persistent
NGP_CELL_057,2021,21.10818,79.04318,Ward 10 (Sanjay Gandhi Nagar),26.97,-3.19,-0.288,-0.237,0.631,0.137,Water,0.79,17.34,179.07,309.5,193.2,1426.9,270.4,86.6,Cold Spot,Persistent
NGP_CELL_057,2022,21.10818,79.04318,Ward 10 (Sanjay Gandhi Nagar),29.51,-1.35,0.121,0.234,-0.348,0.179,Built-up,0.85,67.69,216.18,309.5,193.2,1426.9,270.4,92.2,Not Significant,Persistent
NGP_CELL_057,2023,21.10818,79.04318,Ward 10 (Sanjay Gandhi Nagar),28.22,-1.32,-0.117,0.051,0.5,0.114,Water,0.95,44.18,49.78,309.5,193.2,1426.9,270.4,92.7,Cold Spot,Persistent
NGP_CELL_057,2024,21.10818,79.04318,Ward 10 (Sanjay Gandhi Nagar),32.17,0.8,0.021,0.4,-0.55,0.196,Built-up,0.88,78.48,140.97,309.5,193.2,1426.9,270.4,96.5,Not Significant,Sporadic
NGP_CELL_058,2019,21.1473,79.13489,Ward 9 (Nehru Nagar),27.79,-2.1,0.227,0.101,-0.353,0.125,Built-up,0.9,55.62,74.17,285.3,1555.4,609.4,727.2,87.2,Not Significant,Persistent
NGP_CELL_058,2020,21.1473,79.13489,Ward 9 (Nehru Nagar),22.58,-5.34,0.496,-0.217,-0.273,0.169,Crop,0.66,19.43,162.98,285.3,1555.4,609.4,727.2,86.3,Not Significant,Sporadic
NGP_CELL_058,2021,21.1473,79.13489,Ward 9 (Nehru Nagar),28.74,-2.31,0.263,-0.025,-0.225,0.108,Bare,0.96,40.26,59.29,285.3,1555.4,609.4,727.2,96.5,Not Significant,Persistent
NGP_CELL_058,2022,21.1473,79.13489,Ward 9 (Nehru Nagar),30.84,-0.69,0.201,0.372,-0.343,0.213,Built-up,0.74,67.53,44.45,285.3,1555.4,609.4,727.2,99.6,Not Significant,Sporadic
NGP_CELL_058,2023,21.1473,79.13489,Ward 9 (Nehru Nagar),28.63,-1.12,0.282,0.156,-0.442,0.199,Built-up,0.72,50.51,83.26,285.3,1555.4,609.4,727.2,88.4,Cold Spot,Persistent
NGP_CELL_058,2024,21.1473,79.13489,Ward 9 (Nehru Nagar),25.18,-2.69,0.193,-0.01,-0.361,0.146,Tree,0.84,45.98,105.86,285.3,1555.4,609.4,727.2,91.3,Not Significant,Persistent
NGP_CELL_059,2019,21.1257,79.0011,Ward 8 (Gandhibagh),26.23,-2.88,0.313,-0.125,-0.224,0.109,Crop,0.83,28.64,174.23,285.2,3989.0,1526.3,600.8,95.3,Not Significant,Sporadic
NGP_CELL_059,2020,21.1257,79.0011,Ward 8 (Gandhibagh),25.8,-3.73,0.384,-0.118,-0.271,0.111,Grass,0.72,36.94,31.84,285.2,3989.0,1526.3,600.8,91.0,Not Significant,Sporadic
NGP_CELL_059,2021,21.1257,79.0011,Ward 8 (Gandhibagh),30.67,-1.35,0.132,0.088,-0.596,0.13,Built-up,0.89,54.74,61.78,285.2,3989.0,1526.3,600.8,85.1,Not Significant,Persistent
NGP_CELL_059,2022,21.1257,79.0011,Ward 8 (Gandhibagh),24.22,-4.0,0.474,-0.106,-0.346,0.157,Bare,0.82,20.2,78.19,285.2,3989.0,1526.3,600.8,86.2,Cold Spot,Persistent
NGP_CELL_059,2023,21.1257,79.0011,Ward 8 (Gandhibagh),24.55,-3.16,0.426,-0.075,-0.373,0.159,Tree,0.84,30.3,207.42,285.2,3989.0,1526.3,600.8,96.8,Not Significant,Sporadic
NGP_CELL_059,2024,21.1257,79.0011,Ward 8 (Gandhibagh),23.53,-3.52,0.344,-0.111,-0.219,0.162,Grass,0.74,32.4,55.51,285.2,3989.0,1526.3,600.8,95.6,Not Significant,Sporadic
NGP_CELL_060,2019,21.10884,79.06713,Ward 9 (Nehru Nagar),22.17,-4.92,0.342,-0.347,-0.276,0.175,Crop,0.84,15.22,193.98,297.6,2557.2,780.1,254.5,85.2,Cold Spot,Persistent
NGP_CELL_060,2020,21.10884,79.06713,Ward 9 (Nehru Nagar),30.16,-1.55,0.219,0.129,-0.532,0.247,Built-up,0.83,54.77,202.9,297.6,2557.2,780.1,254.5,97.8,Not Significant,Emerging
NGP_CELL_060,2021,21.10884,79.06713,Ward 9 (Nehru Nagar),26.1,-3.63,0.381,-0.057,-0.532,0.118,Grass,0.85,28.9,155.28,297.6,2557.2,780.1,254.5,96.7,Not Significant,Diminishing
NGP_CELL_060,2022,21.10884,79.06713,Ward 9 (Nehru Nagar),26.16,-3.03,0.246,0.059,-0.596,0.204,Built-up,0.72,50.67,176.09,297.6,2557.2,780.1,254.5,92.7,Not Significant,Sporadic
NGP_CELL_060,2023,21.10884,79.06713,Ward 9 (Nehru Nagar),26.86,-2.0,0.19,0.23,-0.451,0.132,Built-up,0.94,58.63,66.76,297.6,2557.2,780.1,254.5,98.0,Cold Spot,Sporadic
NGP_CELL_060,2024,21.10884,79.06713,Ward 9 (Nehru Nagar),29.1,-0.73,0.13,0.326,-0.39,0.209,Built-up,0.97,76.2,119.52,297.6,2557.2,780.1,254.5,89.1,Not Significant,Persistent
NGP_CELL_061,2019,21.05739,79.05794,Ward 1 (Lakadganj),22.2,-4.9,0.391,-0.315,-0.599,0.165,Crop,0.86,10.41,112.53,309.9,249.1,2845.8,569.5,85.1,Not Significant,Sporadic
NGP_CELL_061,2020,21.05739,79.05794,Ward 1 (Lakadganj),25.1,-4.08,0.268,-0.076,-0.552,0.087,Crop,0.75,28.88,150.58,309.9,249.1,2845.8,569.5,92.3,Cold Spot,Persistent
NGP_CELL_061,2021,21.05739,79.05794,Ward 1 (Lakadganj),29.41,-1.98,0.13,0.153,-0.396,0.138,Built-up,0.9,65.2,156.02,309.9,249.1,2845.8,569.5,89.5,Not Significant,Persistent
NGP_CELL_061,2022,21.05739,79.05794,Ward 1 (Lakadganj),23.05,-4.58,0.399,-0.124,-0.346,0.179,Tree,0.86,32.96,55.91,309.9,249.1,2845.8,569.5,96.7,Cold Spot,Persistent
NGP_CELL_061,2023,21.05739,79.05794,Ward 1 (Lakadganj),31.5,0.32,0.047,0.395,-0.259,0.127,Built-up,0.92,71.3,73.36,309.9,249.1,2845.8,569.5,93.0,Not Significant,Persistent
NGP_CELL_061,2024,21.05739,79.05794,Ward 1 (Lakadganj),25.47,-2.54,0.318,0.103,-0.314,0.124,Crop,0.89,49.41,38.2,309.9,249.1,2845.8,569.5,85.4,Not Significant,Persistent
NGP_CELL_062,2019,21.18945,79.01869,Ward 4 (Hanuman Nagar),31.39,-0.3,0.11,0.31,-0.554,0.204,Built-up,0.91,65.66,147.37,292.9,1298.0,1394.6,108.4,94.7,Not Significant,Emerging
NGP_CELL_062,2020,21.18945,79.01869,Ward 4 (Hanuman Nagar),25.18,-4.04,0.498,-0.212,-0.282,0.096,Tree,0.83,14.98,39.27,292.9,1298.0,1394.6,108.4,86.6,Cold Spot,Sporadic
NGP_CELL_062,2021,21.18945,79.01869,Ward 4 (Hanuman Nagar),27.43,-2.97,0.242,-0.02,-0.555,0.085,Grass,0.92,46.49,51.0,292.9,1298.0,1394.6,108.4,88.9,Cold Spot,Sporadic
NGP_CELL_062,2022,21.18945,79.01869,Ward 4 (Hanuman Nagar),28.98,-1.61,0.259,0.199,-0.464,0.25,Built-up,0.89,57.14,155.89,292.9,1298.0,1394.6,108.4,89.0,Cold Spot,Sporadic
NGP_CELL_062,2023,21.18945,79.01869,Ward 4 (Hanuman Nagar),23.64,-3.61,0.468,-0.097,-0.341,0.145,Grass,0.97,23.84,178.63,292.9,1298.0,1394.6,108.4,99.7,Not Significant,Persistent
NGP_CELL_062,2024,21.18945,79.01869,Ward 4 (Hanuman Nagar),21.73,-4.42,0.4,-0.178,-0.229,0.144,Crop,0.67,22.83,199.8,292.9,1298.0,1394.6,108.4,89.7,Not Significant,Persistent
NGP_CELL_063,2019,21.19589,79.05401,Ward 10 (Sanjay Gandhi Nagar),25.86,-3.07,0.43,-0.073,-0.211,0.178,Tree,0.65,28.42,81.75,306.5,4086.3,2249.9,560.2,96.1,Not Significant,Emerging
NGP_CELL_063,2020,21.19589,79.05401,Ward 10 (Sanjay Gandhi Nagar),25.21,-4.02,0.439,-0.153,-0.59,0.152,Bare,0.76,22.05,88.02,306.5,4086.3,2249.9,560.2,92.7,Not Significant,Emerging
NGP_CELL_063,2021,21.19589,79.05401,Ward 10 (Sanjay Gandhi Nagar),28.41,-2.48,0.327,0.051,-0.221,0.12,Bare,0.94,47.12,156.12,306.5,4086.3,2249.9,560.2,86.6,Cold Spot,Sporadic
NGP_CELL_063,2022,21.19589,79.05401,Ward 10 (Sanjay Gandhi Nagar),27.88,-2.17,0.192,0.124,-0.325,0.169,Crop,0.74,48.04,222.46,306.5,4086.3,2249.9,560.2,95.3,Cold Spot,Emerging
NGP_CELL_063,2023,21.19589,79.05401,Ward 10 (Sanjay Gandhi Nagar),25.82,-2.52,0.327,0.035,-0.471,0.158,Crop,0.76,41.46,141.41,306.5,4086.3,2249.9,560.2,97.1,Not Significant,Persistent
NGP_CELL_063,2024,21.19589,79.05401,Ward 10 (Sanjay Gandhi Nagar),29.67,-0.45,0.027,0.307,-0.284,0.221,Built-up,0.66,76.52,46.41,306.5,4086.3,2249.9,560.2,88.3,Not Significant,Persistent
NGP_CELL_064,2019,21.12254,79.0022,Ward 10 (Sanjay Gandhi Nagar),26.63,-2.69,0.294,0.077,-0.438,0.178,Crop,0.9,48.76,48.22,310.4,2508.1,2735.8,119.0,90.3,Not Significant,Persistent
NGP_CELL_064,2020,21.12254,79.0022,Ward 10 (Sanjay Gandhi Nagar),30.41,-1.42,0.085,0.201,-0.213,0.179,Built-up,0.87,66.71,183.87,310.4,2508.1,2735.8,119.0,99.2,Not Significant,Persistent
NGP_CELL_064,2021,21.12254,79.0022,Ward 10 (Sanjay Gandhi Nagar),24.75,-4.31,0.315,-0.221,-0.548,0.144,Tree,0.79,25.12,42.47,310.4,2508.1,2735.8,119.0,94.8,Not Significant,Emerging
NGP_CELL_064,2022,21.12254,79.0022,Ward 10 (Sanjay Gandhi Nagar),30.97,-0.62,0.124,0.21,-0.267,0.249,Built-up,0.8,59.62,74.6,310.4,2508.1,2735.8,119.0,87.5,Not Significant,Emerging
NGP_CELL_064,2023,21.12254,79.0022,Ward 10 (Sanjay Gandhi Nagar),31.28,0.21,0.155,0.502,-0.236,0.17,Built-up,0.91,84.62,157.45,310.4,2508.1,2735.8,119.0,91.6,Not Significant,Diminishing
NGP_CELL_064,2024,21.12254,79.0022,Ward 10 (Sanjay Gandhi Nagar),31.9,0.67,0.123,0.366,-0.493,0.239,Built-up,0.89,85.28,87.7,310.4,2508.1,2735.8,119.0,94.5,Not Significant,Persistent
NGP_CELL_065,2019,21.15791,79.00422,Ward 4 (Hanuman Nagar),29.04,-1.48,0.3,0.155,-0.2,0.101,Tree,0.95,49.14,127.29,305.1,739.0,2469.9,189.6,99.5,Not Significant,Emerging
NGP_CELL_065,2020,21.15791,79.00422,Ward 4 (Hanuman Nagar),28.39,-2.44,0.245,0.111,-0.491,0.226,Built-up,0.7,59.11,203.72,305.1,739.0,2469.9,189.6,90.7,Cold Spot,Persistent
NGP_CELL_065,2021,21.15791,79.00422,Ward 4 (Hanuman Nagar),32.85,-0.26,0.063,0.303,-0.572,0.127,Built-up,0.98,74.66,100.91,305.1,739.0,2469.9,189.6,98.9,Not Significant,Sporadic
NGP_CELL_065,2022,21.15791,79.00422,Ward 4 (Hanuman Nagar),26.05,-3.08,0.355,0.034,-0.386,0.18,Crop,0.86,46.13,160.87,305.1,739.0,2469.9,189.6,92.1,Not Significant,Persistent
NGP_CELL_065,2023,21.15791,79.00422,Ward 4 (Hanuman Nagar),28.9,-0.98,0.129,0.273,-0.542,0.132,Built-up,0.85,68.93,197.45,305.1,739.0,2469.9,189.6,96.0,Not Significant,Emerging
NGP_CELL_065,2024,21.15791,79.00422,Ward 4 (Hanuman Nagar),22.87,-3.85,0.375,-0.107,-0.592,0.139,Crop,0.9,39.15,209.2,305.1,739.0,2469.9,189.6,91.8,Not Significant,Persistent
NGP_CELL_066,2019,21.1134,79.10771,Ward 3 (Dharampeth),22.58,-4.71,0.349,-0.287,-0.384,0.085,Crop,0.85,20.67,99.23,315.1,1353.3,2946.9,307.6,98.7,Not Significant,Emerging
NGP_CELL_066,2020,21.1134,79.10771,Ward 3 (Dharampeth),28.18,-2.54,0.292,0.023,-0.353,0.088,Grass,0.65,37.88,79.59,315.1,1353.3,2946.9,307.6,88.3,Cold Spot,Sporadic
NGP_CELL_066,2021,21.1134,79.10771,Ward 3 (Dharampeth),28.74,-2.31,0.357,0.113,-0.417,0.098,Grass,0.8,42.71,199.93,315.1,1353.3,2946.9,307.6,92.0,Not Significant,Sporadic
NGP_CELL_066,2022,21.1134,79.10771,Ward 3 (Dharampeth),31.16,-0.53,0.178,0.327,-0.314,0.176,Built-up,0.93,70.08,95.28,315.1,1353.3,2946.9,307.6,89.6,Not Significant,Sporadic
NGP_CELL_066,2023,21.1134,79.10771,Ward 3 (Dharampeth),23.94,-3.46,0.313,-0.124,-0.437,0.102,Crop,0.68,37.12,203.23,315.1,1353.3,2946.9,307.6,97.0,Not Significant,Emerging
NGP_CELL_066,2024,21.1134,79.10771,Ward 3 (Dharampeth),21.5,-4.53,0.437,-0.24,-0.201,0.166,Tree,0.88,20.6,207.5,315.1,1353.3,2946.9,307.6,91.1,Not Significant,Emerging
NGP_CELL_067,2019,21.1613,79.00473,Ward 5 (Dhantoli),29.66,-1.17,0.21,0.266,-0.237,0.131,Built-up,0.9,58.66,190.49,304.9,1551.5,1109.3,616.2,97.1,Not Significant,Persistent
NGP_CELL_067,2020,21.1613,79.00473,Ward 5 (Dhantoli),31.32,-0.97,0.13,0.186,-0.216,0.126,Built-up,0.84,68.29,52.21,304.9,1551.5,1109.3,616.2,87.1,Hot Spot,Emerging
NGP_CELL_067,2021,21.1613,79.00473,Ward 5 (Dhantoli),33.73,0.18,0.148,0.319,-0.571,0.209,Built-up,0.83,71.93,172.24,304.9,1551.5,1109.3,616.2,92.3,Hot Spot,Emerging
NGP_CELL_067,2022,21.1613,79.00473,Ward 5 (Dhantoli),25.33,-3.44,0.429,-0.063,-0.499,0.16,Grass,0.82,31.19,139.19,304.9,1551.5,1109.3,616.2,97.3,Not Significant,Emerging
NGP_CELL_067,2023,21.1613,79.00473,Ward 5 (Dhantoli),26.72,-2.07,0.33,0.087,-0.259,0.231,Built-up,0.83,50.34,64.97,304.9,1551.5,1109.3,616.2,86.9,Not Significant,Persistent
NGP_CELL_067,2024,21.1613,79.00473,Ward 5 (Dhantoli),27.58,-1.49,0.264,0.22,-0.251,0.136,Built-up,0.86,57.73,179.02,304.9,1551.5,1109.3,616.2,98.0,Not Significant,Persistent
NGP_CELL_068,2019,21.11413,79.02413,Ward 2 (Ashinagar),23.8,-4.1,0.333,-0.217,-0.278,0.114,Crop,0.84,21.5,85.07,298.1,4267.3,1746.1,65.0,93.8,Not Significant,Diminishing
NGP_CELL_068,2020,21.11413,79.02413,Ward 2 (Ashinagar),32.54,-0.36,0.06,0.343,-0.557,0.221,Built-up,0.83,68.79,133.99,298.1,4267.3,1746.1,65.0,87.6,Not Significant,Persistent
NGP_CELL_068,2021,21.11413,79.02413,Ward 2 (Ashinagar),28.89,-2.23,0.172,0.152,-0.489,0.144,Built-up,0.75,58.64,77.25,298.1,4267.3,1746.1,65.0,96.0,Cold Spot,Emerging
NGP_CELL_068,2022,21.11413,79.02413,Ward 2 (Ashinagar),25.48,-3.37,0.325,-0.091,-0.273,0.148,Grass,0.95,31.66,90.51,298.1,4267.3,1746.1,65.0,87.8,Not Significant,Persistent
NGP_CELL_068,2023,21.11413,79.02413,Ward 2 (Ashinagar),23.54,-3.66,0.432,-0.096,-0.306,0.112,Tree,0.69,28.72,88.62,298.1,4267.3,1746.1,65.0,91.8,Cold Spot,Diminishing
NGP_CELL_068,2024,21.11413,79.02413,Ward 2 (Ashinagar),27.81,-1.38,0.231,0.143,-0.554,0.139,Grass,0.94,49.72,61.31,298.1,4267.3,1746.1,65.0,95.0,Cold Spot,Sporadic
NGP_CELL_069,2019,21.07925,79.04702,Ward 4 (Hanuman Nagar),29.04,-1.48,0.153,0.115,-0.395,0.183,Built-up,0.94,58.11,85.1,284.1,2058.4,2799.9,510.6,93.7,Not Significant,Persistent
NGP_CELL_069,2020,21.07925,79.04702,Ward 4 (Hanuman Nagar),23.81,-4.72,0.356,-0.316,-0.48,0.105,Bare,0.69,15.34,32.3,284.1,2058.4,2799.9,510.6,90.6,Cold Spot,Persistent
NGP_CELL_069,2021,21.07925,79.04702,Ward 4 (Hanuman Nagar),27.57,-2.9,0.377,0.091,-0.395,0.133,Tree,0.86,42.36,35.77,284.1,2058.4,2799.9,510.6,88.0,Cold Spot,Emerging
NGP_CELL_069,2022,21.07925,79.04702,Ward 4 (Hanuman Nagar),23.89,-4.16,0.407,-0.206,-0.542,0.15,Grass,0.91,26.65,201.02,284.1,2058.4,2799.9,510.6,94.6,Not Significant,Sporadic
NGP_CELL_069,2023,21.07925,79.04702,Ward 4 (Hanuman Nagar),27.39,-1.74,0.299,0.215,-0.439,0.24,Built-up,0.72,57.39,92.03,284.1,2058.4,2799.9,510.6,99.2,Not Significant,Persistent
NGP_CELL_069,2024,21.07925,79.04702,Ward 4 (Hanuman Nagar),26.25,-2.15,0.246,0.06,-0.539,0.117,Crop,0.77,39.9,123.07,284.1,2058.4,2799.9,510.6,90.6,Cold Spot,Diminishing
NGP_CELL_070,2019,21.15608,79.02856,Ward 7 (Mangalwari),29.04,-1.48,0.281,0.144,-0.263,0.204,Built-up,0.83,56.84,124.14,284.2,3144.8,368.5,788.8,98.4,Not Significant,Persistent
NGP_CELL_070,2020,21.15608,79.02856,Ward 7 (Mangalwari),28.13,-2.56,0.227,-0.024,-0.414,0.097,Tree,0.91,45.87,161.89,284.2,3144.8,368.5,788.8,90.1,Hot Spot,Persistent
NGP_CELL_070,2021,21.15608,79.02856,Ward 7 (Mangalwari),28.97,-2.2,0.186,0.018,-0.21,0.164,Tree,0.69,48.71,153.46,284.2,3144.8,368.5,788.8,86.5,Cold Spot,Emerging
NGP_CELL_070,2022,21.15608,79.02856,Ward 7 (Mangalwari),26.48,-2.86,0.337,-0.004,-0.263,0.099,Crop,0.87,42.36,47.7,284.2,3144.8,368.5,788.8,97.4,Not Significant,Diminishing
NGP_CELL_070,2023,21.15608,79.02856,Ward 7 (Mangalwari),28.42,-1.22,0.11,0.184,-0.543,0.171,Built-up,0.79,59.31,151.21,284.2,3144.8,368.5,788.8,98.0,Not Significant,Persistent
NGP_CELL_070,2024,21.15608,79.02856,Ward 7 (Mangalwari),23.98,-3.29,0.29,-0.115,-0.423,0.118,Crop,0.81,30.86,109.56,284.2,3144.8,368.5,788.8,90.5,Not Significant,Sporadic
NGP_CELL_071,2019,21.10427,79.07864,Ward 4 (Hanuman Nagar),27.35,-2.33,0.366,0.022,-0.423,0.147,Bare,0.77,43.72,35.19,309.1,1589.1,1029.8,157.2,98.1,Cold Spot,Sporadic
NGP_CELL_071,2020,21.10427,79.07864,Ward 4 (Hanuman Nagar),27.34,-2.96,0.273,0.03,-0.334,0.091,Tree,0.79,34.98,98.44,309.1,1589.1,1029.8,157.2,95.1,Not Significant,Sporadic
NGP_CELL_071,2021,21.10427,79.07864,Ward 4 (Hanuman Nagar),31.23,-1.07,0.067,0.202,-0.596,0.139,Built-up,0.74,66.72,106.92,309.1,1589.1,1029.8,157.2,91.7,Not Significant,Sporadic
NGP_CELL_071,2022,21.10427,79.07864,Ward 4 (Hanuman Nagar),27.45,-2.38,0.381,-0.004,-0.347,0.13,Crop,0.86,33.55,195.04,309.1,1589.1,1029.8,157.2,85.9,Not Significant,Emerging
NGP_CELL_071,2023,21.10427,79.07864,Ward 4 (Hanuman Nagar),24.54,-3.16,0.246,-0.161,-0.558,0.097,Bare,0.84,32.84,162.56,309.1,1589.1,1029.8,157.2,98.4,Not Significant,Emerging
NGP_CELL_071,2024,21.10427,79.07864,Ward 4 (Hanuman Nagar),32.28,0.86,0.062,0.412,-0.544,0.178,Built-up,0.86,78.5,192.78,309.1,1589.1,1029.8,157.2,93.4,Not Significant,Persistent
NGP_CELL_072,2019,21.18781,79.06606,Ward 2 (Ashinagar),24.18,-3.91,0.376,-0.171,-0.43,0.119,Crop,0.93,28.88,189.32,314.9,308.2,2666.4,264.6,92.6,Not Significant,Persistent
NGP_CELL_072,2020,21.18781,79.06606,Ward 2 (Ashinagar),24.35,-4.46,0.47,-0.229,-0.311,0.174,Grass,0.9,15.28,101.43,314.9,308.2,2666.4,264.6,98.2,Not Significant,Diminishing
NGP_CELL_072,2021,21.18781,79.06606,Ward 2 (Ashinagar),29.62,-1.87,0.351,0.135,-0.587,0.14,Crop,0.74,49.04,46.17,314.9,308.2,2666.4,264.6,92.3,Cold Spot,Emerging
NGP_CELL_072,2022,21.18781,79.06606,Ward 2 (Ashinagar),31.42,-0.4,0.2,0.347,-0.438,0.125,Built-up,0.95,72.44,109.23,314.9,308.2,2666.4,264.6,90.2,Not Significant,Emerging
NGP_CELL_072,2023,21.18781,79.06606,Ward 2 (Ashinagar),31.31,0.22,0.215,0.428,-0.293,0.206,Built-up,0.83,74.14,175.39,314.9,308.2,2666.4,264.6,99.5,Not Significant,Sporadic
NGP_CELL_072,2024,21.18781,79.06606,Ward 2 (Ashinagar),25.99,-2.29,0.237,-0.02,-0.522,0.129,Crop,0.81,47.78,128.88,314.9,308.2,2666.4,264.6,99.3,Cold Spot,Persistent
NGP_CELL_073,2019,21.1572,79.09057,Ward 10 (Sanjay Gandhi Nagar),30.15,-0.92,0.161,0.331,-0.264,0.125,Built-up,0.97,63.48,46.14,308.2,1198.7,1169.1,356.1,93.4,Not Significant,Persistent
NGP_CELL_073,2020,21.1572,79.09057,Ward 10 (Sanjay Gandhi Nagar),33.11,-0.08,0.094,0.296,-0.301,0.147,Built-up,0.68,67.01,179.52,308.2,1198.7,1169.1,356.1,93.1,Not Significant,Emerging
NGP_CELL_073,2021,21.1572,79.09057,Ward 10 (Sanjay Gandhi Nagar),27.71,-2.83,0.354,0.032,-0.257,0.103,Bare,0.89,46.06,156.6,308.2,1198.7,1169.1,356.1,88.3,Not Significant,Sporadic
NGP_CELL_073,2022,21.1572,79.09057,Ward 10 (Sanjay Gandhi Nagar),26.51,-2.85,0.315,0.039,-0.208,0.15,Grass,0.83,43.53,165.84,308.2,1198.7,1169.1,356.1,95.1,Cold Spot,Diminishing
NGP_CELL_073,2023,21.1572,79.09057,Ward 10 (Sanjay Gandhi Nagar),28.19,-1.34,0.281,0.185,-0.378,0.12,Built-up,0.74,62.82,122.14,308.2,1198.7,1169.1,356.1,93.9,Not Significant,Persistent
NGP_CELL_073,2024,21.1572,79.09057,Ward 10 (Sanjay Gandhi Nagar),27.88,-1.34,0.24,0.234,-0.38,0.179,Built-up,0.87,58.44,180.88,308.2,1198.7,1169.1,356.1,87.5,Not Significant,Sporadic
NGP_CELL_074,2019,21.17384,79.009,Ward 8 (Gandhibagh),23.43,-4.28,0.366,-0.257,-0.479,0.118,Tree,0.71,15.2,93.85,302.8,4409.7,2826.0,592.2,89.1,Cold Spot,Persistent
NGP_CELL_074,2020,21.17384,79.009,Ward 8 (Gandhibagh),32.68,-0.29,0.099,0.285,-0.553,0.137,Built-up,0.77,67.99,121.6,302.8,4409.7,2826.0,592.2,93.1,Not Significant,Persistent
NGP_CELL_074,2021,21.17384,79.009,Ward 8 (Gandhibagh),31.08,-1.14,0.111,0.228,-0.451,0.185,Built-up,0.68,68.76,69.04,302.8,4409.7,2826.0,592.2,91.1,Not Significant,Emerging
NGP_CELL_074,2022,21.17384,79.009,Ward 8 (Gandhibagh),30.4,-0.91,0.142,0.219,-0.545,0.207,Built-up,0.83,63.65,183.88,302.8,4409.7,2826.0,592.2,92.9,Not Significant,Persistent
NGP_CELL_074,2023,21.17384,79.009,Ward 8 (Gandhibagh),31.49,0.31,0.064,0.354,-0.242,0.155,Built-up,0.9,75.46,54.17,302.8,4409.7,2826.0,592.2,98.4,Not Significant,Sporadic
NGP_CELL_074,2024,21.17384,79.009,Ward 8 (Gandhibagh),23.25,-3.65,0.383,-0.103,-0.546,0.11,Tree,0.79,33.3,93.06,302.8,4409.7,2826.0,592.2,93.6,Not Significant,Persistent
NGP_CELL_075,2019,21.16197,79.13403,Ward 8 (Gandhibagh),25.2,-3.4,0.345,-0.128,-0.25,0.084,Grass,0.84,26.75,177.2,282.9,4663.9,1186.7,634.6,96.3,Hot Spot,Emerging
NGP_CELL_075,2020,21.16197,79.13403,Ward 8 (Gandhibagh),28.15,-2.56,0.22,0.023,-0.487,0.108,Tree,0.91,43.98,79.62,282.9,4663.9,1186.7,634.6,92.2,Not Significant,Persistent
NGP_CELL_075,2021,21.16197,79.13403,Ward 8 (Gandhibagh),28.23,-2.57,0.3,0.09,-0.259,0.224,Built-up,0.65,50.9,79.11,282.9,4663.9,1186.7,634.6,88.4,Cold Spot,Persistent
NGP_CELL_075,2022,21.16197,79.13403,Ward 8 (Gandhibagh),25.91,-3.15,0.345,0.007,-0.363,0.169,Tree,0.88,41.28,49.71,282.9,4663.9,1186.7,634.6,98.3,Not Significant,Persistent
NGP_CELL_075,2023,21.16197,79.13403,Ward 8 (Gandhibagh),27.11,-1.88,0.215,0.08,-0.596,0.174,Built-up,0.93,57.94,44.3,282.9,4663.9,1186.7,634.6,95.6,Cold Spot,Sporadic
NGP_CELL_075,2024,21.16197,79.13403,Ward 8 (Gandhibagh),26.0,-2.28,0.234,0.113,-0.426,0.155,Bare,0.93,43.66,191.26,282.9,4663.9,1186.7,634.6,100.0,Not Significant,Persistent
NGP_CELL_076,2019,21.12775,79.0881,Ward 8 (Gandhibagh),31.68,-0.16,0.193,0.358,-0.238,0.247,Built-up,0.7,69.95,70.48,280.1,2253.4,2511.4,458.7,89.9,Hot Spot,Sporadic
NGP_CELL_076,2020,21.12775,79.0881,Ward 8 (Gandhibagh),28.34,-2.46,0.154,0.008,-0.458,0.128,Bare,0.8,49.66,101.09,280.1,2253.4,2511.4,458.7,92.5,Cold Spot,Diminishing
NGP_CELL_076,2021,21.12775,79.0881,Ward 8 (Gandhibagh),30.64,-1.36,0.084,0.262,-0.441,0.161,Built-up,0.83,70.12,179.12,280.1,2253.4,2511.4,458.7,99.4,Not Significant,Persistent
NGP_CELL_076,2022,21.12775,79.0881,Ward 8 (Gandhibagh),28.11,-2.05,0.214,0.099,-0.429,0.113,Crop,0.79,45.12,49.85,280.1,2253.4,2511.4,458.7,89.7,Not Significant,Persistent
NGP_CELL_076,2023,21.12775,79.0881,Ward 8 (Gandhibagh),24.44,-3.21,0.307,-0.115,-0.407,0.132,Tree,0.96,24.32,117.03,280.1,2253.4,2511.4,458.7,88.0,Cold Spot,Emerging
NGP_CELL_076,2024,21.12775,79.0881,Ward 8 (Gandhibagh),26.12,-2.22,0.153,0.064,-0.453,0.2,Built-up,0.95,53.27,61.37,280.1,2253.4,2511.4,458.7,87.4,Not Significant,Sporadic
NGP_CELL_077,2019,21.07504,79.01817,Ward 10 (Sanjay Gandhi Nagar),24.7,-3.65,0.277,-0.074,-0.397,0.154,Crop,0.88,40.45,173.91,300.6,1661.6,2513.2,249.3,98.1,Not Significant,Persistent
NGP_CELL_077,2020,21.07504,79.01817,Ward 10 (Sanjay Gandhi Nagar),25.62,-3.82,0.389,-0.102,-0.465,0.113,Tree,0.74,25.18,80.53,300.6,1661.6,2513.2,249.3,89.3,Not Significant,Persistent
NGP_CELL_077,2021,21.07504,79.01817,Ward 10 (Sanjay Gandhi Nagar),27.76,-2.8,0.202,-0.045,-0.225,0.091,Tree,0.83,45.36,29.48,300.6,1661.6,2513.2,249.3,94.9,Not Significant,Persistent
NGP_CELL_077,2022,21.07504,79.01817,Ward 10 (Sanjay Gandhi Nagar),32.4,0.1,0.09,0.305,-0.407,0.208,Built-up,0.69,69.9,115.02,300.6,1661.6,2513.2,249.3,97.9,Not Significant,Diminishing
NGP_CELL_077,2023,21.07504,79.01817,Ward 10 (Sanjay Gandhi Nagar),27.25,-1.8,0.098,0.156,-0.577,0.241,Built-up,0.77,64.19,96.56,300.6,1661.6,2513.2,249.3,96.3,Not Significant,Emerging
NGP_CELL_077,2024,21.07504,79.01817,Ward 10 (Sanjay Gandhi Nagar),25.71,-2.43,0.325,-0.038,-0.447,0.108,Grass,0.94,33.12,191.05,300.6,1661.6,2513.2,249.3,95.8,Not Significant,Emerging
NGP_CELL_078,2019,21.12674,79.02384,Ward 8 (Gandhibagh),27.04,-2.48,0.287,0.051,-0.545,0.103,Bare,0.67,39.88,166.15,317.9,2381.1,955.2,613.5,91.7,Hot Spot,Sporadic
NGP_CELL_078,2020,21.12674,79.02384,Ward 8 (Gandhibagh),29.22,-2.02,0.349,0.033,-0.343,0.11,Grass,0.83,34.21,148.13,317.9,2381.1,955.2,613.5,86.9,Not Significant,Persistent
NGP_CELL_078,2021,21.12674,79.02384,Ward 8 (Gandhibagh),30.39,-1.48,0.245,0.154,-0.426,0.217,Built-up,0.67,54.45,67.03,317.9,2381.1,955.2,613.5,85.6,Cold Spot,Emerging
NGP_CELL_078,2022,21.12674,79.02384,Ward 8 (Gandhibagh),31.66,-0.27,0.123,0.298,-0.588,0.243,Built-up,0.79,76.6,183.11,317.9,2381.1,955.2,613.5,88.6,Cold Spot,Persistent
NGP_CELL_078,2023,21.12674,79.02384,Ward 8 (Gandhibagh),29.15,-0.86,0.092,0.274,-0.525,0.228,Built-up,0.76,76.67,169.94,317.9,2381.1,955.2,613.5,90.7,Not Significant,Persistent
NGP_CELL_078,2024,21.12674,79.02384,Ward 8 (Gandhibagh),25.85,-2.36,0.336,-0.001,-0.503,0.088,Tree,0.71,32.6,99.26,317.9,2381.1,955.2,613.5,90.3,Not Significant,Emerging
NGP_CELL_079,2019,21.17252,79.14394,Ward 9 (Nehru Nagar),28.82,-1.59,0.274,0.143,-0.233,0.18,Tree,0.86,47.01,21.7,308.0,2015.0,233.5,586.7,92.6,Hot Spot,Sporadic
NGP_CELL_079,2020,21.17252,79.14394,Ward 9 (Nehru Nagar),23.16,-5.05,0.345,-0.262,-0.413,0.107,Tree,0.8,17.76,168.07,308.0,2015.0,233.5,586.7,92.0,Not Significant,Persistent
NGP_CELL_079,2021,21.17252,79.14394,Ward 9 (Nehru Nagar),29.12,-2.12,0.234,0.068,-0.465,0.119,Tree,0.79,47.78,107.0,308.0,2015.0,233.5,586.7,92.8,Hot Spot,Persistent
NGP_CELL_079,2022,21.17252,79.14394,Ward 9 (Nehru Nagar),32.03,-0.09,0.058,0.348,-0.596,0.154,Built-up,0.95,73.37,172.06,308.0,2015.0,233.5,586.7,91.1,Not Significant,Persistent
NGP_CELL_079,2023,21.17252,79.14394,Ward 9 (Nehru Nagar),22.62,-4.12,0.388,-0.118,-0.419,0.084,Tree,0.98,23.06,129.14,308.0,2015.0,233.5,586.7,97.6,Not Significant,Persistent
NGP_CELL_079,2024,21.17252,79.14394,Ward 9 (Nehru Nagar),29.4,-0.58,0.148,0.376,-0.334,0.189,Built-up,0.71,77.89,239.57,308.0,2015.0,233.5,586.7,99.5,Not Significant,Persistent
NGP_CELL_080,2019,21.06576,79.10326,Ward 5 (Dhantoli),27.59,-2.21,0.166,0.098,-0.407,0.129,Built-up,0.83,51.55,183.34,300.7,4541.3,2414.1,54.5,99.2,Cold Spot,Persistent
NGP_CELL_080,2020,21.06576,79.10326,Ward 5 (Dhantoli),29.05,-2.1,0.216,0.151,-0.549,0.243,Built-up,0.94,51.76,113.99,300.7,4541.3,2414.1,54.5,87.0,Not Significant,Persistent
NGP_CELL_080,2021,21.06576,79.10326,Ward 5 (Dhantoli),33.06,-0.15,0.115,0.377,-0.558,0.245,Built-up,0.8,72.34,162.32,300.7,4541.3,2414.1,54.5,97.3,Not Significant,Persistent
NGP_CELL_080,2022,21.06576,79.10326,Ward 5 (Dhantoli),25.86,-3.18,0.272,-0.119,-0.256,0.126,Bare,0.88,37.09,164.78,300.7,4541.3,2414.1,54.5,88.9,Cold Spot,Persistent
NGP_CELL_080,2023,21.06576,79.10326,Ward 5 (Dhantoli),30.72,-0.07,0.043,0.372,-0.516,0.185,Built-up,0.81,71.75,165.27,300.7,4541.3,2414.1,54.5,96.7,Not Significant,Persistent
NGP_CELL_080,2024,21.06576,79.10326,Ward 5 (Dhantoli),29.63,-0.47,0.092,0.39,-0.398,0.143,Built-up,0.85,79.22,113.44,300.7,4541.3,2414.1,54.5,97.2,Not Significant,Persistent
NGP_CELL_081,2019,21.16492,79.13987,Ward 2 (Ashinagar),30.88,-0.56,0.191,0.338,-0.239,0.233,Built-up,0.9,64.91,108.32,309.4,3183.3,2625.6,68.0,86.6,Hot Spot,Persistent
NGP_CELL_081,2020,21.16492,79.13987,Ward 2 (Ashinagar),29.38,-1.94,0.194,0.078,-0.372,0.114,Grass,0.73,46.84,104.21,309.4,3183.3,2625.6,68.0,93.4,Cold Spot,Diminishing
NGP_CELL_081,2021,21.16492,79.13987,Ward 2 (Ashinagar),29.72,-1.82,0.277,0.038,-0.288,0.082,Bare,0.7,34.41,91.93,309.4,3183.3,2625.6,68.0,97.4,Cold Spot,Persistent
NGP_CELL_081,2022,21.16492,79.13987,Ward 2 (Ashinagar),28.21,-2.0,0.241,0.045,-0.498,0.178,Grass,0.96,46.64,91.96,309.4,3183.3,2625.6,68.0,99.7,Not Significant,Diminishing
NGP_CELL_081,2023,21.16492,79.13987,Ward 2 (Ashinagar),25.44,-2.71,0.374,0.023,-0.422,0.17,Bare,0.68,43.35,109.43,309.4,3183.3,2625.6,68.0,91.5,Not Significant,Sporadic
NGP_CELL_081,2024,21.16492,79.13987,Ward 2 (Ashinagar),28.01,-1.27,0.159,0.224,-0.229,0.243,Built-up,0.82,55.3,75.25,309.4,3183.3,2625.6,68.0,93.3,Not Significant,Sporadic
NGP_CELL_082,2019,21.13211,79.00964,Ward 1 (Lakadganj),25.87,-3.06,0.433,0.001,-0.267,0.11,Tree,0.94,31.85,43.23,286.4,4891.5,479.8,391.0,89.5,Cold Spot,Persistent
NGP_CELL_082,2020,21.13211,79.00964,Ward 1 (Lakadganj),32.42,-0.42,0.198,0.311,-0.407,0.211,Built-up,0.96,70.48,142.54,286.4,4891.5,479.8,391.0,86.0,Cold Spot,Persistent
NGP_CELL_082,2021,21.13211,79.00964,Ward 1 (Lakadganj),31.24,-1.06,0.124,0.178,-0.459,0.15,Built-up,0.93,57.42,129.81,286.4,4891.5,479.8,391.0,99.2,Cold Spot,Emerging
NGP_CELL_082,2022,21.13211,79.00964,Ward 1 (Lakadganj),29.43,-1.39,0.177,0.036,-0.583,0.13,Crop,0.88,46.97,82.39,286.4,4891.5,479.8,391.0,93.2,Cold Spot,Diminishing
NGP_CELL_082,2023,21.13211,79.00964,Ward 1 (Lakadganj),31.76,0.45,0.087,0.453,-0.26,0.182,Built-up,0.88,84.45,84.49,286.4,4891.5,479.8,391.0,93.7,Cold Spot,Sporadic
NGP_CELL_082,2024,21.13211,79.00964,Ward 1 (Lakadganj),26.45,-2.05,0.26,0.255,-0.439,0.197,Built-up,0.69,64.95,66.03,286.4,4891.5,479.8,391.0,86.3,Not Significant,Persistent
NGP_CELL_083,2019,21.19807,79.08417,Ward 2 (Ashinagar),25.28,-3.36,0.298,-0.028,-0.549,0.082,Crop,0.83,30.92,34.42,304.8,1421.6,2685.1,21.3,94.4,Cold Spot,Persistent
NGP_CELL_083,2020,21.19807,79.08417,Ward 2 (Ashinagar),28.49,-2.39,0.367,0.017,-0.458,0.132,Crop,0.67,43.02,117.34,304.8,1421.6,2685.1,21.3,89.6,Not Significant,Sporadic
NGP_CELL_083,2021,21.19807,79.08417,Ward 2 (Ashinagar),26.15,-3.61,0.314,-0.159,-0.378,0.133,Crop,0.71,31.09,52.31,304.8,1421.6,2685.1,21.3,88.2,Cold Spot,Persistent
NGP_CELL_083,2022,21.19807,79.08417,Ward 2 (Ashinagar),32.05,-0.08,0.245,0.379,-0.29,0.179,Built-up,0.65,69.64,135.18,304.8,1421.6,2685.1,21.3,96.3,Not Significant,Diminishing
NGP_CELL_083,2023,21.19807,79.08417,Ward 2 (Ashinagar),30.32,-0.27,0.053,0.328,-0.329,0.185,Built-up,0.71,73.67,78.28,304.8,1421.6,2685.1,21.3,99.8,Not Significant,Persistent
NGP_CELL_083,2024,21.19807,79.08417,Ward 2 (Ashinagar),32.46,0.95,0.051,0.548,-0.266,0.228,Built-up,0.95,87.46,141.18,304.8,1421.6,2685.1,21.3,95.5,Not Significant,Persistent
NGP_CELL_084,2019,21.09627,79.00301,Ward 1 (Lakadganj),25.93,-3.03,0.28,-0.048,-0.215,0.14,Crop,0.78,36.8,44.88,299.9,3340.4,43.2,697.5,91.0,Cold Spot,Emerging
NGP_CELL_084,2020,21.09627,79.00301,Ward 1 (Lakadganj),31.43,-0.92,0.152,0.238,-0.267,0.136,Built-up,0.72,62.9,40.17,299.9,3340.4,43.2,697.5,86.9,Not Significant,Sporadic
NGP_CELL_084,2021,21.09627,79.00301,Ward 1 (Lakadganj),25.52,-3.92,0.401,-0.089,-0.356,0.162,Grass,0.98,38.86,144.37,299.9,3340.4,43.2,697.5,96.8,Cold Spot,Persistent
NGP_CELL_084,2022,21.09627,79.00301,Ward 1 (Lakadganj),27.68,-2.27,0.249,0.112,-0.496,0.088,Bare,0.84,48.39,163.54,299.9,3340.4,43.2,697.5,86.8,Cold Spot,Emerging
NGP_CELL_084,2023,21.09627,79.00301,Ward 1 (Lakadganj),29.84,-0.51,0.157,0.267,-0.576,0.197,Built-up,0.78,72.84,178.45,299.9,3340.4,43.2,697.5,95.6,Not Significant,Persistent
NGP_CELL_084,2024,21.09627,79.00301,Ward 1 (Lakadganj),27.86,-1.35,0.19,0.223,-0.276,0.216,Built-up,0.71,61.69,156.99,299.9,3340.4,43.2,697.5,95.0,Hot Spot,Diminishing
NGP_CELL_085,2019,21.12505,79.13411,Ward 8 (Gandhibagh),30.58,-0.71,0.22,0.357,-0.405,0.202,Built-up,0.79,67.08,147.21,313.3,1381.2,2200.8,77.1,95.8,Not Significant,Diminishing
NGP_CELL_085,2020,21.12505,79.13411,Ward 8 (Gandhibagh),28.45,-2.41,0.204,-0.075,-0.26,0.18,Bare,0.8,41.5,66.92,313.3,1381.2,2200.8,77.1,98.3,Not Significant,Persistent
NGP_CELL_085,2021,21.12505,79.13411,Ward 8 (Gandhibagh),27.84,-2.76,0.266,-0.029,-0.261,0.157,Bare,0.75,30.29,80.94,313.3,1381.2,2200.8,77.1,94.0,Cold Spot,Sporadic
NGP_CELL_085,2022,21.12505,79.13411,Ward 8 (Gandhibagh),32.45,0.12,0.076,0.369,-0.524,0.208,Built-up,0.67,67.69,44.53,313.3,1381.2,2200.8,77.1,86.4,Not Significant,Persistent
NGP_CELL_085,2023,21.12505,79.13411,Ward 8 (Gandhibagh),27.27,-1.8,0.188,0.102,-0.389,0.235,Built-up,0.69,59.34,63.95,313.3,1381.2,2200.8,77.1,98.4,Not Significant,Persistent
NGP_CELL_085,2024,21.12505,79.13411,Ward 8 (Gandhibagh),25.0,-2.78,0.265,0.051,-0.592,0.169,Tree,0.81,39.54,185.28,313.3,1381.2,2200.8,77.1,93.5,Not Significant,Sporadic
NGP_CELL_086,2019,21.07848,79.01653,Ward 9 (Nehru Nagar),28.41,-1.8,0.331,0.054,-0.375,0.168,Bare,0.94,40.02,69.94,305.7,201.4,1866.3,622.7,93.7,Not Significant,Sporadic
NGP_CELL_086,2020,21.07848,79.01653,Ward 9 (Nehru Nagar),26.69,-3.29,0.503,-0.191,-0.301,0.111,Bare,0.81,15.57,193.94,305.7,201.4,1866.3,622.7,89.6,Not Significant,Persistent
NGP_CELL_086,2021,21.07848,79.01653,Ward 9 (Nehru Nagar),30.99,-1.19,0.185,0.302,-0.462,0.156,Built-up,0.87,66.41,141.97,305.7,201.4,1866.3,622.7,85.7,Hot Spot,Emerging
NGP_CELL_086,2022,21.07848,79.01653,Ward 9 (Nehru Nagar),30.81,-0.7,0.235,0.225,-0.571,0.244,Built-up,0.77,63.56,177.94,305.7,201.4,1866.3,622.7,88.3,Not Significant,Persistent
NGP_CELL_086,2023,21.07848,79.01653,Ward 9 (Nehru Nagar),30.73,-0.07,0.02,0.326,-0.562,0.175,Built-up,0.9,79.78,195.68,305.7,201.4,1866.3,622.7,92.9,Hot Spot,Persistent
NGP_CELL_086,2024,21.07848,79.01653,Ward 9 (Nehru Nagar),28.42,-1.07,0.142,0.165,-0.358,0.141,Built-up,0.72,64.92,171.53,305.7,201.4,1866.3,622.7,96.0,Cold Spot,Persistent
NGP_CELL_087,2019,21.13991,79.02569,Ward 2 (Ashinagar),30.68,-0.66,0.163,0.245,-0.594,0.131,Built-up,0.97,63.36,121.71,316.9,651.8,1340.1,652.7,98.0,Not Significant,Emerging
NGP_CELL_087,2020,21.13991,79.02569,Ward 2 (Ashinagar),30.75,-1.26,0.124,0.168,-0.231,0.15,Built-up,0.81,60.8,140.68,316.9,651.8,1340.1,652.7,96.2,Not Significant,Diminishing
NGP_CELL_087,2021,21.13991,79.02569,Ward 2 (Ashinagar),27.2,-3.08,0.322,0.018,-0.259,0.13,Bare,0.74,43.84,141.3,316.9,651.8,1340.1,652.7,89.0,Not Significant,Emerging
NGP_CELL_087,2022,21.13991,79.02569,Ward 2 (Ashinagar),31.6,-0.31,0.208,0.263,-0.28,0.179,Built-up,0.87,70.87,67.85,316.9,651.8,1340.1,652.7,95.1,Not Significant,Persistent
NGP_CELL_087,2023,21.13991,79.02569,Ward 2 (Ashinagar),31.74,0.44,0.135,0.387,-0.408,0.18,Built-up,0.73,76.41,139.43,316.9,651.8,1340.1,652.7,94.4,Not Significant,Persistent
NGP_CELL_087,2024,21.13991,79.02569,Ward 2 (Ashinagar),28.95,-0.81,0.093,0.358,-0.526,0.177,Built-up,0.83,67.16,148.84,316.9,651.8,1340.1,652.7,90.9,Not Significant,Persistent
NGP_CELL_088,2019,21.17204,79.00536,Ward 5 (Dhantoli),26.94,-2.53,0.271,-0.047,-0.267,0.129,Tree,0.8,32.98,122.3,286.3,2283.7,1819.1,554.1,96.9,Cold Spot,Persistent
NGP_CELL_088,2020,21.17204,79.00536,Ward 5 (Dhantoli),25.06,-4.1,0.373,-0.123,-0.349,0.112,Tree,0.67,37.5,64.46,286.3,2283.7,1819.1,554.1,99.6,Cold Spot,Persistent
NGP_CELL_088,2021,21.17204,79.00536,Ward 5 (Dhantoli),26.75,-3.31,0.325,-0.056,-0.338,0.119,Grass,0.94,33.52,175.44,286.3,2283.7,1819.1,554.1,85.8,Not Significant,Emerging
NGP_CELL_088,2022,21.17204,79.00536,Ward 5 (Dhantoli),30.34,-0.94,0.201,0.252,-0.54,0.185,Built-up,0.78,67.21,177.86,286.3,2283.7,1819.1,554.1,97.0,Not Significant,Persistent
NGP_CELL_088,2023,21.17204,79.00536,Ward 5 (Dhantoli),29.85,-0.51,0.118,0.278,-0.492,0.224,Built-up,0.94,73.4,122.47,286.3,2283.7,1819.1,554.1,90.9,Not Significant,Sporadic
NGP_CELL_088,2024,21.17204,79.00536,Ward 5 (Dhantoli),24.6,-2.98,0.337,0.001,-0.436,0.145,Tree,0.87,47.84,38.94,286.3,2283.7,1819.1,554.1,95.7,Cold Spot,Persistent
NGP_CELL_089,2019,21.19106,79.0391,Ward 1 (Lakadganj),27.81,-2.1,0.309,0.107,-0.201,0.236,Built-up,0.8,53.69,195.94,284.2,3146.4,289.6,77.8,94.7,Cold Spot,Persistent
NGP_CELL_089,2020,21.19106,79.0391,Ward 1 (Lakadganj),30.42,-1.42,0.19,0.216,-0.568,0.21,Built-up,0.87,68.17,205.28,284.2,3146.4,289.6,77.8,96.8,Not Significant,Sporadic
NGP_CELL_089,2021,21.19106,79.0391,Ward 1 (Lakadganj),33.76,0.2,0.194,0.404,-0.241,0.137,Built-up,0.84,70.79,77.09,284.2,3146.4,289.6,77.8,88.5,Hot Spot,Persistent
NGP_CELL_089,2022,21.19106,79.0391,Ward 1 (Lakadganj),23.63,-4.29,0.474,-0.194,-0.354,0.155,Crop,0.66,14.46,197.01,284.2,3146.4,289.6,77.8,91.7,Cold Spot,Persistent
NGP_CELL_089,2023,21.19106,79.0391,Ward 1 (Lakadganj),25.44,-2.71,0.2,0.056,-0.376,0.176,Tree,0.88,43.45,97.42,284.2,3146.4,289.6,77.8,89.4,Not Significant,Diminishing
NGP_CELL_089,2024,21.19106,79.0391,Ward 1 (Lakadganj),24.76,-2.9,0.244,-0.098,-0.33,0.086,Crop,0.67,38.39,211.45,284.2,3146.4,289.6,77.8,95.1,Not Significant,Persistent
NGP_CELL_090,2019,21.12832,79.06023,Ward 8 (Gandhibagh),27.21,-2.4,0.235,-0.056,-0.39,0.161,Tree,0.78,39.87,164.24,298.9,3092.5,1371.7,715.5,88.7,Cold Spot,Diminishing
NGP_CELL_090,2020,21.12832,79.06023,Ward 8 (Gandhibagh),22.12,-5.57,0.458,-0.314,-0.318,0.125,Grass,0.97,17.75,178.0,298.9,3092.5,1371.7,715.5,86.5,Not Significant,Persistent
NGP_CELL_090,2021,21.12832,79.06023,Ward 8 (Gandhibagh),32.32,-0.52,0.136,0.311,-0.441,0.164,Built-up,0.97,65.04,49.02,298.9,3092.5,1371.7,715.5,93.3,Not Significant,Persistent
NGP_CELL_090,2022,21.12832,79.06023,Ward 8 (Gandhibagh),29.72,-1.25,0.176,0.304,-0.372,0.177,Built-up,0.81,71.45,200.08,298.9,3092.5,1371.7,715.5,91.2,Not Significant,Emerging
NGP_CELL_090,2023,21.12832,79.06023,Ward 8 (Gandhibagh),29.07,-0.9,0.168,0.233,-0.543,0.148,Built-up,0.77,67.0,151.76,298.9,3092.5,1371.7,715.5,94.9,Not Significant,Diminishing
NGP_CELL_090,2024,21.12832,79.06023,Ward 8 (Gandhibagh),24.28,-3.14,0.337,-0.005,-0.567,0.099,Crop,0.97,31.39,198.58,298.9,3092.5,1371.7,715.5,91.6,Not Significant,Sporadic
NGP_CELL_091,2019,21.19824,79.05833,Ward 8 (Gandhibagh),23.72,-4.14,0.394,-0.215,-0.304,0.111,Bare,0.66,21.85,143.26,318.2,4554.1,2887.1,343.5,96.9,Not Significant,Emerging
NGP_CELL_091,2020,21.19824,79.05833,Ward 8 (Gandhibagh),32.31,-0.48,0.081,0.208,-0.392,0.194,Built-up,0.74,70.18,83.51,318.2,4554.1,2887.1,343.5,93.4,Not Significant,Diminishing
NGP_CELL_091,2021,21.19824,79.05833,Ward 8 (Gandhibagh),24.41,-4.48,0.408,-0.201,-0.586,0.135,Crop,0.94,21.88,143.12,318.2,4554.1,2887.1,343.5,89.6,Not Significant,Persistent
NGP_CELL_091,2022,21.19824,79.05833,Ward 8 (Gandhibagh),26.94,-2.64,0.332,0.009,-0.55,0.148,Tree,0.88,33.55,77.54,318.2,4554.1,2887.1,343.5,93.6,Not Significant,Persistent
NGP_CELL_091,2023,21.19824,79.05833,Ward 8 (Gandhibagh),29.78,-0.54,0.236,0.383,-0.352,0.205,Built-up,0.92,68.57,44.89,318.2,4554.1,2887.1,343.5,94.9,Not Significant,Sporadic
NGP_CELL_091,2024,21.19824,79.05833,Ward 8 (Gandhibagh),22.21,-4.17,0.411,-0.143,-0.204,0.132,Tree,0.65,28.89,66.2,318.2,4554.1,2887.1,343.5,88.1,Cold Spot,Persistent
NGP_CELL_092,2019,21.05296,79.02028,Ward 2 (Ashinagar),28.55,-1.73,0.265,0.194,-0.449,0.206,Built-up,0.71,50.64,123.9,293.4,1044.3,1136.5,254.7,85.9,Cold Spot,Persistent
NGP_CELL_092,2020,21.05296,79.02028,Ward 2 (Ashinagar),24.72,-4.27,0.369,-0.2,-0.482,0.153,Crop,0.82,23.72,28.2,293.4,1044.3,1136.5,254.7,98.1,Cold Spot,Persistent
NGP_CELL_092,2021,21.05296,79.02028,Ward 2 (Ashinagar),32.39,-0.49,0.142,0.285,-0.519,0.179,Built-up,0.69,67.97,127.55,293.4,1044.3,1136.5,254.7,86.5,Not Significant,Diminishing
NGP_CELL_092,2022,21.05296,79.02028,Ward 2 (Ashinagar),30.88,-0.66,0.264,0.245,-0.467,0.207,Built-up,0.87,66.22,66.26,293.4,1044.3,1136.5,254.7,88.2,Not Significant,Sporadic
NGP_CELL_092,2023,21.05296,79.02028,Ward 2 (Ashinagar),31.93,0.53,0.153,0.401,-0.499,0.248,Built-up,0.86,72.93,204.39,293.4,1044.3,1136.5,254.7,86.3,Cold Spot,Diminishing
NGP_CELL_092,2024,21.05296,79.02028,Ward 2 (Ashinagar),23.62,-3.47,0.318,-0.146,-0.557,0.087,Crop,0.85,28.57,52.22,293.4,1044.3,1136.5,254.7,93.8,Not Significant,Diminishing
NGP_CELL_093,2019,21.12646,79.06337,Ward 9 (Nehru Nagar),29.45,-1.27,0.199,0.213,-0.421,0.177,Built-up,0.95,53.38,163.43,304.4,904.7,681.2,22.1,92.8,Not Significant,Sporadic
NGP_CELL_093,2020,21.12646,79.06337,Ward 9 (Nehru Nagar),31.65,-0.81,0.145,0.253,-0.55,0.196,Built-up,0.81,70.46,59.52,304.4,904.7,681.2,22.1,96.5,Not Significant,Diminishing
NGP_CELL_093,2021,21.12646,79.06337,Ward 9 (Nehru Nagar),33.17,-0.1,0.094,0.319,-0.447,0.13,Built-up,0.93,63.32,209.15,304.4,904.7,681.2,22.1,95.7,Cold Spot,Emerging
NGP_CELL_093,2022,21.12646,79.06337,Ward 9 (Nehru Nagar),27.06,-2.58,0.213,0.128,-0.373,0.172,Built-up,0.71,60.28,190.65,304.4,904.7,681.2,22.1,89.3,Cold Spot,Persistent
NGP_CELL_093,2023,21.12646,79.06337,Ward 9 (Nehru Nagar),28.73,-1.07,0.311,0.25,-0.582,0.215,Built-up,0.66,57.39,60.45,304.4,904.7,681.2,22.1,97.5,Not Significant,Diminishing
NGP_CELL_093,2024,21.12646,79.06337,Ward 9 (Nehru Nagar),30.71,0.07,0.049,0.371,-0.455,0.121,Built-up,0.82,70.22,204.7,304.4,904.7,681.2,22.1,94.4,Not Significant,Emerging
NGP_CELL_094,2019,21.19518,79.12945,Ward 7 (Mangalwari),29.24,-1.38,0.212,0.131,-0.394,0.142,Built-up,0.72,54.61,89.86,284.5,790.1,1313.9,318.7,88.9,Not Significant,Sporadic
NGP_CELL_094,2020,21.19518,79.12945,Ward 7 (Mangalwari),27.96,-2.65,0.293,-0.015,-0.318,0.139,Tree,0.97,32.78,41.87,284.5,790.1,1313.9,318.7,91.7,Not Significant,Sporadic
NGP_CELL_094,2021,21.19518,79.12945,Ward 7 (Mangalwari),28.13,-2.62,0.362,0.024,-0.396,0.118,Crop,0.72,47.53,135.46,284.5,790.1,1313.9,318.7,90.3,Not Significant,Persistent
NGP_CELL_094,2022,21.19518,79.12945,Ward 7 (Mangalwari),23.3,-4.46,0.435,-0.226,-0.595,0.093,Tree,0.84,22.86,142.42,284.5,790.1,1313.9,318.7,89.6,Cold Spot,Sporadic
NGP_CELL_094,2023,21.19518,79.12945,Ward 7 (Mangalwari),23.48,-3.69,0.237,-0.11,-0.42,0.082,Tree,0.93,34.08,77.94,284.5,790.1,1313.9,318.7,89.1,Cold Spot,Emerging
NGP_CELL_094,2024,21.19518,79.12945,Ward 7 (Mangalwari),27.59,-1.49,0.23,0.061,-0.554,0.149,Grass,0.69,42.67,170.99,284.5,790.1,1313.9,318.7,91.6,Not Significant,Persistent
NGP_CELL_095,2019,21.14643,79.0573,Ward 1 (Lakadganj),27.03,-2.48,0.197,-0.061,-0.591,0.086,Crop,0.85,41.96,191.6,288.2,3717.1,2058.4,607.6,92.8,Not Significant,Persistent
NGP_CELL_095,2020,21.14643,79.0573,Ward 1 (Lakadganj),28.39,-2.44,0.393,0.013,-0.593,0.173,Crop,0.66,35.99,44.39,288.2,3717.1,2058.4,607.6,86.3,Not Significant,Sporadic
NGP_CELL_095,2021,21.14643,79.0573,Ward 1 (Lakadganj),31.79,-0.79,0.204,0.241,-0.252,0.192,Built-up,0.79,73.67,79.76,288.2,3717.1,2058.4,607.6,95.0,Not Significant,Diminishing
NGP_CELL_095,2022,21.14643,79.0573,Ward 1 (Lakadganj),23.69,-4.26,0.312,-0.258,-0.541,0.121,Grass,0.8,23.22,216.89,288.2,3717.1,2058.4,607.6,92.3,Cold Spot,Persistent
NGP_CELL_095,2023,21.14643,79.0573,Ward 1 (Lakadganj),22.98,-3.94,0.312,-0.098,-0.443,0.142,Tree,0.81,29.64,186.76,288.2,3717.1,2058.4,607.6,93.7,Cold Spot,Persistent
NGP_CELL_095,2024,21.14643,79.0573,Ward 1 (Lakadganj),25.23,-2.67,0.196,0.084,-0.466,0.162,Grass,0.69,46.46,181.99,288.2,3717.1,2058.4,607.6,97.0,Not Significant,Persistent
NGP_CELL_096,2019,21.1954,79.14394,Ward 1 (Lakadganj),27.57,-2.22,0.196,0.053,-0.383,0.172,Grass,0.87,45.62,169.08,296.5,2034.0,2040.3,55.5,89.1,Cold Spot,Persistent
NGP_CELL_096,2020,21.1954,79.14394,Ward 1 (Lakadganj),25.7,-3.78,0.386,-0.198,-0.492,0.157,Bare,0.71,29.02,177.41,296.5,2034.0,2040.3,55.5,98.3,Cold Spot,Persistent
NGP_CELL_096,2021,21.1954,79.14394,Ward 1 (Lakadganj),29.3,-2.03,0.371,0.035,-0.237,0.154,Bare,0.93,45.46,167.46,296.5,2034.0,2040.3,55.5,90.2,Not Significant,Emerging
NGP_CELL_096,2022,21.1954,79.14394,Ward 1 (Lakadganj),28.93,-1.64,0.24,-0.005,-0.344,0.168,Crop,0.78,44.53,183.81,296.5,2034.0,2040.3,55.5,91.3,Not Significant,Sporadic
NGP_CELL_096,2023,21.1954,79.14394,Ward 1 (Lakadganj),22.56,-4.15,0.452,-0.069,-0.528,0.13,Tree,0.65,23.16,222.07,296.5,2034.0,2040.3,55.5,97.9,Cold Spot,Emerging
NGP_CELL_096,2024,21.1954,79.14394,Ward 1 (Lakadganj),29.39,-0.59,0.144,0.248,-0.417,0.199,Built-up,0.75,58.78,48.54,296.5,2034.0,2040.3,55.5,94.1,Not Significant,Persistent
NGP_CELL_097,2019,21.09132,79.03976,Ward 9 (Nehru Nagar),25.57,-3.21,0.34,-0.06,-0.241,0.119,Crop,0.69,34.46,158.23,299.9,1536.9,2782.0,471.7,99.6,Hot Spot,Sporadic
NGP_CELL_097,2020,21.09132,79.03976,Ward 9 (Nehru Nagar),31.05,-1.1,0.246,0.21,-0.512,0.187,Built-up,0.87,69.75,25.38,299.9,1536.9,2782.0,471.7,93.2,Hot Spot,Persistent
NGP_CELL_097,2021,21.09132,79.03976,Ward 9 (Nehru Nagar),31.52,-0.92,0.175,0.132,-0.442,0.149,Grass,0.98,45.55,55.5,299.9,1536.9,2782.0,471.7,89.6,Not Significant,Emerging
NGP_CELL_097,2022,21.09132,79.03976,Ward 9 (Nehru Nagar),23.78,-4.21,0.479,-0.101,-0.434,0.126,Tree,0.77,21.59,33.42,299.9,1536.9,2782.0,471.7,90.2,Not Significant,Diminishing
NGP_CELL_097,2023,21.09132,79.03976,Ward 9 (Nehru Nagar),29.0,-0.93,0.248,0.246,-0.398,0.213,Built-up,0.87,61.87,211.8,299.9,1536.9,2782.0,471.7,97.7,Hot Spot,Persistent
NGP_CELL_097,2024,21.09132,79.03976,Ward 9 (Nehru Nagar),27.45,-1.55,0.191,0.107,-0.351,0.147,Bare,0.89,44.02,198.74,299.9,1536.9,2782.0,471.7,88.2,Not Significant,Persistent
NGP_CELL_098,2019,21.07294,79.12096,Ward 8 (Gandhibagh),22.62,-4.69,0.515,-0.249,-0.398,0.095,Crop,0.79,14.8,126.34,298.2,1935.4,2946.3,314.1,87.9,Cold Spot,Persistent
NGP_CELL_098,2020,21.07294,79.12096,Ward 8 (Gandhibagh),30.43,-1.42,0.146,0.214,-0.331,0.188,Built-up,0.72,71.03,65.45,298.2,1935.4,2946.3,314.1,98.5,Cold Spot,Sporadic
NGP_CELL_098,2021,21.07294,79.12096,Ward 8 (Gandhibagh),31.29,-1.04,0.246,0.214,-0.435,0.243,Built-up,0.73,60.28,97.78,298.2,1935.4,2946.3,314.1,90.1,Hot Spot,Sporadic
NGP_CELL_098,2022,21.07294,79.12096,Ward 8 (Gandhibagh),25.76,-3.23,0.395,0.008,-0.242,0.086,Crop,0.89,37.46,136.45,298.2,1935.4,2946.3,314.1,87.1,Not Significant,Persistent
NGP_CELL_098,2023,21.07294,79.12096,Ward 8 (Gandhibagh),24.83,-3.02,0.349,-0.005,-0.203,0.149,Crop,0.9,39.86,122.26,298.2,1935.4,2946.3,314.1,96.5,Cold Spot,Persistent
NGP_CELL_098,2024,21.07294,79.12096,Ward 8 (Gandhibagh),24.74,-2.91,0.317,-0.096,-0.369,0.114,Bare,0.88,33.21,192.62,298.2,1935.4,2946.3,314.1,86.3,Not Significant,Persistent
NGP_CELL_099,2019,21.06085,79.13178,Ward 10 (Sanjay Gandhi Nagar),25.46,-3.27,0.313,0.009,-0.281,0.158,Bare,0.87,45.01,137.97,296.7,1933.3,1605.1,673.9,93.4,Hot Spot,Persistent
NGP_CELL_099,2020,21.06085,79.13178,Ward 10 (Sanjay Gandhi Nagar),23.96,-4.65,0.399,-0.209,-0.542,0.172,Bare,0.67,19.13,120.12,296.7,1933.3,1605.1,673.9,91.6,Not Significant,Persistent
NGP_CELL_099,2021,21.06085,79.13178,Ward 10 (Sanjay Gandhi Nagar),31.54,-0.91,0.19,0.136,-0.267,0.1,Grass,0.91,49.11,108.63,296.7,1933.3,1605.1,673.9,94.6,Not Significant,Persistent
NGP_CELL_099,2022,21.06085,79.13178,Ward 10 (Sanjay Gandhi Nagar),24.91,-3.65,0.43,-0.065,-0.227,0.174,Bare,0.95,27.16,129.6,296.7,1933.3,1605.1,673.9,98.7,Not Significant,Persistent
NGP_CELL_099,2023,21.06085,79.13178,Ward 10 (Sanjay Gandhi Nagar),21.75,-4.56,0.489,-0.179,-0.481,0.14,Tree,0.78,15.17,114.77,296.7,1933.3,1605.1,673.9,99.1,Not Significant,Persistent
NGP_CELL_099,2024,21.06085,79.13178,Ward 10 (Sanjay Gandhi Nagar),22.81,-3.88,0.315,-0.182,-0.541,0.123,Crop,0.94,29.57,44.6,296.7,1933.3,1605.1,673.9,87.9,Cold Spot,Sporadic
NGP_CELL_100,2019,21.05293,79.1246,Ward 1 (Lakadganj),24.93,-3.53,0.273,-0.051,-0.551,0.178,Tree,0.85,41.62,130.74,300.6,4147.6,1334.1,457.5,87.6,Not Significant,Emerging
NGP_CELL_100,2020,21.05293,79.1246,Ward 1 (Lakadganj),29.53,-1.87,0.273,0.171,-0.228,0.11,Crop,0.8,49.88,185.17,300.6,4147.6,1334.1,457.5,98.0,Not Significant,Sporadic
NGP_CELL_100,2021,21.05293,79.1246,Ward 1 (Lakadganj),26.7,-3.33,0.381,-0.133,-0.342,0.165,Tree,0.84,30.21,83.31,300.6,4147.6,1334.1,457.5,89.0,Not Significant,Persistent
NGP_CELL_100,2022,21.05293,79.1246,Ward 1 (Lakadganj),22.53,-4.84,0.493,-0.29,-0.361,0.107,Bare,0.84,18.71,155.73,300.6,4147.6,1334.1,457.5,86.2,Not Significant,Emerging
NGP_CELL_100,2023,21.05293,79.1246,Ward 1 (Lakadganj),26.42,-2.22,0.261,0.034,-0.595,0.15,Bare,0.86,42.37,151.87,300.6,4147.6,1334.1,457.5,97.3,Not Significant,Persistent
NGP_CELL_100,2024,21.05293,79.1246,Ward 1 (Lakadganj),23.36,-3.6,0.243,-0.155,-0.227,0.171,Crop,0.7,32.33,124.66,300.6,4147.6,1334.1,457.5,92.9,Not Significant,Persistent
NGP_CELL_101,2019,21.14451,79.05109,Ward 1 (Lakadganj),31.59,-0.21,0.118,0.28,-0.361,0.158,Built-up,0.68,65.65,138.7,296.1,816.4,359.5,609.0,86.7,Not Significant,Persistent
NGP_CELL_101,2020,21.14451,79.05109,Ward 1 (Lakadganj),30.9,-1.18,0.267,0.205,-0.502,0.193,Built-up,0.69,64.88,169.64,296.1,816.4,359.5,609.0,85.3,Not Significant,Persistent
NGP_CELL_101,2021,21.14451,79.05109,Ward 1 (Lakadganj),31.66,-0.85,0.26,0.093,-0.433,0.206,Built-up,0.7,50.84,149.95,296.1,816.4,359.5,609.0,91.5,Not Significant,Sporadic
NGP_CELL_101,2022,21.14451,79.05109,Ward 1 (Lakadganj),25.12,-3.54,0.249,-0.033,-0.482,0.138,Tree,0.77,32.47,195.11,296.1,816.4,359.5,609.0,99.2,Not Significant,Diminishing
NGP_CELL_101,2023,21.14451,79.05109,Ward 1 (Lakadganj),29.28,-0.79,0.225,0.275,-0.494,0.187,Built-up,0.96,60.36,183.07,296.1,816.4,359.5,609.0,97.5,Not Significant,Emerging
NGP_CELL_101,2024,21.14451,79.05109,Ward 1 (Lakadganj),23.76,-3.4,0.353,-0.036,-0.35,0.165,Bare,0.9,31.71,179.36,296.1,816.4,359.5,609.0,97.0,Cold Spot,Persistent
NGP_CELL_102,2019,21.05521,79.01531,Ward 10 (Sanjay Gandhi Nagar),21.79,-5.11,0.381,-0.321,-0.483,0.094,Bare,0.76,15.17,88.08,308.1,2571.0,2617.0,232.6,95.8,Not Significant,Emerging
NGP_CELL_102,2020,21.05521,79.01531,Ward 10 (Sanjay Gandhi Nagar),30.27,-1.49,0.189,0.12,-0.244,0.127,Bare,0.98,44.78,83.51,308.1,2571.0,2617.0,232.6,94.9,Not Significant,Persistent
NGP_CELL_102,2021,21.05521,79.01531,Ward 10 (Sanjay Gandhi Nagar),33.09,-0.14,0.19,0.371,-0.392,0.155,Built-up,0.96,72.2,140.71,308.1,2571.0,2617.0,232.6,94.9,Not Significant,Persistent
NGP_CELL_102,2022,21.05521,79.01531,Ward 10 (Sanjay Gandhi Nagar),29.91,-1.15,0.185,0.119,-0.458,0.173,Built-up,0.82,53.69,79.02,308.1,2571.0,2617.0,232.6,91.1,Not Significant,Emerging
NGP_CELL_102,2023,21.05521,79.01531,Ward 10 (Sanjay Gandhi Nagar),27.65,-1.61,0.252,0.086,-0.439,0.171,Tree,0.96,45.45,121.35,308.1,2571.0,2617.0,232.6,90.5,Not Significant,Sporadic
NGP_CELL_102,2024,21.05521,79.01531,Ward 10 (Sanjay Gandhi Nagar),28.99,-0.79,0.085,0.195,-0.57,0.156,Built-up,0.74,68.82,87.34,308.1,2571.0,2617.0,232.6,88.0,Cold Spot,Diminishing
NGP_CELL_103,2019,21.13447,79.00087,Ward 1 (Lakadganj),26.67,-2.66,0.318,-0.013,-0.263,0.128,Grass,0.92,37.57,60.84,287.7,844.8,547.7,538.2,93.1,Cold Spot,Emerging
NGP_CELL_103,2020,21.13447,79.00087,Ward 1 (Lakadganj),27.3,-2.98,0.375,0.024,-0.229,0.118,Crop,0.78,38.42,49.94,287.7,844.8,547.7,538.2,88.6,Not Significant,Diminishing
NGP_CELL_103,2021,21.13447,79.00087,Ward 1 (Lakadganj),25.69,-3.84,0.362,-0.213,-0.387,0.119,Crop,0.73,16.01,135.19,287.7,844.8,547.7,538.2,91.8,Not Significant,Emerging
NGP_CELL_103,2022,21.13447,79.00087,Ward 1 (Lakadganj),26.86,-2.68,0.378,0.082,-0.538,0.143,Bare,0.72,42.21,49.43,287.7,844.8,547.7,538.2,90.1,Cold Spot,Persistent
NGP_CELL_103,2023,21.13447,79.00087,Ward 1 (Lakadganj),23.58,-3.64,0.437,-0.196,-0.386,0.163,Tree,0.8,24.98,123.77,287.7,844.8,547.7,538.2,98.2,Cold Spot,Sporadic
NGP_CELL_103,2024,21.13447,79.00087,Ward 1 (Lakadganj),28.35,-1.11,0.117,0.245,-0.468,0.143,Built-up,0.73,65.8,215.99,287.7,844.8,547.7,538.2,96.5,Not Significant,Emerging
NGP_CELL_104,2019,21.1936,79.04772,Ward 2 (Ashinagar),28.35,-1.82,0.318,0.115,-0.223,0.214,Built-up,0.66,53.17,72.25,292.4,2614.2,1992.8,306.1,97.3,Not Significant,Persistent
NGP_CELL_104,2020,21.1936,79.04772,Ward 2 (Ashinagar),30.53,-1.37,0.208,0.094,-0.223,0.09,Grass,0.95,43.37,122.29,292.4,2614.2,1992.8,306.1,89.0,Not Significant,Sporadic
NGP_CELL_104,2021,21.1936,79.04772,Ward 2 (Ashinagar),28.83,-2.27,0.296,0.021,-0.46,0.151,Bare,0.7,46.8,52.04,292.4,2614.2,1992.8,306.1,86.5,Not Significant,Persistent
NGP_CELL_104,2022,21.1936,79.04772,Ward 2 (Ashinagar),26.9,-2.66,0.222,0.121,-0.223,0.218,Built-up,0.85,58.44,79.66,292.4,2614.2,1992.8,306.1,88.1,Cold Spot,Sporadic
NGP_CELL_104,2023,21.1936,79.04772,Ward 2 (Ashinagar),30.59,-0.14,0.233,0.276,-0.21,0.16,Built-up,0.78,64.93,124.61,292.4,2614.2,1992.8,306.1,93.1,Not Significant,Diminishing
NGP_CELL_104,2024,21.1936,79.04772,Ward 2 (Ashinagar),23.01,-3.78,0.41,-0.096,-0.249,0.1,Bare,0.93,33.47,191.35,292.4,2614.2,1992.8,306.1,86.2,Not Significant,Sporadic
NGP_CELL_105,2019,21.0744,79.12815,Ward 1 (Lakadganj),22.82,-4.59,0.446,-0.243,-0.255,0.088,Tree,0.85,13.0,164.48,287.5,576.2,1642.3,568.0,93.5,Not Significant,Sporadic
NGP_CELL_105,2020,21.0744,79.12815,Ward 1 (Lakadganj),25.75,-3.76,0.518,-0.179,-0.275,0.146,Bare,0.85,14.49,60.01,287.5,576.2,1642.3,568.0,90.1,Cold Spot,Emerging
NGP_CELL_105,2021,21.0744,79.12815,Ward 1 (Lakadganj),29.6,-1.88,0.213,0.083,-0.389,0.171,Built-up,0.9,55.75,141.51,287.5,576.2,1642.3,568.0,85.2,Cold Spot,Persistent
NGP_CELL_105,2022,21.0744,79.12815,Ward 1 (Lakadganj),22.23,-4.99,0.482,-0.274,-0.478,0.17,Tree,0.88,21.43,46.51,287.5,576.2,1642.3,568.0,94.6,Not Significant,Persistent
NGP_CELL_105,2023,21.0744,79.12815,Ward 1 (Lakadganj),27.68,-1.59,0.082,0.148,-0.201,0.201,Built-up,0.77,64.15,81.14,287.5,576.2,1642.3,568.0,89.1,Not Significant,Persistent
NGP_CELL_105,2024,21.0744,79.12815,Ward 1 (Lakadganj),28.26,-1.15,0.219,0.227,-0.417,0.17,Built-up,0.88,69.69,94.63,287.5,576.2,1642.3,568.0,95.7,Hot Spot,Sporadic
NGP_CELL_106,2019,21.05214,79.0902,Ward 10 (Sanjay Gandhi Nagar),24.01,-4.0,0.404,-0.032,-0.57,0.146,Bare,0.92,26.98,83.9,285.4,763.1,2379.1,710.3,91.9,Cold Spot,Diminishing
NGP_CELL_106,2020,21.05214,79.0902,Ward 10 (Sanjay Gandhi Nagar),27.25,-3.01,0.3,0.085,-0.474,0.197,Built-up,0.89,55.14,174.26,285.4,763.1,2379.1,710.3,94.7,Cold Spot,Persistent
NGP_CELL_106,2021,21.05214,79.0902,Ward 10 (Sanjay Gandhi Nagar),28.07,-2.64,0.386,-0.098,-0.599,0.123,Tree,0.9,38.55,146.7,285.4,763.1,2379.1,710.3,89.4,Not Significant,Persistent
NGP_CELL_106,2022,21.05214,79.0902,Ward 10 (Sanjay Gandhi Nagar),31.07,-0.57,0.167,0.304,-0.562,0.244,Built-up,0.67,68.07,134.88,285.4,763.1,2379.1,710.3,99.7,Not Significant,Sporadic
NGP_CELL_106,2023,21.05214,79.0902,Ward 10 (Sanjay Gandhi Nagar),22.94,-3.96,0.446,-0.188,-0.271,0.102,Tree,0.97,25.07,49.19,285.4,763.1,2379.1,710.3,89.1,Cold Spot,Persistent
NGP_CELL_106,2024,21.05214,79.0902,Ward 10 (Sanjay Gandhi Nagar),27.9,-1.33,0.212,0.285,-0.531,0.166,Built-up,0.77,58.93,188.34,285.4,763.1,2379.1,710.3,95.9,Not Significant,Persistent
NGP_CELL_107,2019,21.08411,79.03385,Ward 1 (Lakadganj),27.18,-2.41,0.351,-0.015,-0.587,0.127,Crop,0.76,45.59,82.27,297.6,3174.9,2324.6,29.0,97.4,Cold Spot,Emerging
NGP_CELL_107,2020,21.08411,79.03385,Ward 1 (Lakadganj),30.67,-1.29,0.22,0.122,-0.464,0.201,Built-up,0.88,54.59,172.33,297.6,3174.9,2324.6,29.0,98.4,Not Significant,Sporadic
NGP_CELL_107,2021,21.08411,79.03385,Ward 1 (Lakadganj),28.48,-2.44,0.273,0.016,-0.58,0.102,Crop,0.76,36.74,35.69,297.6,3174.9,2324.6,29.0,87.2,Cold Spot,Sporadic
NGP_CELL_107,2022,21.08411,79.03385,Ward 1 (Lakadganj),27.77,-2.22,0.184,0.154,-0.304,0.172,Built-up,0.91,62.88,105.58,297.6,3174.9,2324.6,29.0,88.9,Cold Spot,Persistent
NGP_CELL_107,2023,21.08411,79.03385,Ward 1 (Lakadganj),23.75,-3.56,0.404,0.006,-0.29,0.161,Bare,0.71,37.49,100.19,297.6,3174.9,2324.6,29.0,96.1,Not Significant,Persistent
NGP_CELL_107,2024,21.08411,79.03385,Ward 1 (Lakadganj),30.47,-0.05,0.058,0.352,-0.524,0.177,Built-up,0.88,70.77,232.69,297.6,3174.9,2324.6,29.0,86.1,Not Significant,Diminishing
NGP_CELL_108,2019,21.10797,79.04954,Ward 6 (Satranjipura),29.26,-1.37,0.16,0.134,-0.279,0.223,Built-up,0.91,51.3,184.41,289.3,4972.7,2869.9,675.1,86.4,Not Significant,Persistent
NGP_CELL_108,2020,21.10797,79.04954,Ward 6 (Satranjipura),27.11,-3.08,0.217,-0.019,-0.32,0.172,Crop,0.82,38.48,201.6,289.3,4972.7,2869.9,675.1,90.6,Not Significant,Sporadic
NGP_CELL_108,2021,21.10797,79.04954,Ward 6 (Satranjipura),29.84,-1.76,0.133,0.218,-0.577,0.174,Built-up,0.77,69.46,106.51,289.3,4972.7,2869.9,675.1,93.7,Not Significant,Emerging
NGP_CELL_108,2022,21.10797,79.04954,Ward 6 (Satranjipura),30.12,-1.04,0.204,0.153,-0.47,0.214,Built-up,0.82,55.79,105.03,289.3,4972.7,2869.9,675.1,86.1,Not Significant,Persistent
NGP_CELL_108,2023,21.10797,79.04954,Ward 6 (Satranjipura),29.04,-0.91,0.159,0.295,-0.336,0.161,Built-up,0.65,77.29,108.44,289.3,4972.7,2869.9,675.1,98.5,Not Significant,Persistent
NGP_CELL_108,2024,21.10797,79.04954,Ward 6 (Satranjipura),27.01,-1.77,0.289,0.115,-0.223,0.167,Bare,0.95,42.15,81.13,289.3,4972.7,2869.9,675.1,92.5,Cold Spot,Persistent
NGP_CELL_109,2019,21.14715,79.06326,Ward 10 (Sanjay Gandhi Nagar),24.2,-3.9,0.471,-0.105,-0.272,0.1,Bare,0.89,20.18,158.62,299.2,2499.3,649.2,218.9,87.1,Not Significant,Persistent
NGP_CELL_109,2020,21.14715,79.06326,Ward 10 (Sanjay Gandhi Nagar),30.68,-1.29,0.237,0.23,-0.596,0.124,Built-up,0.66,60.21,134.95,299.2,2499.3,649.2,218.9,97.8,Not Significant,Persistent
NGP_CELL_109,2021,21.14715,79.06326,Ward 10 (Sanjay Gandhi Nagar),28.8,-2.28,0.241,0.102,-0.403,0.22,Built-up,0.96,58.03,79.66,299.2,2499.3,649.2,218.9,88.6,Not Significant,Persistent
NGP_CELL_109,2022,21.14715,79.06326,Ward 10 (Sanjay Gandhi Nagar),28.01,-2.1,0.144,0.101,-0.346,0.219,Built-up,0.96,55.86,69.92,299.2,2499.3,649.2,218.9,99.8,Cold Spot,Diminishing
NGP_CELL_109,2023,21.14715,79.06326,Ward 10 (Sanjay Gandhi Nagar),26.36,-2.25,0.219,-0.056,-0.354,0.117,Crop,0.83,36.44,122.9,299.2,2499.3,649.2,218.9,99.1,Not Significant,Diminishing
NGP_CELL_109,2024,21.14715,79.06326,Ward 10 (Sanjay Gandhi Nagar),20.93,-4.82,0.479,-0.212,-0.394,0.137,Tree,0.82,23.52,120.98,299.2,2499.3,649.2,218.9,98.9,Not Significant,Persistent
NGP_CELL_110,2019,21.18955,79.11773,Ward 8 (Gandhibagh),28.95,-1.53,0.163,0.094,-0.289,0.244,Built-up,0.69,54.33,197.55,285.2,3382.3,1681.9,632.2,91.9,Cold Spot,Persistent
NGP_CELL_110,2020,21.18955,79.11773,Ward 8 (Gandhibagh),30.96,-1.15,0.184,0.11,-0.385,0.22,Built-up,0.81,51.44,145.32,285.2,3382.3,1681.9,632.2,94.9,Not Significant,Sporadic
NGP_CELL_110,2021,21.18955,79.11773,Ward 8 (Gandhibagh),27.89,-2.74,0.315,-0.061,-0.256,0.179,Grass,0.73,27.73,45.57,285.2,3382.3,1681.9,632.2,86.7,Not Significant,Sporadic
NGP_CELL_110,2022,21.18955,79.11773,Ward 8 (Gandhibagh),26.9,-2.66,0.283,0.076,-0.407,0.088,Grass,0.67,40.38,128.31,285.2,3382.3,1681.9,632.2,93.4,Cold Spot,Persistent
NGP_CELL_110,2023,21.18955,79.11773,Ward 8 (Gandhibagh),28.78,-1.04,0.243,0.298,-0.521,0.238,Built-up,0.88,71.2,215.33,285.2,3382.3,1681.9,632.2,92.8,Not Significant,Persistent
NGP_CELL_110,2024,21.18955,79.11773,Ward 8 (Gandhibagh),26.04,-2.26,0.228,0.107,-0.374,0.168,Built-up,0.89,52.28,51.64,285.2,3382.3,1681.9,632.2,99.0,Cold Spot,Emerging
NGP_CELL_111,2019,21.18369,79.12058,Ward 7 (Mangalwari),30.17,-0.92,0.153,0.198,-0.434,0.182,Built-up,0.72,54.9,194.41,288.6,1009.8,2971.6,641.8,90.2,Not Significant,Sporadic
NGP_CELL_111,2020,21.18369,79.12058,Ward 7 (Mangalwari),29.36,-1.95,0.196,0.1,-0.54,0.154,Built-up,0.69,50.57,88.73,288.6,1009.8,2971.6,641.8,99.2,Cold Spot,Sporadic
NGP_CELL_111,2021,21.18369,79.12058,Ward 7 (Mangalwari),27.88,-2.74,0.317,-0.035,-0.325,0.158,Bare,0.73,33.54,33.95,288.6,1009.8,2971.6,641.8,99.7,Not Significant,Sporadic
NGP_CELL_111,2022,21.18369,79.12058,Ward 7 (Mangalwari),24.43,-3.89,0.344,-0.052,-0.265,0.088,Grass,0.87,43.25,139.07,288.6,1009.8,2971.6,641.8,86.4,Not Significant,Persistent
NGP_CELL_111,2023,21.18369,79.12058,Ward 7 (Mangalwari),31.62,0.38,0.157,0.404,-0.423,0.161,Built-up,0.82,74.46,152.72,288.6,1009.8,2971.6,641.8,96.9,Not Significant,Diminishing
NGP_CELL_111,2024,21.18369,79.12058,Ward 7 (Mangalwari),29.84,-0.36,0.11,0.276,-0.479,0.164,Built-up,0.89,74.06,40.91,288.6,1009.8,2971.6,641.8,93.5,Not Significant,Sporadic
NGP_CELL_112,2019,21.16251,79.12644,Ward 2 (Ashinagar),23.01,-4.5,0.379,-0.129,-0.587,0.162,Grass,0.83,31.23,76.16,299.4,4152.6,2852.1,508.1,92.1,Not Significant,Persistent
NGP_CELL_112,2020,21.16251,79.12644,Ward 2 (Ashinagar),30.44,-1.41,0.2,0.218,-0.53,0.199,Built-up,0.72,65.15,194.79,299.4,4152.6,2852.1,508.1,92.1,Not Significant,Persistent
NGP_CELL_112,2021,21.16251,79.12644,Ward 2 (Ashinagar),29.88,-1.74,0.138,0.119,-0.399,0.122,Built-up,0.89,55.21,171.34,299.4,4152.6,2852.1,508.1,87.7,Cold Spot,Sporadic
NGP_CELL_112,2022,21.16251,79.12644,Ward 2 (Ashinagar),22.45,-4.88,0.365,-0.298,-0.206,0.168,Grass,0.87,20.12,69.81,299.4,4152.6,2852.1,508.1,98.4,Not Significant,Persistent
NGP_CELL_112,2023,21.16251,79.12644,Ward 2 (Ashinagar),27.79,-1.54,0.216,0.256,-0.377,0.219,Built-up,0.95,71.12,131.68,299.4,4152.6,2852.1,508.1,85.0,Not Significant,Sporadic
NGP_CELL_112,2024,21.16251,79.12644,Ward 2 (Ashinagar),29.81,-0.38,0.152,0.295,-0.29,0.188,Built-up,0.82,70.5,204.97,299.4,4152.6,2852.1,508.1,89.8,Not Significant,Persistent
NGP_CELL_113,2019,21.13748,79.03449,Ward 6 (Satranjipura),32.15,0.08,0.148,0.321,-0.369,0.154,Built-up,0.69,69.42,35.61,315.1,3717.1,2700.1,655.1,96.5,Not Significant,Persistent
NGP_CELL_113,2020,21.13748,79.03449,Ward 6 (Satranjipura),29.37,-1.94,0.261,0.178,-0.214,0.122,Crop,0.76,48.27,45.32,315.1,3717.1,2700.1,655.1,89.0,Cold Spot,Persistent
NGP_CELL_113,2021,21.13748,79.03449,Ward 6 (Satranjipura),30.79,-1.29,0.294,0.084,-0.33,0.143,Tree,0.81,47.58,116.88,315.1,3717.1,2700.1,655.1,89.3,Cold Spot,Emerging
NGP_CELL_113,2022,21.13748,79.03449,Ward 6 (Satranjipura),25.54,-3.34,0.231,-0.022,-0.343,0.082,Grass,0.65,34.17,176.95,315.1,3717.1,2700.1,655.1,97.9,Cold Spot,Sporadic
NGP_CELL_113,2023,21.13748,79.03449,Ward 6 (Satranjipura),22.08,-4.39,0.462,-0.176,-0.35,0.163,Tree,0.8,22.69,111.08,315.1,3717.1,2700.1,655.1,89.6,Cold Spot,Sporadic
NGP_CELL_113,2024,21.13748,79.03449,Ward 6 (Satranjipura),31.13,0.28,0.066,0.395,-0.408,0.143,Built-up,0.94,72.62,69.63,315.1,3717.1,2700.1,655.1,92.2,Not Significant,Persistent
NGP_CELL_114,2019,21.13082,79.03865,Ward 6 (Satranjipura),27.38,-2.31,0.296,0.069,-0.417,0.132,Tree,0.79,46.97,90.5,289.3,4508.0,2502.6,443.7,88.6,Cold Spot,Persistent
NGP_CELL_114,2020,21.13082,79.03865,Ward 6 (Satranjipura),29.16,-2.05,0.216,0.158,-0.45,0.203,Built-up,0.87,58.04,139.16,289.3,4508.0,2502.6,443.7,92.4,Not Significant,Sporadic
NGP_CELL_114,2021,21.13082,79.03865,Ward 6 (Satranjipura),25.66,-3.85,0.439,-0.084,-0.313,0.156,Tree,0.94,23.05,141.09,289.3,4508.0,2502.6,443.7,92.8,Cold Spot,Persistent
NGP_CELL_114,2022,21.13082,79.03865,Ward 6 (Satranjipura),26.51,-2.85,0.306,0.032,-0.468,0.092,Tree,0.66,33.72,77.13,289.3,4508.0,2502.6,443.7,93.6,Not Significant,Diminishing
NGP_CELL_114,2023,21.13082,79.03865,Ward 6 (Satranjipura),30.35,-0.26,0.179,0.244,-0.496,0.122,Built-up,0.87,55.13,127.73,289.3,4508.0,2502.6,443.7,96.9,Cold Spot,Persistent
NGP_CELL_114,2024,21.13082,79.03865,Ward 6 (Satranjipura),27.67,-1.45,0.23,0.162,-0.467,0.228,Built-up,0.91,50.71,199.1,289.3,4508.0,2502.6,443.7,89.1,Not Significant,Persistent
NGP_CELL_115,2019,21.12133,79.04773,Ward 6 (Satranjipura),29.84,-1.08,0.114,0.237,-0.506,0.236,Built-up,0.91,60.34,78.04,300.4,657.5,2251.4,81.2,89.1,Not Significant,Emerging
NGP_CELL_115,2020,21.12133,79.04773,Ward 6 (Satranjipura),28.91,-2.17,0.306,0.138,-0.275,0.2,Built-up,0.95,56.59,43.64,300.4,657.5,2251.4,81.2,96.7,Not Significant,Persistent
NGP_CELL_115,2021,21.12133,79.04773,Ward 6 (Satranjipura),24.7,-4.33,0.311,-0.229,-0.3,0.147,Grass,0.84,17.98,39.99,300.4,657.5,2251.4,81.2,94.9,Not Significant,Emerging
NGP_CELL_115,2022,21.12133,79.04773,Ward 6 (Satranjipura),28.06,-2.08,0.244,0.078,-0.488,0.117,Tree,0.73,41.63,176.65,300.4,657.5,2251.4,81.2,86.2,Not Significant,Persistent
NGP_CELL_115,2023,21.12133,79.04773,Ward 6 (Satranjipura),20.79,-5.04,0.477,-0.254,-0.224,0.123,Tree,0.95,16.84,154.17,300.4,657.5,2251.4,81.2,96.9,Not Significant,Sporadic
NGP_CELL_115,2024,21.12133,79.04773,Ward 6 (Satranjipura),24.57,-3.0,0.357,-0.024,-0.484,0.141,Tree,0.92,36.57,200.8,300.4,657.5,2251.4,81.2,90.3,Cold Spot,Persistent
NGP_CELL_116,2019,21.07204,79.13756,Ward 6 (Satranjipura),28.61,-1.7,0.214,0.183,-0.403,0.189,Built-up,0.94,68.11,169.31,311.2,1441.2,1210.3,592.1,96.5,Not Significant,Persistent
NGP_CELL_116,2020,21.07204,79.13756,Ward 6 (Satranjipura),27.58,-2.84,0.229,0.015,-0.289,0.17,Built-up,0.89,50.32,161.43,311.2,1441.2,1210.3,592.1,90.0,Not Significant,Persistent
NGP_CELL_116,2021,21.07204,79.13756,Ward 6 (Satranjipura),27.9,-2.73,0.388,-0.01,-0.347,0.085,Crop,0.71,37.15,58.06,311.2,1441.2,1210.3,592.1,85.7,Not Significant,Emerging
NGP_CELL_116,2022,21.07204,79.13756,Ward 6 (Satranjipura),25.97,-3.12,0.275,-0.029,-0.401,0.161,Tree,0.75,42.18,44.32,311.2,1441.2,1210.3,592.1,92.1,Not Significant,Sporadic
NGP_CELL_116,2023,21.07204,79.13756,Ward 6 (Satranjipura),25.27,-2.8,0.284,-0.032,-0.342,0.12,Tree,0.97,38.78,119.23,311.2,1441.2,1210.3,592.1,85.6,Cold Spot,Sporadic
NGP_CELL_116,2024,21.07204,79.13756,Ward 6 (Satranjipura),29.2,-0.68,0.174,0.207,-0.537,0.204,Built-up,0.71,63.03,51.89,311.2,1441.2,1210.3,592.1,93.0,Not Significant,Persistent
NGP_CELL_117,2019,21.16186,79.03079,Ward 6 (Satranjipura),23.49,-4.25,0.314,-0.144,-0.427,0.094,Grass,0.87,27.8,199.89,293.8,3736.2,2541.5,302.4,87.3,Cold Spot,Persistent
NGP_CELL_117,2020,21.16186,79.03079,Ward 6 (Satranjipura),30.95,-1.15,0.29,0.183,-0.469,0.158,Built-up,0.85,50.65,30.7,293.8,3736.2,2541.5,302.4,89.0,Cold Spot,Emerging
NGP_CELL_117,2021,21.16186,79.03079,Ward 6 (Satranjipura),26.82,-3.27,0.338,-0.065,-0.528,0.09,Tree,0.82,24.64,107.22,293.8,3736.2,2541.5,302.4,94.3,Not Significant,Emerging
NGP_CELL_117,2022,21.16186,79.03079,Ward 6 (Satranjipura),25.54,-3.34,0.305,-0.054,-0.499,0.121,Crop,0.97,29.66,195.74,293.8,3736.2,2541.5,302.4,86.2,Not Significant,Persistent
NGP_CELL_117,2023,21.16186,79.03079,Ward 6 (Satranjipura),32.16,0.65,0.071,0.359,-0.316,0.159,Built-up,0.66,73.93,127.44,293.8,3736.2,2541.5,302.4,91.9,Not Significant,Diminishing
NGP_CELL_117,2024,21.16186,79.03079,Ward 6 (Satranjipura),24.22,-3.17,0.279,-0.083,-0.573,0.105,Bare,0.89,28.9,127.59,293.8,3736.2,2541.5,302.4,97.1,Cold Spot,Emerging
NGP_CELL_118,2019,21.16704,79.04952,Ward 5 (Dhantoli),26.52,-2.74,0.273,-0.065,-0.243,0.083,Crop,0.9,42.05,177.24,304.8,2725.6,2220.7,565.3,99.3,Cold Spot,Emerging
NGP_CELL_118,2020,21.16704,79.04952,Ward 5 (Dhantoli),28.75,-2.26,0.289,0.024,-0.293,0.171,Crop,0.68,37.66,41.63,304.8,2725.6,2220.7,565.3,91.1,Not Significant,Sporadic
NGP_CELL_118,2021,21.16704,79.04952,Ward 5 (Dhantoli),26.67,-3.35,0.296,-0.091,-0.558,0.166,Crop,0.84,30.75,107.19,304.8,2725.6,2220.7,565.3,85.7,Not Significant,Sporadic
NGP_CELL_118,2022,21.16704,79.04952,Ward 5 (Dhantoli),28.42,-1.9,0.292,0.155,-0.24,0.178,Grass,0.75,47.4,143.59,304.8,2725.6,2220.7,565.3,98.5,Cold Spot,Sporadic
NGP_CELL_118,2023,21.16704,79.04952,Ward 5 (Dhantoli),25.99,-2.44,0.283,0.02,-0.242,0.224,Built-up,0.82,50.48,126.3,304.8,2725.6,2220.7,565.3,94.4,Not Significant,Persistent
NGP_CELL_118,2024,21.16704,79.04952,Ward 5 (Dhantoli),29.29,-0.64,0.12,0.31,-0.517,0.206,Built-up,0.68,77.09,146.88,304.8,2725.6,2220.7,565.3,98.7,Not Significant,Persistent
NGP_CELL_119,2019,21.14731,79.13068,Ward 7 (Mangalwari),24.98,-3.51,0.362,-0.108,-0.354,0.17,Tree,0.71,33.37,187.23,301.5,3761.9,424.5,279.9,97.6,Not Significant,Persistent
NGP_CELL_119,2020,21.14731,79.13068,Ward 7 (Mangalwari),28.93,-2.16,0.187,0.03,-0.298,0.155,Crop,0.77,44.15,156.96,301.5,3761.9,424.5,279.9,89.0,Not Significant,Sporadic
NGP_CELL_119,2021,21.14731,79.13068,Ward 7 (Mangalwari),29.87,-1.75,0.171,0.098,-0.225,0.163,Grass,0.93,46.18,63.49,301.5,3761.9,424.5,279.9,90.7,Not Significant,Persistent
NGP_CELL_119,2022,21.14731,79.13068,Ward 7 (Mangalwari),29.16,-1.53,0.264,0.111,-0.544,0.08,Tree,0.94,49.34,136.14,301.5,3761.9,424.5,279.9,88.7,Not Significant,Persistent
NGP_CELL_119,2023,21.14731,79.13068,Ward 7 (Mangalwari),30.88,0.01,0.09,0.386,-0.354,0.144,Built-up,0.65,71.11,69.18,301.5,3761.9,424.5,279.9,99.3,Cold Spot,Diminishing
NGP_CELL_119,2024,21.14731,79.13068,Ward 7 (Mangalwari),23.64,-3.46,0.226,-0.028,-0.218,0.099,Bare,0.73,45.83,114.2,301.5,3761.9,424.5,279.9,98.2,Not Significant,Sporadic
NGP_CELL_120,2019,21.12168,79.10911,Ward 9 (Nehru Nagar),26.04,-2.98,-0.272,-0.229,0.527,0.155,Water,0.89,13.9,169.9,285.3,121.6,154.2,212.4,99.3,Not Significant,Persistent
NGP_CELL_120,2020,21.12168,79.10911,Ward 9 (Nehru Nagar),30.51,-1.38,0.085,0.223,-0.307,0.188,Built-up,0.74,68.96,45.06,285.3,121.6,154.2,212.4,99.7,Not Significant,Persistent
NGP_CELL_120,2021,21.12168,79.10911,Ward 9 (Nehru Nagar),29.54,-1.91,-0.065,0.02,0.597,0.119,Water,0.81,49.1,178.02,285.3,121.6,154.2,212.4,96.3,Cold Spot,Emerging
NGP_CELL_120,2022,21.12168,79.10911,Ward 9 (Nehru Nagar),26.09,-3.06,-0.083,-0.22,0.69,0.108,Water,0.74,21.59,66.72,285.3,121.6,154.2,212.4,96.3,Cold Spot,Persistent
NGP_CELL_120,2023,21.12168,79.10911,Ward 9 (Nehru Nagar),28.45,-1.21,-0.078,-0.005,0.504,0.145,Water,0.97,44.46,83.92,285.3,121.6,154.2,212.4,85.0,Not Significant,Persistent
NGP_CELL_120,2024,21.12168,79.10911,Ward 9 (Nehru Nagar),28.75,-0.91,0.202,0.268,-0.473,0.167,Built-up,0.81,67.17,72.82,285.3,121.6,154.2,212.4,95.0,Not Significant,Persistent
NGP_CELL_121,2019,21.18462,79.12942,Ward 9 (Nehru Nagar),24.21,-3.9,0.28,-0.182,-0.223,0.179,Tree,0.77,30.45,82.77,293.6,4098.5,396.4,140.4,90.6,Not Significant,Emerging
NGP_CELL_121,2020,21.18462,79.12942,Ward 9 (Nehru Nagar),30.1,-1.58,0.225,0.197,-0.32,0.146,Built-up,0.88,51.93,48.24,293.6,4098.5,396.4,140.4,91.4,Not Significant,Persistent
NGP_CELL_121,2021,21.18462,79.12942,Ward 9 (Nehru Nagar),33.24,-0.06,0.065,0.371,-0.39,0.15,Built-up,0.66,70.05,155.62,293.6,4098.5,396.4,140.4,88.8,Not Significant,Sporadic
NGP_CELL_121,2022,21.18462,79.12942,Ward 9 (Nehru Nagar),29.11,-1.55,0.228,0.229,-0.483,0.137,Built-up,0.93,55.51,151.71,293.6,4098.5,396.4,140.4,97.8,Not Significant,Sporadic
NGP_CELL_121,2023,21.18462,79.12942,Ward 9 (Nehru Nagar),29.81,-0.53,0.087,0.265,-0.377,0.212,Built-up,0.86,70.91,127.17,293.6,4098.5,396.4,140.4,94.1,Not Significant,Persistent
NGP_CELL_121,2024,21.18462,79.12942,Ward 9 (Nehru Nagar),22.96,-3.8,0.35,-0.135,-0.574,0.142,Tree,0.9,29.09,74.53,293.6,4098.5,396.4,140.4,93.8,Cold Spot,Sporadic
NGP_CELL_122,2019,21.09562,79.06746,Ward 3 (Dharampeth),24.48,-3.76,0.27,-0.152,-0.258,0.089,Tree,0.74,33.24,112.46,284.0,4661.5,1126.7,66.5,94.2,Cold Spot,Persistent
NGP_CELL_122,2020,21.09562,79.06746,Ward 3 (Dharampeth),26.75,-3.26,0.347,-0.135,-0.435,0.127,Crop,0.91,24.34,81.32,284.0,4661.5,1126.7,66.5,91.2,Not Significant,Persistent
NGP_CELL_122,2021,21.09562,79.06746,Ward 3 (Dharampeth),24.57,-4.4,0.497,-0.238,-0.356,0.107,Grass,0.68,16.25,71.12,284.0,4661.5,1126.7,66.5,89.9,Cold Spot,Diminishing
NGP_CELL_122,2022,21.09562,79.06746,Ward 3 (Dharampeth),26.19,-3.01,0.359,-0.124,-0.29,0.123,Grass,0.93,33.4,112.04,284.0,4661.5,1126.7,66.5,87.9,Not Significant,Persistent
NGP_CELL_122,2023,21.09562,79.06746,Ward 3 (Dharampeth),22.53,-4.17,0.453,-0.206,-0.577,0.173,Crop,0.76,15.79,155.9,284.0,4661.5,1126.7,66.5,88.4,Cold Spot,Sporadic
NGP_CELL_122,2024,21.09562,79.06746,Ward 3 (Dharampeth),29.16,-0.7,0.174,0.331,-0.406,0.166,Built-up,0.93,72.58,173.14,284.0,4661.5,1126.7,66.5,98.4,Cold Spot,Persistent
NGP_CELL_123,2019,21.13654,79.09862,Ward 10 (Sanjay Gandhi Nagar),29.15,-1.43,0.132,0.204,-0.296,0.193,Built-up,0.75,65.36,180.89,285.6,1953.0,1237.6,128.7,95.3,Not Significant,Persistent
NGP_CELL_123,2020,21.13654,79.09862,Ward 10 (Sanjay Gandhi Nagar),28.26,-2.5,0.251,0.128,-0.298,0.155,Bare,0.71,46.04,166.67,285.6,1953.0,1237.6,128.7,92.8,Not Significant,Emerging
NGP_CELL_123,2021,21.13654,79.09862,Ward 10 (Sanjay Gandhi Nagar),32.63,-0.37,0.22,0.377,-0.33,0.249,Built-up,0.83,70.33,117.74,285.6,1953.0,1237.6,128.7,98.2,Not Significant,Persistent
NGP_CELL_123,2022,21.13654,79.09862,Ward 10 (Sanjay Gandhi Nagar),30.03,-1.09,0.074,0.203,-0.334,0.129,Built-up,0.66,69.34,76.88,285.6,1953.0,1237.6,128.7,95.6,Hot Spot,Sporadic
NGP_CELL_123,2023,21.13654,79.09862,Ward 10 (Sanjay Gandhi Nagar),25.15,-2.86,0.301,-0.052,-0.562,0.107,Tree,0.66,43.08,166.97,285.6,1953.0,1237.6,128.7,86.0,Not Significant,Sporadic
NGP_CELL_123,2024,21.13654,79.09862,Ward 10 (Sanjay Gandhi Nagar),25.23,-2.67,0.284,-0.142,-0.293,0.155,Crop,0.81,32.39,213.47,285.6,1953.0,1237.6,128.7,93.1,Not Significant,Persistent
NGP_CELL_124,2019,21.13932,79.0674,Ward 1 (Lakadganj),22.59,-4.7,0.456,-0.245,-0.387,0.107,Tree,0.67,15.34,166.36,317.5,843.5,2154.3,604.5,85.7,Cold Spot,Emerging
NGP_CELL_124,2020,21.13932,79.0674,Ward 1 (Lakadganj),27.97,-2.64,0.342,-0.013,-0.313,0.119,Grass,0.76,36.31,50.55,317.5,843.5,2154.3,604.5,98.6,Not Significant,Persistent
NGP_CELL_124,2021,21.13932,79.0674,Ward 1 (Lakadganj),30.28,-1.54,0.223,0.128,-0.32,0.227,Built-up,0.76,56.52,167.5,317.5,843.5,2154.3,604.5,96.5,Cold Spot,Diminishing
NGP_CELL_124,2022,21.13932,79.0674,Ward 1 (Lakadganj),23.01,-4.6,0.426,-0.23,-0.427,0.137,Bare,0.86,26.35,127.08,317.5,843.5,2154.3,604.5,98.1,Not Significant,Emerging
NGP_CELL_124,2023,21.13932,79.0674,Ward 1 (Lakadganj),27.0,-1.93,0.151,0.149,-0.311,0.229,Built-up,0.77,64.5,167.21,317.5,843.5,2154.3,604.5,97.8,Not Significant,Persistent
NGP_CELL_124,2024,21.13932,79.0674,Ward 1 (Lakadganj),25.35,-2.6,0.239,0.143,-0.293,0.174,Crop,0.95,44.62,136.24,317.5,843.5,2154.3,604.5,88.2,Not Significant,Persistent
NGP_CELL_125,2019,21.15061,79.07039,Ward 3 (Dharampeth),26.32,-2.84,0.307,-0.045,-0.499,0.112,Grass,0.71,32.07,169.77,314.5,4272.8,71.8,488.4,89.9,Not Significant,Persistent
NGP_CELL_125,2020,21.15061,79.07039,Ward 3 (Dharampeth),27.34,-2.96,0.336,-0.062,-0.378,0.14,Bare,0.96,24.98,42.54,314.5,4272.8,71.8,488.4,99.7,Not Significant,Persistent
NGP_CELL_125,2021,21.15061,79.07039,Ward 3 (Dharampeth),31.39,-0.99,0.098,0.127,-0.333,0.157,Built-up,0.87,60.86,174.21,314.5,4272.8,71.8,488.4,87.3,Cold Spot,Emerging
NGP_CELL_125,2022,21.15061,79.07039,Ward 3 (Dharampeth),25.01,-3.6,0.439,-0.191,-0.357,0.156,Crop,0.96,23.08,182.23,314.5,4272.8,71.8,488.4,98.5,Not Significant,Diminishing
NGP_CELL_125,2023,21.15061,79.07039,Ward 3 (Dharampeth),23.35,-3.76,0.451,-0.053,-0.501,0.123,Bare,0.87,28.0,100.48,314.5,4272.8,71.8,488.4,91.6,Cold Spot,Persistent
NGP_CELL_125,2024,21.15061,79.07039,Ward 3 (Dharampeth),31.45,0.44,0.038,0.3,-0.424,0.223,Built-up,0.88,74.62,117.14,314.5,4272.8,71.8,488.4,94.1,Hot Spot,Emerging
NGP_CELL_126,2019,21.07801,79.07653,Ward 6 (Satranjipura),24.62,-3.69,0.426,-0.127,-0.378,0.152,Crop,0.77,20.26,53.69,298.5,1404.4,696.7,699.7,85.4,Cold Spot,Sporadic
NGP_CELL_126,2020,21.07801,79.07653,Ward 6 (Satranjipura),26.78,-3.24,0.28,-0.082,-0.518,0.173,Crop,0.89,28.3,80.15,298.5,1404.4,696.7,699.7,89.0,Cold Spot,Persistent
NGP_CELL_126,2021,21.07801,79.07653,Ward 6 (Satranjipura),29.57,-1.9,0.204,0.117,-0.495,0.105,Tree,0.85,46.49,52.58,298.5,1404.4,696.7,699.7,99.2,Cold Spot,Persistent
NGP_CELL_126,2022,21.07801,79.07653,Ward 6 (Satranjipura),28.31,-1.95,0.288,0.109,-0.417,0.137,Built-up,0.89,60.72,93.2,298.5,1404.4,696.7,699.7,95.0,Cold Spot,Persistent
NGP_CELL_126,2023,21.07801,79.07653,Ward 6 (Satranjipura),21.9,-4.48,0.409,-0.034,-0.573,0.091,Tree,0.96,32.44,49.44,298.5,1404.4,696.7,699.7,99.3,Not Significant,Diminishing
NGP_CELL_126,2024,21.07801,79.07653,Ward 6 (Satranjipura),27.74,-1.41,0.194,0.126,-0.581,0.243,Built-up,0.85,57.95,122.52,298.5,1404.4,696.7,699.7,89.7,Not Significant,Persistent
NGP_CELL_127,2019,21.17554,79.00414,Ward 3 (Dharampeth),26.08,-2.96,0.229,0.004,-0.312,0.16,Bare,0.95,40.17,48.37,290.5,3447.4,2771.4,273.2,91.6,Not Significant,Emerging
NGP_CELL_127,2020,21.17554,79.00414,Ward 3 (Dharampeth),28.55,-2.36,0.321,0.076,-0.287,0.246,Built-up,0.87,55.02,198.01,290.5,3447.4,2771.4,273.2,89.8,Cold Spot,Persistent
NGP_CELL_127,2021,21.17554,79.00414,Ward 3 (Dharampeth),22.93,-5.22,0.478,-0.33,-0.512,0.138,Tree,0.83,14.2,170.69,290.5,3447.4,2771.4,273.2,87.0,Cold Spot,Persistent
NGP_CELL_127,2022,21.17554,79.00414,Ward 3 (Dharampeth),29.56,-1.33,0.162,0.227,-0.31,0.165,Built-up,0.75,72.35,189.23,290.5,3447.4,2771.4,273.2,89.7,Not Significant,Persistent
NGP_CELL_127,2023,21.17554,79.00414,Ward 3 (Dharampeth),30.71,-0.08,0.125,0.398,-0.549,0.215,Built-up,0.98,77.13,145.98,290.5,3447.4,2771.4,273.2,98.2,Not Significant,Persistent
NGP_CELL_127,2024,21.17554,79.00414,Ward 3 (Dharampeth),28.68,-0.94,0.093,0.328,-0.481,0.223,Built-up,0.81,65.89,201.45,290.5,3447.4,2771.4,273.2,86.5,Not Significant,Emerging
NGP_CELL_128,2019,21.06318,79.10246,Ward 9 (Nehru Nagar),23.54,-4.23,0.337,-0.242,-0.41,0.099,Crop,0.68,25.61,115.42,295.0,3791.7,1593.1,563.9,92.0,Not Significant,Emerging
NGP_CELL_128,2020,21.06318,79.10246,Ward 9 (Nehru Nagar),27.9,-2.68,0.338,0.024,-0.406,0.163,Tree,0.83,43.54,186.91,295.0,3791.7,1593.1,563.9,98.4,Not Significant,Persistent
NGP_CELL_128,2021,21.06318,79.10246,Ward 9 (Nehru Nagar),30.83,-1.27,0.079,0.168,-0.431,0.16,Built-up,0.78,64.75,136.24,295.0,3791.7,1593.1,563.9,94.4,Cold Spot,Emerging
NGP_CELL_128,2022,21.06318,79.10246,Ward 9 (Nehru Nagar),24.07,-4.07,0.476,-0.139,-0.427,0.15,Grass,0.67,16.13,153.37,295.0,3791.7,1593.1,563.9,87.7,Not Significant,Diminishing
NGP_CELL_128,2023,21.06318,79.10246,Ward 9 (Nehru Nagar),25.12,-2.87,0.353,0.009,-0.463,0.12,Crop,0.84,42.82,145.95,295.0,3791.7,1593.1,563.9,99.1,Cold Spot,Persistent
NGP_CELL_128,2024,21.06318,79.10246,Ward 9 (Nehru Nagar),31.72,0.58,0.194,0.404,-0.477,0.235,Built-up,0.78,70.41,130.07,295.0,3791.7,1593.1,563.9,95.1,Not Significant,Emerging
NGP_CELL_129,2019,21.17608,79.13251,Ward 1 (Lakadganj),31.33,-0.34,0.11,0.319,-0.226,0.172,Built-up,0.77,65.87,91.45,299.5,2518.9,1865.5,4.8,97.1,Not Significant,Persistent
NGP_CELL_129,2020,21.17608,79.13251,Ward 1 (Lakadganj),28.39,-2.44,0.416,-0.024,-0.46,0.102,Tree,0.68,31.96,131.56,299.5,2518.9,1865.5,4.8,90.3,Not Significant,Emerging
NGP_CELL_129,2021,21.17608,79.13251,Ward 1 (Lakadganj),31.43,-0.97,0.214,0.147,-0.355,0.126,Built-up,0.67,58.65,106.59,299.5,2518.9,1865.5,4.8,97.6,Not Significant,Diminishing
NGP_CELL_129,2022,21.17608,79.13251,Ward 1 (Lakadganj),27.01,-2.6,0.3,-0.011,-0.566,0.085,Crop,0.76,46.48,95.6,299.5,2518.9,1865.5,4.8,86.7,Cold Spot,Emerging
NGP_CELL_129,2023,21.17608,79.13251,Ward 1 (Lakadganj),23.88,-3.49,0.413,0.04,-0.549,0.175,Bare,0.77,35.94,186.0,299.5,2518.9,1865.5,4.8,92.4,Not Significant,Persistent
NGP_CELL_129,2024,21.17608,79.13251,Ward 1 (Lakadganj),26.75,-1.9,0.258,0.08,-0.215,0.112,Crop,0.93,47.43,129.14,299.5,2518.9,1865.5,4.8,92.2,Not Significant,Diminishing
NGP_CELL_130,2019,21.08987,79.02266,Ward 6 (Satranjipura),28.28,-1.86,0.302,0.161,-0.239,0.151,Built-up,0.71,58.34,161.96,306.2,1931.4,2510.2,760.1,98.8,Cold Spot,Emerging
NGP_CELL_130,2020,21.08987,79.02266,Ward 6 (Satranjipura),25.53,-3.87,0.365,-0.155,-0.433,0.173,Tree,0.9,27.64,31.68,306.2,1931.4,2510.2,760.1,98.7,Not Significant,Sporadic
NGP_CELL_130,2021,21.08987,79.02266,Ward 6 (Satranjipura),27.78,-2.79,0.235,-0.001,-0.426,0.153,Crop,0.78,33.47,141.95,306.2,1931.4,2510.2,760.1,90.3,Not Significant,Persistent
NGP_CELL_130,2022,21.08987,79.02266,Ward 6 (Satranjipura),30.78,-0.72,0.096,0.273,-0.22,0.25,Built-up,0.71,65.12,131.81,306.2,1931.4,2510.2,760.1,90.6,Not Significant,Sporadic
NGP_CELL_130,2023,21.08987,79.02266,Ward 6 (Satranjipura),31.53,0.33,0.078,0.481,-0.325,0.123,Built-up,0.77,81.47,189.89,306.2,1931.4,2510.2,760.1,88.5,Not Significant,Persistent
NGP_CELL_130,2024,21.08987,79.02266,Ward 6 (Satranjipura),23.43,-3.56,0.388,-0.071,-0.492,0.175,Tree,0.7,32.83,157.06,306.2,1931.4,2510.2,760.1,92.0,Cold Spot,Diminishing
NGP_CELL_131,2019,21.09933,79.09802,Ward 9 (Nehru Nagar),22.8,-4.6,0.443,-0.176,-0.377,0.146,Grass,0.83,12.7,41.14,286.9,1435.5,2595.0,708.3,93.9,Cold Spot,Persistent
NGP_CELL_131,2020,21.09933,79.09802,Ward 9 (Nehru Nagar),23.32,-4.97,0.355,-0.245,-0.393,0.157,Crop,0.74,22.86,122.01,286.9,1435.5,2595.0,708.3,87.5,Not Significant,Diminishing
NGP_CELL_131,2021,21.09933,79.09802,Ward 9 (Nehru Nagar),23.68,-4.84,0.469,-0.317,-0.401,0.121,Grass,0.84,15.71,201.63,286.9,1435.5,2595.0,708.3,97.1,Cold Spot,Sporadic
NGP_CELL_131,2022,21.09933,79.09802,Ward 9 (Nehru Nagar),32.49,0.14,0.181,0.413,-0.585,0.141,Built-up,0.85,71.37,122.39,286.9,1435.5,2595.0,708.3,98.4,Hot Spot,Sporadic
NGP_CELL_131,2023,21.09933,79.09802,Ward 9 (Nehru Nagar),29.22,-0.82,0.126,0.247,-0.467,0.131,Built-up,0.84,57.35,123.38,286.9,1435.5,2595.0,708.3,86.1,Not Significant,Sporadic
NGP_CELL_131,2024,21.09933,79.09802,Ward 9 (Nehru Nagar),29.01,-0.78,0.108,0.204,-0.281,0.245,Built-up,0.94,60.08,170.39,286.9,1435.5,2595.0,708.3,87.3,Hot Spot,Sporadic
NGP_CELL_132,2019,21.07929,79.00637,Ward 5 (Dhantoli),28.18,-1.91,0.22,0.115,-0.343,0.226,Built-up,0.94,52.89,139.98,314.3,3393.5,891.8,450.2,98.1,Cold Spot,Persistent
NGP_CELL_132,2020,21.07929,79.00637,Ward 5 (Dhantoli),23.38,-4.94,0.3,-0.276,-0.31,0.085,Crop,0.98,20.14,56.07,314.3,3393.5,891.8,450.2,85.5,Cold Spot,Sporadic
NGP_CELL_132,2021,21.07929,79.00637,Ward 5 (Dhantoli),31.74,-0.81,0.138,0.24,-0.297,0.16,Built-up,0.82,69.62,55.99,314.3,3393.5,891.8,450.2,91.5,Not Significant,Sporadic
NGP_CELL_132,2022,21.07929,79.00637,Ward 5 (Dhantoli),27.21,-2.5,0.272,-0.011,-0.232,0.133,Tree,0.8,33.49,197.44,314.3,3393.5,891.8,450.2,86.5,Not Significant,Diminishing
NGP_CELL_132,2023,21.07929,79.00637,Ward 5 (Dhantoli),22.63,-4.12,0.295,-0.271,-0.239,0.161,Grass,0.87,21.67,44.46,314.3,3393.5,891.8,450.2,98.2,Not Significant,Emerging
NGP_CELL_132,2024,21.07929,79.00637,Ward 5 (Dhantoli),23.63,-3.47,0.446,-0.036,-0.225,0.159,Bare,0.95,30.18,117.99,314.3,3393.5,891.8,450.2,87.0,Cold Spot,Persistent
NGP_CELL_133,2019,21.14431,79.09445,Ward 4 (Hanuman Nagar),23.21,-4.4,0.338,-0.254,-0.411,0.092,Tree,0.69,24.46,179.56,298.2,2376.1,1406.2,28.5,94.7,Not Significant,Persistent
NGP_CELL_133,2020,21.14431,79.09445,Ward 4 (Hanuman Nagar),28.72,-2.27,0.299,0.042,-0.323,0.146,Crop,0.81,37.84,166.67,298.2,2376.1,1406.2,28.5,92.9,Cold Spot,Persistent
NGP_CELL_133,2021,21.14431,79.09445,Ward 4 (Hanuman Nagar),33.0,-0.18,0.14,0.425,-0.311,0.235,Built-up,0.68,75.41,158.22,298.2,2376.1,1406.2,28.5,86.7,Hot Spot,Emerging
NGP_CELL_133,2022,21.14431,79.09445,Ward 4 (Hanuman Nagar),26.23,-2.99,0.282,-0.068,-0.471,0.166,Tree,0.68,34.18,155.25,298.2,2376.1,1406.2,28.5,93.9,Not Significant,Diminishing
NGP_CELL_133,2023,21.14431,79.09445,Ward 4 (Hanuman Nagar),29.72,-0.57,0.141,0.353,-0.244,0.239,Built-up,0.9,71.17,116.3,298.2,2376.1,1406.2,28.5,88.9,Not Significant,Persistent
NGP_CELL_133,2024,21.14431,79.09445,Ward 4 (Hanuman Nagar),21.28,-4.64,0.462,-0.208,-0.262,0.164,Tree,0.88,26.88,93.0,298.2,2376.1,1406.2,28.5,89.9,Cold Spot,Diminishing
NGP_CELL_134,2019,21.10402,79.00682,Ward 5 (Dhantoli),25.51,-3.24,0.35,-0.051,-0.351,0.096,Bare,0.68,37.18,38.01,313.9,1555.7,592.7,439.4,98.8,Not Significant,Persistent
NGP_CELL_134,2020,21.10402,79.00682,Ward 5 (Dhantoli),24.68,-4.29,0.447,-0.27,-0.29,0.175,Crop,0.84,19.52,118.43,313.9,1555.7,592.7,439.4,86.5,Cold Spot,Sporadic
NGP_CELL_134,2021,21.10402,79.00682,Ward 5 (Dhantoli),25.3,-4.03,0.436,-0.168,-0.568,0.104,Crop,0.96,20.13,35.32,313.9,1555.7,592.7,439.4,98.9,Not Significant,Sporadic
NGP_CELL_134,2022,21.10402,79.00682,Ward 5 (Dhantoli),29.22,-1.5,0.314,0.112,-0.571,0.164,Grass,0.93,48.75,204.69,313.9,1555.7,592.7,439.4,87.6,Cold Spot,Persistent
NGP_CELL_134,2023,21.10402,79.00682,Ward 5 (Dhantoli),26.81,-2.03,0.156,0.202,-0.421,0.16,Built-up,0.67,58.87,213.91,313.9,1555.7,592.7,439.4,96.4,Not Significant,Sporadic
NGP_CELL_134,2024,21.10402,79.00682,Ward 5 (Dhantoli),26.49,-2.04,0.219,0.083,-0.262,0.179,Built-up,0.72,51.19,199.91,313.9,1555.7,592.7,439.4,95.9,Cold Spot,Persistent
NGP_CELL_135,2019,21.19749,79.12127,Ward 5 (Dhantoli),28.0,-2.0,0.329,0.151,-0.515,0.147,Built-up,0.72,53.6,92.65,284.3,3208.2,1571.9,719.5,85.5,Not Significant,Persistent
NGP_CELL_135,2020,21.19749,79.12127,Ward 5 (Dhantoli),29.5,-1.88,0.272,0.15,-0.31,0.146,Crop,0.73,46.6,197.46,284.3,3208.2,1571.9,719.5,91.6,Not Significant,Persistent
NGP_CELL_135,2021,21.19749,79.12127,Ward 5 (Dhantoli),28.49,-2.44,0.337,0.019,-0.424,0.153,Built-up,0.92,50.5,88.81,284.3,3208.2,1571.9,719.5,96.6,Cold Spot,Diminishing
NGP_CELL_135,2022,21.19749,79.12127,Ward 5 (Dhantoli),30.75,-0.73,0.191,0.202,-0.588,0.135,Built-up,0.67,67.85,103.38,284.3,3208.2,1571.9,719.5,91.5,Not Significant,Persistent
NGP_CELL_135,2023,21.19749,79.12127,Ward 5 (Dhantoli),31.66,0.4,0.062,0.344,-0.242,0.151,Built-up,0.91,70.23,225.18,284.3,3208.2,1571.9,719.5,91.4,Not Significant,Sporadic
NGP_CELL_135,2024,21.19749,79.12127,Ward 5 (Dhantoli),25.5,-2.53,0.257,0.069,-0.517,0.16,Crop,0.72,45.34,67.79,284.3,3208.2,1571.9,719.5,94.5,Cold Spot,Persistent
NGP_CELL_136,2019,21.18181,79.12536,Ward 10 (Sanjay Gandhi Nagar),26.46,-2.77,0.259,0.019,-0.324,0.122,Tree,0.97,37.13,57.64,312.2,3081.4,307.1,470.7,89.9,Not Significant,Diminishing
NGP_CELL_136,2020,21.18181,79.12536,Ward 10 (Sanjay Gandhi Nagar),32.18,-0.54,0.124,0.253,-0.449,0.12,Built-up,0.73,63.06,100.23,312.2,3081.4,307.1,470.7,91.7,Not Significant,Persistent
NGP_CELL_136,2021,21.18181,79.12536,Ward 10 (Sanjay Gandhi Nagar),24.74,-4.31,0.429,-0.211,-0.276,0.135,Tree,0.79,18.59,144.71,312.2,3081.4,307.1,470.7,94.1,Not Significant,Sporadic
NGP_CELL_136,2022,21.18181,79.12536,Ward 10 (Sanjay Gandhi Nagar),31.74,-0.24,0.191,0.293,-0.579,0.246,Built-up,0.95,74.18,174.8,312.2,3081.4,307.1,470.7,97.8,Not Significant,Sporadic
NGP_CELL_136,2023,21.18181,79.12536,Ward 10 (Sanjay Gandhi Nagar),29.26,-0.8,0.199,0.234,-0.251,0.232,Built-up,0.71,53.86,214.57,312.2,3081.4,307.1,470.7,89.0,Not Significant,Emerging
NGP_CELL_136,2024,21.18181,79.12536,Ward 10 (Sanjay Gandhi Nagar),30.39,-0.08,0.12,0.307,-0.532,0.181,Built-up,0.87,74.09,53.14,312.2,3081.4,307.1,470.7,86.5,Not Significant,Persistent
NGP_CELL_137,2019,21.11984,79.06999,Ward 8 (Gandhibagh),25.03,-3.48,0.45,-0.135,-0.559,0.085,Bare,0.95,16.68,105.16,302.0,1363.6,1846.7,781.8,96.6,Not Significant,Diminishing
NGP_CELL_137,2020,21.11984,79.06999,Ward 8 (Gandhibagh),29.96,-1.65,0.279,0.13,-0.56,0.158,Grass,0.97,47.69,126.2,302.0,1363.6,1846.7,781.8,90.6,Cold Spot,Persistent
NGP_CELL_137,2021,21.11984,79.06999,Ward 8 (Gandhibagh),27.97,-2.7,0.287,0.072,-0.304,0.14,Grass,0.88,49.35,191.26,302.0,1363.6,1846.7,781.8,92.3,Not Significant,Persistent
NGP_CELL_137,2022,21.11984,79.06999,Ward 8 (Gandhibagh),27.42,-2.39,0.394,-0.008,-0.436,0.179,Tree,0.68,40.7,177.47,302.0,1363.6,1846.7,781.8,92.0,Cold Spot,Sporadic
NGP_CELL_137,2023,21.11984,79.06999,Ward 8 (Gandhibagh),26.66,-2.1,0.229,0.075,-0.35,0.238,Built-up,0.96,50.65,54.41,302.0,1363.6,1846.7,781.8,99.4,Cold Spot,Diminishing
NGP_CELL_137,2024,21.11984,79.06999,Ward 8 (Gandhibagh),26.36,-2.1,0.247,0.205,-0.525,0.121,Built-up,0.88,62.06,102.64,302.0,1363.6,1846.7,781.8,99.6,Not Significant,Sporadic
NGP_CELL_138,2019,21.07105,79.08811,Ward 8 (Gandhibagh),23.04,-4.48,0.47,-0.246,-0.4,0.159,Grass,0.76,21.68,197.41,311.6,3920.7,342.3,729.8,89.9,Cold Spot,Emerging
NGP_CELL_138,2020,21.07105,79.08811,Ward 8 (Gandhibagh),28.24,-2.51,0.261,0.086,-0.499,0.113,Tree,0.71,41.46,54.81,311.6,3920.7,342.3,729.8,93.1,Cold Spot,Sporadic
NGP_CELL_138,2021,21.07105,79.08811,Ward 8 (Gandhibagh),29.35,-2.01,0.177,0.103,-0.357,0.14,Built-up,0.76,59.29,116.79,311.6,3920.7,342.3,729.8,89.2,Not Significant,Persistent
NGP_CELL_138,2022,21.07105,79.08811,Ward 8 (Gandhibagh),27.85,-2.18,0.256,0.007,-0.24,0.111,Bare,0.67,40.13,93.68,311.6,3920.7,342.3,729.8,93.6,Not Significant,Persistent
NGP_CELL_138,2023,21.07105,79.08811,Ward 8 (Gandhibagh),26.8,-2.03,0.244,0.126,-0.335,0.167,Grass,0.74,43.83,174.86,311.6,3920.7,342.3,729.8,94.0,Cold Spot,Emerging
NGP_CELL_138,2024,21.07105,79.08811,Ward 8 (Gandhibagh),24.39,-3.08,0.386,-0.091,-0.513,0.177,Tree,0.98,39.98,137.39,311.6,3920.7,342.3,729.8,99.7,Not Significant,Sporadic
NGP_CELL_139,2019,21.08209,79.14581,Ward 2 (Ashinagar),29.01,-1.49,0.29,0.128,-0.423,0.192,Built-up,0.87,51.43,146.17,287.1,16.6,2560.2,572.6,94.8,Cold Spot,Persistent
NGP_CELL_139,2020,21.08209,79.14581,Ward 2 (Ashinagar),28.45,-2.41,-0.006,-0.074,0.506,0.093,Water,0.77,36.51,81.5,287.1,16.6,2560.2,572.6,92.7,Cold Spot,Emerging
NGP_CELL_139,2021,21.08209,79.14581,Ward 2 (Ashinagar),29.28,-2.04,-0.162,-0.094,0.587,0.137,Water,0.79,24.77,173.24,287.1,16.6,2560.2,572.6,90.4,Cold Spot,Diminishing
NGP_CELL_139,2022,21.08209,79.14581,Ward 2 (Ashinagar),32.89,0.34,0.074,0.326,-0.362,0.165,Built-up,0.86,74.0,207.14,287.1,16.6,2560.2,572.6,89.9,Not Significant,Persistent
NGP_CELL_139,2023,21.08209,79.14581,Ward 2 (Ashinagar),25.91,-2.48,-0.18,-0.122,0.423,0.125,Water,0.83,29.15,198.92,287.1,16.6,2560.2,572.6,90.8,Hot Spot,Persistent
NGP_CELL_139,2024,21.08209,79.14581,Ward 2 (Ashinagar),26.84,-1.86,-0.203,-0.146,0.68,0.089,Water,0.84,25.08,146.42,287.1,16.6,2560.2,572.6,94.3,Not Significant,Persistent
NGP_CELL_140,2019,21.14399,79.1232,Ward 7 (Mangalwari),23.65,-4.17,0.428,-0.206,-0.456,0.179,Crop,0.77,23.49,65.09,292.2,3341.2,2117.7,749.7,98.4,Cold Spot,Persistent
NGP_CELL_140,2020,21.14399,79.1232,Ward 7 (Mangalwari),31.39,-0.93,0.207,0.203,-0.468,0.244,Built-up,0.97,65.59,191.76,292.2,3341.2,2117.7,749.7,90.0,Not Significant,Persistent
NGP_CELL_140,2021,21.14399,79.1232,Ward 7 (Mangalwari),28.93,-2.22,0.282,-0.007,-0.35,0.11,Tree,0.94,36.93,130.87,292.2,3341.2,2117.7,749.7,89.6,Not Significant,Persistent
NGP_CELL_140,2022,21.14399,79.1232,Ward 7 (Mangalwari),29.55,-1.33,0.236,0.235,-0.368,0.222,Built-up,0.98,60.77,122.63,292.2,3341.2,2117.7,749.7,89.4,Not Significant,Persistent
NGP_CELL_140,2023,21.14399,79.1232,Ward 7 (Mangalwari),24.28,-3.29,0.186,-0.006,-0.336,0.135,Grass,0.74,46.74,185.18,292.2,3341.2,2117.7,749.7,92.6,Cold Spot,Persistent
NGP_CELL_140,2024,21.14399,79.1232,Ward 7 (Mangalwari),24.81,-2.87,0.284,-0.024,-0.571,0.143,Tree,0.78,29.5,52.05,292.2,3341.2,2117.7,749.7,95.3,Not Significant,Emerging
NGP_CELL_141,2019,21.08505,79.07345,Ward 10 (Sanjay Gandhi Nagar),28.41,-1.8,0.24,0.09,-0.446,0.189,Built-up,0.84,56.52,136.91,305.0,2481.1,829.1,380.0,96.7,Cold Spot,Persistent
NGP_CELL_141,2020,21.08505,79.07345,Ward 10 (Sanjay Gandhi Nagar),25.85,-3.71,0.388,-0.133,-0.312,0.144,Crop,0.92,19.24,155.02,305.0,2481.1,829.1,380.0,93.5,Not Significant,Persistent
NGP_CELL_141,2021,21.08505,79.07345,Ward 10 (Sanjay Gandhi Nagar),24.36,-4.5,0.445,-0.207,-0.489,0.09,Tree,0.74,18.03,117.42,305.0,2481.1,829.1,380.0,97.6,Cold Spot,Diminishing
NGP_CELL_141,2022,21.08505,79.07345,Ward 10 (Sanjay Gandhi Nagar),28.9,-1.66,0.272,0.195,-0.566,0.152,Built-up,0.67,55.86,77.96,305.0,2481.1,829.1,380.0,97.8,Not Significant,Persistent
NGP_CELL_141,2023,21.08505,79.07345,Ward 10 (Sanjay Gandhi Nagar),21.37,-4.75,0.411,-0.275,-0.439,0.152,Grass,0.95,17.59,217.93,305.0,2481.1,829.1,380.0,93.0,Not Significant,Persistent
NGP_CELL_141,2024,21.08505,79.07345,Ward 10 (Sanjay Gandhi Nagar),29.88,-0.34,0.143,0.267,-0.255,0.206,Built-up,0.85,69.13,123.65,305.0,2481.1,829.1,380.0,95.8,Cold Spot,Sporadic
NGP_CELL_142,2019,21.07506,79.03342,Ward 3 (Dharampeth),31.43,-0.28,0.155,0.3,-0.394,0.226,Built-up,0.79,65.28,51.13,309.9,1993.3,635.2,418.0,87.3,Not Significant,Sporadic
NGP_CELL_142,2020,21.07506,79.03342,Ward 3 (Dharampeth),25.75,-3.75,0.321,-0.257,-0.281,0.126,Bare,0.7,20.68,73.13,309.9,1993.3,635.2,418.0,89.9,Cold Spot,Persistent
NGP_CELL_142,2021,21.07506,79.03342,Ward 3 (Dharampeth),31.01,-1.17,0.176,0.193,-0.577,0.193,Built-up,0.67,55.02,47.33,309.9,1993.3,635.2,418.0,98.9,Not Significant,Sporadic
NGP_CELL_142,2022,21.07506,79.03342,Ward 3 (Dharampeth),28.29,-1.96,0.299,0.093,-0.507,0.139,Bare,0.71,49.94,71.09,309.9,1993.3,635.2,418.0,98.8,Not Significant,Emerging
NGP_CELL_142,2023,21.07506,79.03342,Ward 3 (Dharampeth),28.5,-1.18,0.308,0.198,-0.53,0.168,Built-up,0.73,54.82,83.05,309.9,1993.3,635.2,418.0,90.6,Not Significant,Persistent
NGP_CELL_142,2024,21.07506,79.03342,Ward 3 (Dharampeth),25.31,-2.62,0.307,-0.007,-0.226,0.11,Bare,0.9,36.78,154.3,309.9,1993.3,635.2,418.0,90.4,Not Significant,Emerging
NGP_CELL_143,2019,21.07678,79.05642,Ward 2 (Ashinagar),24.42,-3.79,0.368,-0.174,-0.428,0.149,Tree,0.78,18.7,133.0,287.9,3665.8,1844.3,166.7,87.4,Not Significant,Persistent
NGP_CELL_143,2020,21.07678,79.05642,Ward 2 (Ashinagar),25.46,-3.9,0.389,-0.156,-0.302,0.157,Crop,0.73,24.92,73.88,287.9,3665.8,1844.3,166.7,87.4,Not Significant,Sporadic
NGP_CELL_143,2021,21.07678,79.05642,Ward 2 (Ashinagar),25.39,-3.99,0.392,-0.087,-0.529,0.178,Tree,0.78,21.36,166.4,287.9,3665.8,1844.3,166.7,91.2,Not Significant,Persistent
NGP_CELL_143,2022,21.07678,79.05642,Ward 2 (Ashinagar),25.19,-3.51,0.289,-0.098,-0.221,0.088,Tree,0.91,38.18,211.55,287.9,3665.8,1844.3,166.7,94.4,Not Significant,Emerging
NGP_CELL_143,2023,21.07678,79.05642,Ward 2 (Ashinagar),28.34,-1.26,0.246,0.045,-0.285,0.134,Crop,0.73,35.05,211.75,287.9,3665.8,1844.3,166.7,92.4,Not Significant,Emerging
NGP_CELL_143,2024,21.07678,79.05642,Ward 2 (Ashinagar),23.05,-3.76,0.33,-0.052,-0.227,0.177,Tree,0.69,27.8,108.0,287.9,3665.8,1844.3,166.7,96.7,Cold Spot,Sporadic
NGP_CELL_144,2019,21.10999,79.10949,Ward 5 (Dhantoli),24.21,-3.89,0.329,-0.136,-0.298,0.16,Bare,0.87,32.27,192.5,303.4,3329.4,2139.6,705.8,86.7,Cold Spot,Persistent
NGP_CELL_144,2020,21.10999,79.10949,Ward 5 (Dhantoli),29.19,-2.04,0.242,-0.1,-0.557,0.129,Crop,0.71,32.51,167.01,303.4,3329.4,2139.6,705.8,98.1,Not Significant,Persistent
NGP_CELL_144,2021,21.10999,79.10949,Ward 5 (Dhantoli),32.13,-0.62,0.147,0.283,-0.275,0.222,Built-up,0.94,66.81,41.19,303.4,3329.4,2139.6,705.8,99.5,Not Significant,Persistent
NGP_CELL_144,2022,21.10999,79.10949,Ward 5 (Dhantoli),32.51,0.15,0.156,0.359,-0.515,0.175,Built-up,0.67,68.47,106.8,303.4,3329.4,2139.6,705.8,99.1,Not Significant,Persistent
NGP_CELL_144,2023,21.10999,79.10949,Ward 5 (Dhantoli),25.45,-2.71,0.26,0.034,-0.337,0.152,Crop,0.92,46.67,160.98,303.4,3329.4,2139.6,705.8,87.5,Cold Spot,Persistent
NGP_CELL_144,2024,21.10999,79.10949,Ward 5 (Dhantoli),26.75,-1.91,0.216,0.1,-0.246,0.131,Built-up,0.75,55.68,173.98,303.4,3329.4,2139.6,705.8,91.7,Not Significant,Emerging
NGP_CELL_145,2019,21.09385,79.06311,Ward 10 (Sanjay Gandhi Nagar),27.46,-2.27,0.296,-0.015,-0.212,0.168,Bare,0.7,37.15,28.96,284.8,3632.2,1711.3,427.9,87.4,Not Significant,Persistent
NGP_CELL_145,2020,21.09385,79.06311,Ward 10 (Sanjay Gandhi Nagar),26.41,-3.42,0.428,-0.115,-0.24,0.092,Crop,0.93,31.36,53.3,284.8,3632.2,1711.3,427.9,89.7,Not Significant,Emerging
NGP_CELL_145,2021,21.09385,79.06311,Ward 10 (Sanjay Gandhi Nagar),32.87,-0.25,0.28,0.324,-0.407,0.194,Built-up,0.7,62.61,200.92,284.8,3632.2,1711.3,427.9,97.2,Cold Spot,Persistent
NGP_CELL_145,2022,21.09385,79.06311,Ward 10 (Sanjay Gandhi Nagar),32.45,0.12,0.192,0.399,-0.434,0.125,Built-up,0.89,72.99,155.08,284.8,3632.2,1711.3,427.9,89.8,Not Significant,Sporadic
NGP_CELL_145,2023,21.09385,79.06311,Ward 10 (Sanjay Gandhi Nagar),23.02,-3.92,0.306,-0.116,-0.427,0.106,Bare,0.83,33.53,148.93,284.8,3632.2,1711.3,427.9,92.1,Cold Spot,Persistent
NGP_CELL_145,2024,21.09385,79.06311,Ward 10 (Sanjay Gandhi Nagar),27.21,-1.68,0.282,0.114,-0.453,0.101,Crop,0.83,41.92,117.62,284.8,3632.2,1711.3,427.9,98.7,Cold Spot,Sporadic
NGP_CELL_146,2019,21.07253,79.09881,Ward 5 (Dhantoli),23.28,-4.36,0.378,-0.317,-0.522,0.177,Grass,0.74,12.54,69.42,317.1,2042.6,2996.5,464.2,94.1,Not Significant,Sporadic
NGP_CELL_146,2020,21.07253,79.09881,Ward 5 (Dhantoli),29.02,-2.12,0.147,0.152,-0.273,0.205,Built-up,0.83,52.68,178.31,317.1,2042.6,2996.5,464.2,97.6,Not Significant,Persistent
NGP_CELL_146,2021,21.07253,79.09881,Ward 5 (Dhantoli),25.8,-3.78,0.281,-0.11,-0.439,0.099,Tree,0.76,25.08,153.06,317.1,2042.6,2996.5,464.2,86.6,Not Significant,Sporadic
NGP_CELL_146,2022,21.07253,79.09881,Ward 5 (Dhantoli),24.29,-3.96,0.443,-0.112,-0.315,0.143,Tree,0.75,23.34,93.66,317.1,2042.6,2996.5,464.2,90.8,Not Significant,Sporadic
NGP_CELL_146,2023,21.07253,79.09881,Ward 5 (Dhantoli),23.59,-3.64,0.36,-0.163,-0.383,0.176,Crop,0.84,27.09,124.8,317.1,2042.6,2996.5,464.2,85.7,Cold Spot,Emerging
NGP_CELL_146,2024,21.07253,79.09881,Ward 5 (Dhantoli),20.9,-4.83,0.358,-0.247,-0.355,0.121,Bare,0.72,21.63,77.82,317.1,2042.6,2996.5,464.2,94.8,Not Significant,Sporadic
NGP_CELL_147,2019,21.05064,79.13282,Ward 8 (Gandhibagh),21.66,-5.17,0.464,-0.324,-0.599,0.115,Bare,0.9,16.74,189.98,318.1,1416.3,1149.2,75.1,98.7,Cold Spot,Emerging
NGP_CELL_147,2020,21.05064,79.13282,Ward 8 (Gandhibagh),28.67,-2.29,0.321,0.094,-0.323,0.133,Tree,0.78,48.22,41.74,318.1,1416.3,1149.2,75.1,91.5,Cold Spot,Sporadic
NGP_CELL_147,2021,21.05064,79.13282,Ward 8 (Gandhibagh),25.81,-3.78,0.434,-0.195,-0.555,0.099,Tree,0.81,29.57,165.38,318.1,1416.3,1149.2,75.1,88.5,Not Significant,Sporadic
NGP_CELL_147,2022,21.05064,79.13282,Ward 8 (Gandhibagh),33.14,0.47,0.098,0.451,-0.202,0.186,Built-up,0.84,78.07,92.8,318.1,1416.3,1149.2,75.1,90.2,Cold Spot,Persistent
NGP_CELL_147,2023,21.05064,79.13282,Ward 8 (Gandhibagh),27.17,-1.85,0.218,0.18,-0.541,0.231,Built-up,0.95,51.21,188.6,318.1,1416.3,1149.2,75.1,87.8,Not Significant,Persistent
NGP_CELL_147,2024,21.05064,79.13282,Ward 8 (Gandhibagh),27.71,-1.43,0.166,0.131,-0.241,0.124,Crop,0.79,47.45,174.9,318.1,1416.3,1149.2,75.1,88.5,Not Significant,Diminishing
NGP_CELL_148,2019,21.06641,79.04057,Ward 6 (Satranjipura),24.16,-3.92,0.314,-0.138,-0.465,0.12,Bare,0.96,35.98,68.95,304.1,737.0,2180.8,167.6,94.5,Cold Spot,Persistent
NGP_CELL_148,2020,21.06641,79.04057,Ward 6 (Satranjipura),25.83,-3.72,0.221,-0.067,-0.221,0.093,Grass,0.95,42.41,202.98,304.1,737.0,2180.8,167.6,85.5,Not Significant,Persistent
NGP_CELL_148,2021,21.06641,79.04057,Ward 6 (Satranjipura),25.79,-3.79,0.279,-0.166,-0.343,0.177,Tree,0.83,24.78,76.93,304.1,737.0,2180.8,167.6,97.8,Not Significant,Emerging
NGP_CELL_148,2022,21.06641,79.04057,Ward 6 (Satranjipura),25.38,-3.41,0.293,-0.042,-0.312,0.082,Crop,0.8,29.72,63.75,304.1,737.0,2180.8,167.6,93.5,Not Significant,Persistent
NGP_CELL_148,2023,21.06641,79.04057,Ward 6 (Satranjipura),32.9,1.02,0.015,0.382,-0.265,0.161,Built-up,0.87,80.58,144.37,304.1,737.0,2180.8,167.6,95.2,Not Significant,Persistent
NGP_CELL_148,2024,21.06641,79.04057,Ward 6 (Satranjipura),26.74,-1.91,0.258,0.063,-0.554,0.103,Tree,0.7,41.3,75.82,304.1,737.0,2180.8,167.6,86.5,Not Significant,Persistent
NGP_CELL_149,2019,21.11559,79.10981,Ward 9 (Nehru Nagar),24.7,-3.65,0.315,-0.072,-0.585,0.098,Grass,0.8,29.75,64.19,291.2,3372.1,2783.5,279.3,90.8,Cold Spot,Sporadic
NGP_CELL_149,2020,21.11559,79.10981,Ward 9 (Nehru Nagar),32.09,-0.59,0.165,0.359,-0.421,0.241,Built-up,0.72,72.52,123.67,291.2,3372.1,2783.5,279.3,97.8,Hot Spot,Persistent
NGP_CELL_149,2021,21.11559,79.10981,Ward 9 (Nehru Nagar),29.87,-1.74,0.234,0.121,-0.251,0.124,Built-up,0.73,53.96,173.48,291.2,3372.1,2783.5,279.3,96.1,Hot Spot,Emerging
NGP_CELL_149,2022,21.11559,79.10981,Ward 9 (Nehru Nagar),29.69,-1.26,0.288,0.193,-0.528,0.226,Built-up,0.93,53.14,177.46,291.2,3372.1,2783.5,279.3,99.1,Cold Spot,Emerging
NGP_CELL_149,2023,21.11559,79.10981,Ward 9 (Nehru Nagar),27.34,-1.76,0.152,0.185,-0.338,0.215,Built-up,0.94,54.45,125.59,291.2,3372.1,2783.5,279.3,93.3,Not Significant,Diminishing
NGP_CELL_149,2024,21.11559,79.10981,Ward 9 (Nehru Nagar),26.58,-1.99,0.246,0.218,-0.325,0.18,Built-up,0.79,59.62,118.67,291.2,3372.1,2783.5,279.3,93.5,Not Significant,Diminishing
NGP_CELL_150,2019,21.18434,79.05318,Ward 5 (Dhantoli),24.18,-3.91,0.472,-0.211,-0.489,0.151,Crop,0.75,14.29,111.99,305.5,3940.6,2100.8,166.0,87.1,Cold Spot,Emerging
NGP_CELL_150,2020,21.18434,79.05318,Ward 5 (Dhantoli),27.93,-2.67,0.296,0.051,-0.482,0.157,Crop,0.72,45.23,186.16,305.5,3940.6,2100.8,166.0,90.9,Not Significant,Persistent
NGP_CELL_150,2021,21.18434,79.05318,Ward 5 (Dhantoli),29.66,-1.85,0.267,-0.024,-0.599,0.105,Grass,0.8,34.67,168.07,305.5,3940.6,2100.8,166.0,86.0,Not Significant,Emerging
NGP_CELL_150,2022,21.18434,79.05318,Ward 5 (Dhantoli),27.11,-2.55,0.3,0.041,-0.517,0.125,Tree,0.89,47.18,133.56,305.5,3940.6,2100.8,166.0,85.8,Cold Spot,Emerging
NGP_CELL_150,2023,21.18434,79.05318,Ward 5 (Dhantoli),27.22,-1.82,0.292,0.215,-0.371,0.145,Built-up,0.82,53.93,107.27,305.5,3940.6,2100.8,166.0,88.2,Not Significant,Persistent
NGP_CELL_150,2024,21.18434,79.05318,Ward 5 (Dhantoli),27.23,-1.67,0.131,0.097,-0.438,0.222,Built-up,0.88,59.02,129.8,305.5,3940.6,2100.8,166.0,97.2,Not Significant,Diminishing
NGP_CELL_151,2019,21.08677,79.07585,Ward 4 (Hanuman Nagar),27.22,-2.39,0.311,0.054,-0.396,0.136,Built-up,0.71,51.24,55.77,305.9,2775.9,2002.2,744.3,95.5,Cold Spot,Sporadic
NGP_CELL_151,2020,21.08677,79.07585,Ward 4 (Hanuman Nagar),24.29,-4.49,0.326,-0.307,-0.254,0.119,Tree,0.97,15.53,202.94,305.9,2775.9,2002.2,744.3,90.7,Cold Spot,Persistent
NGP_CELL_151,2021,21.08677,79.07585,Ward 4 (Hanuman Nagar),27.14,-3.11,0.432,-0.028,-0.24,0.115,Grass,0.89,28.4,198.33,305.9,2775.9,2002.2,744.3,95.9,Not Significant,Persistent
NGP_CELL_151,2022,21.08677,79.07585,Ward 4 (Hanuman Nagar),24.1,-4.06,0.318,-0.168,-0.406,0.161,Crop,0.84,26.89,138.05,305.9,2775.9,2002.2,744.3,99.3,Cold Spot,Persistent
NGP_CELL_151,2023,21.08677,79.07585,Ward 4 (Hanuman Nagar),31.66,0.4,0.094,0.383,-0.363,0.133,Built-up,0.74,75.14,172.0,305.9,2775.9,2002.2,744.3,91.3,Not Significant,Sporadic
NGP_CELL_151,2024,21.08677,79.07585,Ward 4 (Hanuman Nagar),27.14,-1.71,0.223,0.121,-0.577,0.096,Tree,0.95,42.62,197.79,305.9,2775.9,2002.2,744.3,86.6,Not Significant,Emerging
NGP_CELL_152,2019,21.1039,79.00861,Ward 6 (Satranjipura),27.42,-2.29,0.15,0.106,-0.302,0.249,Built-up,0.75,54.61,124.31,302.8,573.4,2727.2,160.8,86.7,Cold Spot,Sporadic
NGP_CELL_152,2020,21.1039,79.00861,Ward 6 (Satranjipura),28.68,-2.29,0.181,0.073,-0.376,0.082,Bare,0.67,48.94,168.14,302.8,573.4,2727.2,160.8,99.0,Not Significant,Emerging
NGP_CELL_152,2021,21.1039,79.00861,Ward 6 (Satranjipura),28.53,-2.42,0.325,0.1,-0.403,0.17,Built-up,0.87,50.87,74.31,302.8,573.4,2727.2,160.8,90.1,Not Significant,Emerging
NGP_CELL_152,2022,21.1039,79.00861,Ward 6 (Satranjipura),30.71,-0.75,0.129,0.335,-0.311,0.17,Built-up,0.85,72.39,188.26,302.8,573.4,2727.2,160.8,89.8,Not Significant,Persistent
NGP_CELL_152,2023,21.1039,79.00861,Ward 6 (Satranjipura),23.74,-3.56,0.461,-0.101,-0.297,0.18,Crop,0.73,25.0,78.35,302.8,573.4,2727.2,160.8,86.9,Not Significant,Persistent
NGP_CELL_152,2024,21.1039,79.00861,Ward 6 (Satranjipura),30.47,-0.05,0.163,0.31,-0.444,0.12,Built-up,0.83,75.35,157.11,302.8,573.4,2727.2,160.8,92.0,Not Significant,Sporadic
NGP_CELL_153,2019,21.11728,79.05453,Ward 10 (Sanjay Gandhi Nagar),25.82,-3.09,0.282,-0.113,-0.244,0.178,Crop,0.84,33.35,33.14,298.9,2484.7,2428.5,273.9,85.0,Not Significant,Persistent
NGP_CELL_153,2020,21.11728,79.05453,Ward 10 (Sanjay Gandhi Nagar),25.1,-4.08,0.428,-0.168,-0.255,0.12,Grass,0.95,30.37,80.34,298.9,2484.7,2428.5,273.9,87.5,Not Significant,Persistent
NGP_CELL_153,2021,21.11728,79.05453,Ward 10 (Sanjay Gandhi Nagar),25.19,-4.09,0.403,-0.164,-0.546,0.122,Grass,0.83,29.47,138.83,298.9,2484.7,2428.5,273.9,87.2,Not Significant,Diminishing
NGP_CELL_153,2022,21.11728,79.05453,Ward 10 (Sanjay Gandhi Nagar),28.44,-1.89,0.25,0.193,-0.548,0.162,Built-up,0.77,52.09,206.4,298.9,2484.7,2428.5,273.9,93.7,Not Significant,Diminishing
NGP_CELL_153,2023,21.11728,79.05453,Ward 10 (Sanjay Gandhi Nagar),24.44,-3.21,0.262,0.003,-0.225,0.094,Tree,0.81,34.84,201.7,298.9,2484.7,2428.5,273.9,97.9,Not Significant,Persistent
NGP_CELL_153,2024,21.11728,79.05453,Ward 10 (Sanjay Gandhi Nagar),26.95,-1.8,0.235,0.186,-0.465,0.134,Built-up,0.73,63.31,152.42,298.9,2484.7,2428.5,273.9,95.5,Cold Spot,Sporadic
NGP_CELL_154,2019,21.08235,79.03835,Ward 2 (Ashinagar),24.72,-3.64,0.372,-0.174,-0.259,0.176,Tree,0.86,15.09,144.82,291.2,1319.0,671.5,567.9,97.1,Not Significant,Persistent
NGP_CELL_154,2020,21.08235,79.03835,Ward 2 (Ashinagar),31.57,-0.85,0.194,0.262,-0.551,0.225,Built-up,0.78,70.37,166.44,291.2,1319.0,671.5,567.9,85.1,Not Significant,Persistent
NGP_CELL_154,2021,21.08235,79.03835,Ward 2 (Ashinagar),27.07,-3.15,0.321,0.038,-0.211,0.12,Bare,0.69,48.87,76.48,291.2,1319.0,671.5,567.9,92.4,Cold Spot,Persistent
NGP_CELL_154,2022,21.08235,79.03835,Ward 2 (Ashinagar),29.07,-1.57,0.252,0.14,-0.267,0.126,Grass,0.78,44.71,63.02,291.2,1319.0,671.5,567.9,96.1,Cold Spot,Emerging
NGP_CELL_154,2023,21.08235,79.03835,Ward 2 (Ashinagar),24.03,-3.41,0.33,-0.144,-0.544,0.138,Bare,0.8,32.68,107.87,291.2,1319.0,671.5,567.9,86.1,Not Significant,Emerging
NGP_CELL_154,2024,21.08235,79.03835,Ward 2 (Ashinagar),26.23,-2.17,0.245,0.101,-0.497,0.142,Grass,0.89,44.14,92.66,291.2,1319.0,671.5,567.9,91.9,Not Significant,Persistent
NGP_CELL_155,2019,21.14648,79.13233,Ward 5 (Dhantoli),24.01,-4.0,0.397,-0.061,-0.585,0.082,Bare,0.88,34.78,111.31,288.0,4537.2,795.6,226.2,95.3,Not Significant,Sporadic
NGP_CELL_155,2020,21.14648,79.13233,Ward 5 (Dhantoli),28.58,-2.34,0.284,0.087,-0.392,0.214,Built-up,0.78,56.79,90.53,288.0,4537.2,795.6,226.2,95.5,Not Significant,Emerging
NGP_CELL_155,2021,21.14648,79.13233,Ward 5 (Dhantoli),26.62,-3.37,0.355,-0.007,-0.39,0.156,Crop,0.72,47.13,41.15,288.0,4537.2,795.6,226.2,99.0,Cold Spot,Persistent
NGP_CELL_155,2022,21.14648,79.13233,Ward 5 (Dhantoli),25.69,-3.26,0.386,0.052,-0.59,0.145,Grass,0.89,40.32,146.18,288.0,4537.2,795.6,226.2,88.2,Not Significant,Persistent
NGP_CELL_155,2023,21.14648,79.13233,Ward 5 (Dhantoli),30.45,-0.21,0.092,0.253,-0.22,0.166,Built-up,0.95,70.42,146.41,288.0,4537.2,795.6,226.2,85.3,Not Significant,Persistent
NGP_CELL_155,2024,21.14648,79.13233,Ward 5 (Dhantoli),26.15,-2.21,0.389,0.075,-0.303,0.114,Tree,0.89,39.15,159.12,288.0,4537.2,795.6,226.2,90.4,Not Significant,Persistent
NGP_CELL_156,2019,21.16752,79.14621,Ward 4 (Hanuman Nagar),29.69,-1.16,0.142,0.215,-0.522,0.198,Built-up,0.9,55.73,56.77,310.8,3616.4,2892.0,744.7,97.6,Not Significant,Persistent
NGP_CELL_156,2020,21.16752,79.14621,Ward 4 (Hanuman Nagar),30.52,-1.37,0.231,0.213,-0.363,0.145,Built-up,0.69,69.73,25.43,310.8,3616.4,2892.0,744.7,90.4,Not Significant,Persistent
NGP_CELL_156,2021,21.16752,79.14621,Ward 4 (Hanuman Nagar),32.0,-0.68,0.232,0.33,-0.405,0.223,Built-up,0.67,69.93,104.8,310.8,3616.4,2892.0,744.7,93.9,Not Significant,Sporadic
NGP_CELL_156,2022,21.16752,79.14621,Ward 4 (Hanuman Nagar),32.59,0.19,0.203,0.4,-0.592,0.246,Built-up,0.74,71.07,85.69,310.8,3616.4,2892.0,744.7,87.2,Not Significant,Persistent
NGP_CELL_156,2023,21.16752,79.14621,Ward 4 (Hanuman Nagar),23.39,-3.74,0.399,-0.104,-0.432,0.161,Bare,0.66,37.64,141.75,310.8,3616.4,2892.0,744.7,93.6,Not Significant,Persistent
NGP_CELL_156,2024,21.16752,79.14621,Ward 4 (Hanuman Nagar),25.33,-2.62,0.348,0.012,-0.465,0.088,Tree,0.86,47.4,55.06,310.8,3616.4,2892.0,744.7,87.9,Not Significant,Persistent
NGP_CELL_157,2019,21.14801,79.05766,Ward 1 (Lakadganj),29.21,-1.4,0.2,0.188,-0.298,0.234,Built-up,0.97,59.35,197.24,303.5,1125.3,2542.4,394.6,97.0,Cold Spot,Emerging
NGP_CELL_157,2020,21.14801,79.05766,Ward 1 (Lakadganj),24.61,-4.33,0.462,-0.206,-0.375,0.099,Bare,0.85,22.83,190.52,303.5,1125.3,2542.4,394.6,97.0,Not Significant,Persistent
NGP_CELL_157,2021,21.14801,79.05766,Ward 1 (Lakadganj),26.9,-3.23,0.279,-0.162,-0.432,0.177,Tree,0.83,25.94,161.98,303.5,1125.3,2542.4,394.6,93.4,Not Significant,Emerging
NGP_CELL_157,2022,21.14801,79.05766,Ward 1 (Lakadganj),32.07,-0.07,0.078,0.289,-0.375,0.152,Built-up,0.75,73.0,163.55,303.5,1125.3,2542.4,394.6,97.3,Hot Spot,Sporadic
NGP_CELL_157,2023,21.14801,79.05766,Ward 1 (Lakadganj),25.03,-2.91,0.268,0.037,-0.206,0.124,Built-up,0.76,52.41,132.35,303.5,1125.3,2542.4,394.6,94.7,Cold Spot,Emerging
NGP_CELL_157,2024,21.14801,79.05766,Ward 1 (Lakadganj),29.78,-0.39,0.249,0.274,-0.427,0.181,Built-up,0.74,69.11,70.22,303.5,1125.3,2542.4,394.6,95.6,Not Significant,Persistent
NGP_CELL_158,2019,21.05908,79.10302,Ward 4 (Hanuman Nagar),25.25,-3.37,0.212,-0.092,-0.501,0.09,Grass,0.8,40.61,126.27,315.5,3662.2,1685.0,181.1,97.6,Not Significant,Emerging
NGP_CELL_158,2020,21.05908,79.10302,Ward 4 (Hanuman Nagar),30.53,-1.37,0.155,0.097,-0.222,0.122,Built-up,0.88,53.05,145.6,315.5,3662.2,1685.0,181.1,90.2,Cold Spot,Persistent
NGP_CELL_158,2021,21.05908,79.10302,Ward 4 (Hanuman Nagar),31.36,-1.0,0.24,0.269,-0.268,0.125,Built-up,0.72,66.44,175.72,315.5,3662.2,1685.0,181.1,91.9,Not Significant,Diminishing
NGP_CELL_158,2022,21.05908,79.10302,Ward 4 (Hanuman Nagar),26.61,-2.8,0.331,-0.005,-0.564,0.144,Tree,0.81,35.35,182.46,315.5,3662.2,1685.0,181.1,94.2,Cold Spot,Emerging
NGP_CELL_158,2023,21.05908,79.10302,Ward 4 (Hanuman Nagar),23.03,-3.92,0.403,-0.156,-0.438,0.15,Tree,0.77,29.1,154.62,315.5,3662.2,1685.0,181.1,87.1,Not Significant,Emerging
NGP_CELL_158,2024,21.05908,79.10302,Ward 4 (Hanuman Nagar),31.92,0.68,0.097,0.422,-0.361,0.21,Built-up,0.97,74.73,129.08,315.5,3662.2,1685.0,181.1,95.3,Not Significant,Persistent
NGP_CELL_159,2019,21.13635,79.08912,Ward 5 (Dhantoli),24.71,-3.65,0.382,-0.085,-0.561,0.084,Grass,0.93,26.31,51.58,315.8,4643.7,2927.8,751.4,99.9,Cold Spot,Sporadic
NGP_CELL_159,2020,21.13635,79.08912,Ward 5 (Dhantoli),27.97,-2.65,0.358,-0.061,-0.427,0.163,Tree,0.96,42.28,174.58,315.8,4643.7,2927.8,751.4,92.1,Not Significant,Diminishing
NGP_CELL_159,2021,21.13635,79.08912,Ward 5 (Dhantoli),25.14,-4.11,0.364,-0.163,-0.457,0.099,Crop,0.82,30.26,45.72,315.8,4643.7,2927.8,751.4,92.3,Not Significant,Emerging
NGP_CELL_159,2022,21.13635,79.08912,Ward 5 (Dhantoli),30.13,-1.04,0.101,0.237,-0.256,0.221,Built-up,0.8,72.32,162.1,315.8,4643.7,2927.8,751.4,88.7,Not Significant,Persistent
NGP_CELL_159,2023,21.13635,79.08912,Ward 5 (Dhantoli),25.8,-2.53,0.361,-0.081,-0.538,0.145,Grass,0.65,27.82,186.58,315.8,4643.7,2927.8,751.4,87.2,Cold Spot,Persistent
NGP_CELL_159,2024,21.13635,79.08912,Ward 5 (Dhantoli),23.06,-3.75,0.293,-0.147,-0.58,0.168,Crop,0.91,32.72,120.74,315.8,4643.7,2927.8,751.4,86.2,Cold Spot,Persistent
NGP_CELL_160,2019,21.14425,79.08736,Ward 3 (Dharampeth),29.07,-1.47,0.21,0.113,-0.417,0.084,Crop,0.94,45.59,139.35,314.6,625.2,2538.1,260.8,87.9,Not Significant,Sporadic
NGP_CELL_160,2020,21.14425,79.08736,Ward 3 (Dharampeth),30.83,-1.22,0.153,0.195,-0.291,0.223,Built-up,0.79,55.62,131.99,314.6,625.2,2538.1,260.8,86.4,Cold Spot,Sporadic
NGP_CELL_160,2021,21.14425,79.08736,Ward 3 (Dharampeth),27.42,-2.97,0.323,-0.085,-0.222,0.097,Tree,0.92,31.05,104.13,314.6,625.2,2538.1,260.8,96.6,Not Significant,Sporadic
NGP_CELL_160,2022,21.14425,79.08736,Ward 3 (Dharampeth),30.61,-0.8,0.234,0.351,-0.418,0.184,Built-up,0.76,69.41,71.78,314.6,625.2,2538.1,260.8,87.8,Not Significant,Emerging
NGP_CELL_160,2023,21.14425,79.08736,Ward 3 (Dharampeth),25.04,-2.91,0.3,-0.04,-0.276,0.137,Grass,0.75,30.48,157.64,314.6,625.2,2538.1,260.8,88.6,Not Significant,Persistent
NGP_CELL_160,2024,21.14425,79.08736,Ward 3 (Dharampeth),29.19,-0.68,0.186,0.294,-0.328,0.173,Built-up,0.79,77.83,75.21,314.6,625.2,2538.1,260.8,95.9,Hot Spot,Emerging
NGP_CELL_161,2019,21.1165,79.0087,Ward 9 (Nehru Nagar),22.67,-4.67,0.441,-0.223,-0.526,0.129,Tree,0.65,18.01,108.72,283.3,4140.3,1897.7,446.5,90.2,Not Significant,Persistent
NGP_CELL_161,2020,21.1165,79.0087,Ward 9 (Nehru Nagar),24.18,-4.54,0.438,-0.107,-0.416,0.107,Grass,0.94,22.55,88.48,283.3,4140.3,1897.7,446.5,99.8,Not Significant,Sporadic
NGP_CELL_161,2021,21.1165,79.0087,Ward 9 (Nehru Nagar),24.76,-4.3,0.379,-0.188,-0.359,0.143,Tree,0.93,22.95,122.27,283.3,4140.3,1897.7,446.5,97.8,Not Significant,Sporadic
NGP_CELL_161,2022,21.1165,79.0087,Ward 9 (Nehru Nagar),29.98,-1.12,0.117,0.207,-0.382,0.187,Built-up,0.9,69.75,192.66,283.3,4140.3,1897.7,446.5,95.4,Hot Spot,Sporadic
NGP_CELL_161,2023,21.1165,79.0087,Ward 9 (Nehru Nagar),24.67,-3.1,0.329,-0.029,-0.235,0.152,Crop,0.67,27.39,200.08,283.3,4140.3,1897.7,446.5,87.8,Cold Spot,Persistent
NGP_CELL_161,2024,21.1165,79.0087,Ward 9 (Nehru Nagar),25.45,-2.56,0.255,0.039,-0.468,0.081,Grass,0.86,38.92,107.68,283.3,4140.3,1897.7,446.5,85.8,Cold Spot,Emerging
NGP_CELL_162,2019,21.186,79.14382,Ward 8 (Gandhibagh),23.13,-4.43,0.328,-0.251,-0.286,0.174,Crop,0.81,16.21,90.95,317.3,3156.7,2802.8,606.2,92.4,Cold Spot,Persistent
NGP_CELL_162,2020,21.186,79.14382,Ward 8 (Gandhibagh),27.98,-2.64,0.327,0.006,-0.54,0.141,Grass,0.67,35.13,106.53,317.3,3156.7,2802.8,606.2,88.6,Not Significant,Persistent
NGP_CELL_162,2021,21.186,79.14382,Ward 8 (Gandhibagh),26.86,-3.25,0.318,-0.027,-0.373,0.145,Crop,0.77,35.33,60.46,317.3,3156.7,2802.8,606.2,96.4,Not Significant,Persistent
NGP_CELL_162,2022,21.186,79.14382,Ward 8 (Gandhibagh),26.17,-3.02,0.378,0.013,-0.269,0.125,Tree,0.89,41.91,133.87,317.3,3156.7,2802.8,606.2,87.2,Not Significant,Sporadic
NGP_CELL_162,2023,21.186,79.14382,Ward 8 (Gandhibagh),28.08,-1.39,0.103,0.221,-0.466,0.248,Built-up,0.83,65.22,83.69,317.3,3156.7,2802.8,606.2,88.3,Not Significant,Persistent
NGP_CELL_162,2024,21.186,79.14382,Ward 8 (Gandhibagh),25.53,-2.51,0.237,0.008,-0.306,0.179,Grass,0.71,49.04,180.93,317.3,3156.7,2802.8,606.2,97.3,Not Significant,Persistent
NGP_CELL_163,2019,21.17525,79.1404,Ward 5 (Dhantoli),30.43,-0.79,0.256,0.309,-0.368,0.188,Built-up,0.82,61.63,72.67,296.6,941.0,311.7,243.3,97.6,Cold Spot,Persistent
NGP_CELL_163,2020,21.17525,79.1404,Ward 5 (Dhantoli),23.27,-5.0,0.388,-0.32,-0.422,0.113,Crop,0.84,15.17,39.39,296.6,941.0,311.7,243.3,85.8,Not Significant,Persistent
NGP_CELL_163,2021,21.17525,79.1404,Ward 5 (Dhantoli),28.73,-2.32,0.272,0.133,-0.502,0.232,Built-up,0.84,53.08,66.59,296.6,941.0,311.7,243.3,96.3,Hot Spot,Persistent
NGP_CELL_163,2022,21.17525,79.1404,Ward 5 (Dhantoli),26.0,-3.1,0.3,-0.006,-0.22,0.092,Crop,0.86,43.46,209.98,296.6,941.0,311.7,243.3,90.2,Not Significant,Diminishing
NGP_CELL_163,2023,21.17525,79.1404,Ward 5 (Dhantoli),21.46,-4.7,0.323,-0.285,-0.404,0.12,Crop,0.75,16.02,132.59,296.6,941.0,311.7,243.3,98.8,Not Significant,Persistent
NGP_CELL_163,2024,21.17525,79.1404,Ward 5 (Dhantoli),28.78,-0.89,0.236,0.318,-0.288,0.135,Built-up,0.94,70.68,145.22,296.6,941.0,311.7,243.3,91.1,Hot Spot,Emerging
NGP_CELL_164,2019,21.09612,79.08391,Ward 7 (Mangalwari),31.54,-0.23,0.138,0.229,-0.486,0.136,Built-up,0.92,67.47,90.59,292.2,252.7,2028.5,629.9,90.5,Not Significant,Emerging
NGP_CELL_164,2020,21.09612,79.08391,Ward 7 (Mangalwari),28.69,-2.29,0.268,-0.043,-0.35,0.179,Grass,0.86,35.06,98.69,292.2,252.7,2028.5,629.9,91.6,Cold Spot,Sporadic
NGP_CELL_164,2021,21.09612,79.08391,Ward 7 (Mangalwari),30.69,-1.34,0.168,0.175,-0.321,0.14,Built-up,0.77,61.97,204.98,292.2,252.7,2028.5,629.9,93.3,Cold Spot,Sporadic
NGP_CELL_164,2022,21.09612,79.08391,Ward 7 (Mangalwari),26.64,-2.79,0.336,0.074,-0.465,0.146,Crop,0.71,48.76,96.46,292.2,252.7,2028.5,629.9,98.9,Cold Spot,Sporadic
NGP_CELL_164,2023,21.09612,79.08391,Ward 7 (Mangalwari),30.95,0.04,0.118,0.399,-0.251,0.159,Built-up,0.85,80.05,219.58,292.2,252.7,2028.5,629.9,97.4,Not Significant,Persistent
NGP_CELL_164,2024,21.09612,79.08391,Ward 7 (Mangalwari),25.33,-2.62,0.29,0.027,-0.315,0.128,Crop,0.97,41.66,53.96,292.2,252.7,2028.5,629.9,88.4,Not Significant,Sporadic
NGP_CELL_165,2019,21.11149,79.10195,Ward 9 (Nehru Nagar),28.53,-1.74,0.203,0.27,-0.304,0.19,Built-up,0.84,61.53,192.12,309.5,1333.1,55.6,384.8,94.4,Not Significant,Persistent
NGP_CELL_165,2020,21.11149,79.10195,Ward 9 (Nehru Nagar),31.62,-0.82,0.096,0.283,-0.224,0.138,Built-up,0.89,62.09,58.04,309.5,1333.1,55.6,384.8,86.1,Not Significant,Persistent
NGP_CELL_165,2021,21.11149,79.10195,Ward 9 (Nehru Nagar),29.32,-2.02,0.171,0.205,-0.364,0.178,Built-up,0.81,65.72,201.79,309.5,1333.1,55.6,384.8,85.3,Not Significant,Persistent
NGP_CELL_165,2022,21.11149,79.10195,Ward 9 (Nehru Nagar),23.07,-4.57,0.382,-0.215,-0.278,0.125,Tree,0.82,15.85,83.24,309.5,1333.1,55.6,384.8,92.8,Not Significant,Persistent
NGP_CELL_165,2023,21.11149,79.10195,Ward 9 (Nehru Nagar),28.71,-1.08,0.226,0.158,-0.456,0.15,Built-up,0.71,61.31,121.44,309.5,1333.1,55.6,384.8,96.8,Cold Spot,Sporadic
NGP_CELL_165,2024,21.11149,79.10195,Ward 9 (Nehru Nagar),27.38,-1.59,0.278,0.16,-0.255,0.186,Built-up,0.9,56.62,202.29,309.5,1333.1,55.6,384.8,95.3,Not Significant,Sporadic
NGP_CELL_166,2019,21.09268,79.08632,Ward 5 (Dhantoli),26.81,-2.59,0.278,0.004,-0.357,0.082,Crop,0.78,34.88,95.58,307.6,3662.5,133.3,541.3,85.5,Not Significant,Persistent
NGP_CELL_166,2020,21.09268,79.08632,Ward 5 (Dhantoli),30.62,-1.32,0.175,0.156,-0.326,0.127,Crop,0.67,47.15,102.91,307.6,3662.5,133.3,541.3,86.4,Not Significant,Persistent
NGP_CELL_166,2021,21.09268,79.08632,Ward 5 (Dhantoli),23.35,-5.01,0.471,-0.291,-0.518,0.152,Crop,0.7,19.34,52.92,307.6,3662.5,133.3,541.3,92.6,Cold Spot,Persistent
NGP_CELL_166,2022,21.09268,79.08632,Ward 5 (Dhantoli),26.79,-2.71,0.277,-0.094,-0.306,0.131,Crop,0.69,33.35,170.01,307.6,3662.5,133.3,541.3,96.1,Not Significant,Sporadic
NGP_CELL_166,2023,21.09268,79.08632,Ward 5 (Dhantoli),25.07,-2.9,0.313,0.109,-0.549,0.185,Built-up,0.8,52.24,98.28,307.6,3662.5,133.3,541.3,86.1,Not Significant,Diminishing
NGP_CELL_166,2024,21.09268,79.08632,Ward 5 (Dhantoli),29.37,-0.6,0.221,0.277,-0.545,0.25,Built-up,0.72,70.84,181.51,307.6,3662.5,133.3,541.3,85.7,Not Significant,Persistent
NGP_CELL_167,2019,21.09509,79.0857,Ward 9 (Nehru Nagar),26.91,-2.55,0.37,-0.013,-0.357,0.096,Tree,0.83,29.95,166.08,297.4,3370.7,1268.8,698.2,95.1,Not Significant,Persistent
NGP_CELL_167,2020,21.09509,79.0857,Ward 9 (Nehru Nagar),32.6,-0.33,0.14,0.336,-0.456,0.139,Built-up,0.94,66.57,155.28,297.4,3370.7,1268.8,698.2,90.0,Not Significant,Emerging
NGP_CELL_167,2021,21.09509,79.0857,Ward 9 (Nehru Nagar),29.16,-2.1,0.258,0.076,-0.409,0.135,Crop,0.94,45.92,177.55,297.4,3370.7,1268.8,698.2,100.0,Not Significant,Persistent
NGP_CELL_167,2022,21.09509,79.0857,Ward 9 (Nehru Nagar),29.41,-1.4,0.094,0.232,-0.303,0.191,Built-up,0.72,64.35,69.19,297.4,3370.7,1268.8,698.2,88.8,Not Significant,Sporadic
NGP_CELL_167,2023,21.09509,79.0857,Ward 9 (Nehru Nagar),29.61,-0.63,0.256,0.316,-0.268,0.203,Built-up,0.67,67.43,212.68,297.4,3370.7,1268.8,698.2,90.6,Cold Spot,Sporadic
NGP_CELL_167,2024,21.09509,79.0857,Ward 9 (Nehru Nagar),24.17,-3.19,0.27,-0.125,-0.329,0.153,Bare,0.73,29.36,94.66,297.4,3370.7,1268.8,698.2,95.2,Not Significant,Persistent
NGP_CELL_168,2019,21.06291,79.00832,Ward 9 (Nehru Nagar),28.56,-1.72,0.258,0.159,-0.29,0.088,Crop,0.77,48.5,124.87,296.6,2678.0,65.5,128.6,96.2,Cold Spot,Emerging
NGP_CELL_168,2020,21.06291,79.00832,Ward 9 (Nehru Nagar),26.65,-3.3,0.448,-0.097,-0.588,0.142,Tree,0.73,26.49,25.94,296.6,2678.0,65.5,128.6,87.1,Not Significant,Sporadic
NGP_CELL_168,2021,21.06291,79.00832,Ward 9 (Nehru Nagar),23.28,-5.04,0.385,-0.192,-0.443,0.147,Crop,0.66,29.22,40.22,296.6,2678.0,65.5,128.6,86.8,Cold Spot,Persistent
NGP_CELL_168,2022,21.06291,79.00832,Ward 9 (Nehru Nagar),29.56,-1.33,0.159,0.218,-0.44,0.197,Built-up,0.72,62.67,139.34,296.6,2678.0,65.5,128.6,92.4,Not Significant,Emerging
NGP_CELL_168,2023,21.06291,79.00832,Ward 9 (Nehru Nagar),29.79,-0.54,0.215,0.218,-0.247,0.129,Built-up,0.71,54.49,113.24,296.6,2678.0,65.5,128.6,87.2,Not Significant,Diminishing
NGP_CELL_168,2024,21.06291,79.00832,Ward 9 (Nehru Nagar),27.3,-1.63,0.074,0.205,-0.361,0.194,Built-up,0.87,69.33,93.82,296.6,2678.0,65.5,128.6,85.5,Not Significant,Emerging
NGP_CELL_169,2019,21.07869,79.041,Ward 2 (Ashinagar),25.1,-3.45,0.32,-0.038,-0.227,0.159,Bare,0.87,39.89,193.95,318.0,1043.5,2136.8,594.4,85.5,Cold Spot,Persistent
NGP_CELL_169,2020,21.07869,79.041,Ward 2 (Ashinagar),24.78,-4.24,0.427,-0.244,-0.428,0.177,Bare,0.81,17.45,140.75,318.0,1043.5,2136.8,594.4,95.2,Cold Spot,Diminishing
NGP_CELL_169,2021,21.07869,79.041,Ward 2 (Ashinagar),26.75,-3.31,0.36,-0.104,-0.201,0.128,Crop,0.94,32.57,118.58,318.0,1043.5,2136.8,594.4,98.9,Cold Spot,Persistent
NGP_CELL_169,2022,21.07869,79.041,Ward 2 (Ashinagar),30.13,-1.04,0.175,0.197,-0.516,0.131,Built-up,0.74,64.13,129.72,318.0,1043.5,2136.8,594.4,87.3,Not Significant,Diminishing
NGP_CELL_169,2023,21.07869,79.041,Ward 2 (Ashinagar),22.85,-4.01,0.326,-0.196,-0.459,0.141,Grass,0.91,19.19,136.63,318.0,1043.5,2136.8,594.4,88.4,Cold Spot,Emerging
NGP_CELL_169,2024,21.07869,79.041,Ward 2 (Ashinagar),30.98,0.21,0.155,0.449,-0.487,0.225,Built-up,0.96,77.37,131.95,318.0,1043.5,2136.8,594.4,88.1,Not Significant,Persistent
NGP_CELL_170,2019,21.08964,79.12523,Ward 9 (Nehru Nagar),24.7,-3.65,0.322,-0.219,-0.559,0.126,Tree,0.85,18.86,169.39,319.7,4796.4,22.8,40.1,91.6,Hot Spot,Sporadic
NGP_CELL_170,2020,21.08964,79.12523,Ward 9 (Nehru Nagar),27.47,-2.9,0.323,0.11,-0.491,0.083,Tree,0.92,45.03,194.77,319.7,4796.4,22.8,40.1,92.8,Cold Spot,Diminishing
NGP_CELL_170,2021,21.08964,79.12523,Ward 9 (Nehru Nagar),32.48,-0.44,0.192,0.194,-0.267,0.195,Built-up,0.91,56.01,167.11,319.7,4796.4,22.8,40.1,89.5,Cold Spot,Emerging
NGP_CELL_170,2022,21.08964,79.12523,Ward 9 (Nehru Nagar),24.34,-3.93,0.386,-0.125,-0.437,0.145,Crop,0.9,27.75,37.05,319.7,4796.4,22.8,40.1,90.3,Not Significant,Sporadic
NGP_CELL_170,2023,21.08964,79.12523,Ward 9 (Nehru Nagar),32.52,0.83,0.081,0.437,-0.313,0.25,Built-up,0.89,75.93,121.72,319.7,4796.4,22.8,40.1,95.5,Not Significant,Persistent
NGP_CELL_170,2024,21.08964,79.12523,Ward 9 (Nehru Nagar),30.3,-0.13,0.024,0.352,-0.509,0.17,Built-up,0.78,75.64,88.1,319.7,4796.4,22.8,40.1,94.8,Hot Spot,Emerging
NGP_CELL_171,2019,21.18968,79.12755,Ward 2 (Ashinagar),25.0,-3.5,0.369,-0.099,-0.452,0.101,Crop,0.78,26.74,152.97,293.4,2717.3,579.9,430.8,90.1,Cold Spot,Persistent
NGP_CELL_171,2020,21.18968,79.12755,Ward 2 (Ashinagar),28.25,-2.51,0.347,0.085,-0.458,0.114,Crop,0.9,49.9,189.11,293.4,2717.3,579.9,430.8,90.1,Cold Spot,Persistent
NGP_CELL_171,2021,21.18968,79.12755,Ward 2 (Ashinagar),23.66,-4.85,0.378,-0.22,-0.332,0.094,Grass,0.86,26.44,29.99,293.4,2717.3,579.9,430.8,94.4,Not Significant,Emerging
NGP_CELL_171,2022,21.18968,79.12755,Ward 2 (Ashinagar),27.51,-2.35,0.216,0.02,-0.287,0.095,Grass,0.74,47.75,146.72,293.4,2717.3,579.9,430.8,92.1,Not Significant,Persistent
NGP_CELL_171,2023,21.18968,79.12755,Ward 2 (Ashinagar),30.7,-0.08,0.197,0.358,-0.317,0.24,Built-up,0.96,71.96,109.72,293.4,2717.3,579.9,430.8,98.5,Not Significant,Diminishing
NGP_CELL_171,2024,21.18968,79.12755,Ward 2 (Ashinagar),23.39,-3.59,0.377,-0.217,-0.507,0.12,Crop,0.7,22.56,159.41,293.4,2717.3,579.9,430.8,96.8,Not Significant,Persistent
NGP_CELL_172,2019,21.06754,79.07485,Ward 10 (Sanjay Gandhi Nagar),21.47,-5.27,0.493,-0.273,-0.461,0.084,Tree,0.83,20.66,84.12,306.1,1168.4,1312.9,684.5,90.2,Not Significant,Emerging
NGP_CELL_172,2020,21.06754,79.07485,Ward 10 (Sanjay Gandhi Nagar),27.57,-2.84,0.228,-0.028,-0.584,0.168,Tree,0.87,38.0,134.43,306.1,1168.4,1312.9,684.5,86.0,Not Significant,Persistent
NGP_CELL_172,2021,21.06754,79.07485,Ward 10 (Sanjay Gandhi Nagar),28.2,-2.58,0.298,0.01,-0.268,0.083,Crop,0.88,37.18,207.06,306.1,1168.4,1312.9,684.5,99.2,Hot Spot,Persistent
NGP_CELL_172,2022,21.06754,79.07485,Ward 10 (Sanjay Gandhi Nagar),31.0,-0.61,0.168,0.309,-0.509,0.24,Built-up,0.95,77.06,132.11,306.1,1168.4,1312.9,684.5,95.5,Not Significant,Persistent
NGP_CELL_172,2023,21.06754,79.07485,Ward 10 (Sanjay Gandhi Nagar),32.15,0.64,0.088,0.462,-0.284,0.193,Built-up,0.77,78.02,186.41,306.1,1168.4,1312.9,684.5,92.9,Cold Spot,Sporadic
NGP_CELL_172,2024,21.06754,79.07485,Ward 10 (Sanjay Gandhi Nagar),23.63,-3.46,0.374,-0.048,-0.597,0.098,Tree,0.78,41.41,165.7,306.1,1168.4,1312.9,684.5,90.0,Not Significant,Sporadic
NGP_CELL_173,2019,21.13105,79.10584,Ward 9 (Nehru Nagar),26.07,-2.97,0.341,-0.041,-0.454,0.145,Tree,0.67,28.21,96.69,310.1,3106.1,1382.1,156.6,96.8,Not Significant,Persistent
NGP_CELL_173,2020,21.13105,79.10584,Ward 9 (Nehru Nagar),25.54,-3.86,0.266,-0.099,-0.203,0.162,Crop,0.75,34.3,32.39,310.1,3106.1,1382.1,156.6,95.6,Cold Spot,Sporadic
NGP_CELL_173,2021,21.13105,79.10584,Ward 9 (Nehru Nagar),31.78,-0.79,0.125,0.294,-0.284,0.179,Built-up,0.97,60.78,97.83,310.1,3106.1,1382.1,156.6,87.3,Not Significant,Sporadic
NGP_CELL_173,2022,21.13105,79.10584,Ward 9 (Nehru Nagar),31.17,-0.52,0.091,0.325,-0.222,0.212,Built-up,0.81,75.09,162.26,310.1,3106.1,1382.1,156.6,96.3,Cold Spot,Persistent
NGP_CELL_173,2023,21.13105,79.10584,Ward 9 (Nehru Nagar),26.69,-2.09,0.307,0.116,-0.281,0.1,Bare,0.81,46.86,207.24,310.1,3106.1,1382.1,156.6,87.8,Not Significant,Emerging
NGP_CELL_173,2024,21.13105,79.10584,Ward 9 (Nehru Nagar),21.6,-4.48,0.296,-0.161,-0.336,0.176,Bare,0.67,25.03,223.93,310.1,3106.1,1382.1,156.6,86.5,Not Significant,Persistent
NGP_CELL_174,2019,21.12493,79.03784,Ward 9 (Nehru Nagar),24.71,-3.64,0.341,-0.085,-0.336,0.091,Tree,0.87,27.33,91.38,295.9,1039.9,1655.0,90.4,97.6,Not Significant,Persistent
NGP_CELL_174,2020,21.12493,79.03784,Ward 9 (Nehru Nagar),27.36,-2.95,0.271,-0.019,-0.328,0.135,Tree,0.72,34.38,133.76,295.9,1039.9,1655.0,90.4,93.5,Not Significant,Persistent
NGP_CELL_174,2021,21.12493,79.03784,Ward 9 (Nehru Nagar),27.17,-3.09,0.321,-0.03,-0.263,0.161,Bare,0.98,38.4,86.15,295.9,1039.9,1655.0,90.4,89.9,Not Significant,Sporadic
NGP_CELL_174,2022,21.12493,79.03784,Ward 9 (Nehru Nagar),31.96,-0.13,0.129,0.251,-0.59,0.194,Built-up,0.97,67.0,111.47,295.9,1039.9,1655.0,90.4,86.4,Not Significant,Diminishing
NGP_CELL_174,2023,21.12493,79.03784,Ward 9 (Nehru Nagar),26.84,-2.01,0.204,0.132,-0.522,0.094,Tree,0.96,46.78,196.44,295.9,1039.9,1655.0,90.4,95.9,Cold Spot,Persistent
NGP_CELL_174,2024,21.12493,79.03784,Ward 9 (Nehru Nagar),30.84,0.14,0.114,0.352,-0.322,0.226,Built-up,0.69,77.66,106.78,295.9,1039.9,1655.0,90.4,93.2,Hot Spot,Emerging
NGP_CELL_175,2019,21.05831,79.09245,Ward 9 (Nehru Nagar),25.17,-3.42,0.458,-0.065,-0.295,0.159,Grass,0.65,28.31,184.67,287.9,4098.5,2733.7,650.8,87.7,Not Significant,Emerging
NGP_CELL_175,2020,21.05831,79.09245,Ward 9 (Nehru Nagar),23.76,-4.75,0.417,-0.272,-0.552,0.121,Bare,0.86,16.85,120.78,287.9,4098.5,2733.7,650.8,85.4,Cold Spot,Persistent
NGP_CELL_175,2021,21.05831,79.09245,Ward 9 (Nehru Nagar),29.0,-2.18,0.393,0.045,-0.6,0.168,Tree,0.96,37.38,136.63,287.9,4098.5,2733.7,650.8,91.0,Cold Spot,Diminishing
NGP_CELL_175,2022,21.05831,79.09245,Ward 9 (Nehru Nagar),24.34,-3.94,0.429,-0.092,-0.286,0.172,Bare,0.78,25.57,43.8,287.9,4098.5,2733.7,650.8,90.6,Not Significant,Persistent
NGP_CELL_175,2023,21.05831,79.09245,Ward 9 (Nehru Nagar),25.52,-2.67,0.224,0.018,-0.411,0.158,Crop,0.89,38.44,99.41,287.9,4098.5,2733.7,650.8,86.4,Cold Spot,Persistent
NGP_CELL_175,2024,21.05831,79.09245,Ward 9 (Nehru Nagar),29.05,-0.76,0.121,0.246,-0.553,0.122,Built-up,0.93,69.25,126.43,287.9,4098.5,2733.7,650.8,86.6,Not Significant,Emerging
NGP_CELL_176,2019,21.0596,79.02043,Ward 7 (Mangalwari),21.03,-5.49,0.505,-0.303,-0.375,0.174,Grass,0.76,15.01,28.61,297.9,3288.0,2235.3,364.2,94.4,Not Significant,Persistent
NGP_CELL_176,2020,21.0596,79.02043,Ward 7 (Mangalwari),30.5,-1.38,0.148,0.162,-0.486,0.242,Built-up,0.73,55.27,166.08,297.9,3288.0,2235.3,364.2,95.4,Cold Spot,Emerging
NGP_CELL_176,2021,21.0596,79.02043,Ward 7 (Mangalwari),31.1,-1.13,0.094,0.22,-0.32,0.124,Built-up,0.85,68.4,75.84,297.9,3288.0,2235.3,364.2,93.7,Not Significant,Persistent
NGP_CELL_176,2022,21.0596,79.02043,Ward 7 (Mangalwari),28.89,-1.66,0.113,0.165,-0.518,0.167,Built-up,0.78,60.95,169.58,297.9,3288.0,2235.3,364.2,94.8,Not Significant,Persistent
NGP_CELL_176,2023,21.0596,79.02043,Ward 7 (Mangalwari),31.17,0.15,0.203,0.398,-0.401,0.152,Built-up,0.71,72.58,151.9,297.9,3288.0,2235.3,364.2,94.5,Not Significant,Persistent
NGP_CELL_176,2024,21.0596,79.02043,Ward 7 (Mangalwari),27.74,-1.41,0.226,0.171,-0.583,0.124,Built-up,0.85,61.15,82.97,297.9,3288.0,2235.3,364.2,89.2,Not Significant,Emerging
NGP_CELL_177,2019,21.1241,79.06148,Ward 9 (Nehru Nagar),25.02,-3.49,0.361,-0.012,-0.569,0.16,Grass,0.84,37.51,109.03,316.2,1160.9,877.7,681.0,85.5,Not Significant,Emerging
NGP_CELL_177,2020,21.1241,79.06148,Ward 9 (Nehru Nagar),26.55,-3.35,0.387,0.013,-0.474,0.098,Tree,0.72,41.28,52.28,316.2,1160.9,877.7,681.0,96.3,Cold Spot,Emerging
NGP_CELL_177,2021,21.1241,79.06148,Ward 9 (Nehru Nagar),26.67,-3.35,0.302,-0.084,-0.441,0.148,Crop,0.93,36.03,192.54,316.2,1160.9,877.7,681.0,88.5,Cold Spot,Persistent
NGP_CELL_177,2022,21.1241,79.06148,Ward 9 (Nehru Nagar),25.31,-3.45,0.284,-0.09,-0.284,0.09,Tree,0.73,25.93,196.71,316.2,1160.9,877.7,681.0,97.5,Not Significant,Persistent
NGP_CELL_177,2023,21.1241,79.06148,Ward 9 (Nehru Nagar),27.6,-1.63,0.26,0.169,-0.594,0.234,Built-up,0.96,58.41,189.52,316.2,1160.9,877.7,681.0,89.9,Cold Spot,Persistent
NGP_CELL_177,2024,21.1241,79.06148,Ward 9 (Nehru Nagar),25.28,-2.64,0.326,0.03,-0.249,0.124,Tree,0.77,47.94,46.79,316.2,1160.9,877.7,681.0,89.1,Not Significant,Persistent
NGP_CELL_178,2019,21.08891,79.08194,Ward 2 (Ashinagar),21.9,-5.05,0.456,-0.28,-0.208,0.172,Grass,0.68,20.39,70.62,281.0,4679.3,2763.5,42.2,87.9,Cold Spot,Persistent
NGP_CELL_178,2020,21.08891,79.08194,Ward 2 (Ashinagar),31.51,-0.88,0.194,0.156,-0.586,0.172,Built-up,0.73,57.89,81.54,281.0,4679.3,2763.5,42.2,98.8,Cold Spot,Persistent
NGP_CELL_178,2021,21.08891,79.08194,Ward 2 (Ashinagar),25.47,-3.95,0.353,-0.19,-0.478,0.102,Tree,0.97,19.65,181.1,281.0,4679.3,2763.5,42.2,92.8,Cold Spot,Emerging
NGP_CELL_178,2022,21.08891,79.08194,Ward 2 (Ashinagar),33.64,0.71,0.068,0.359,-0.214,0.245,Built-up,0.84,70.89,56.56,281.0,4679.3,2763.5,42.2,88.4,Not Significant,Emerging
NGP_CELL_178,2023,21.08891,79.08194,Ward 2 (Ashinagar),23.16,-3.85,0.332,-0.073,-0.483,0.126,Crop,0.93,29.21,61.69,281.0,4679.3,2763.5,42.2,97.5,Not Significant,Persistent
NGP_CELL_178,2024,21.08891,79.08194,Ward 2 (Ashinagar),28.95,-0.81,0.14,0.29,-0.339,0.141,Built-up,0.65,65.79,119.8,281.0,4679.3,2763.5,42.2,88.8,Cold Spot,Sporadic
NGP_CELL_179,2019,21.06013,79.06431,Ward 4 (Hanuman Nagar),28.64,-1.68,0.303,0.079,-0.231,0.095,Tree,0.93,45.07,39.73,310.0,2744.7,1148.7,648.3,96.4,Not Significant,Emerging
NGP_CELL_179,2020,21.06013,79.06431,Ward 4 (Hanuman Nagar),29.61,-1.82,0.218,0.095,-0.455,0.137,Built-up,0.98,58.97,161.25,310.0,2744.7,1148.7,648.3,86.8,Cold Spot,Persistent
NGP_CELL_179,2021,21.06013,79.06431,Ward 4 (Hanuman Nagar),29.71,-1.83,0.278,0.152,-0.214,0.234,Built-up,0.67,53.75,61.71,310.0,2744.7,1148.7,648.3,89.0,Cold Spot,Diminishing
NGP_CELL_179,2022,21.06013,79.06431,Ward 4 (Hanuman Nagar),24.75,-3.73,0.322,-0.164,-0.252,0.145,Grass,0.9,22.2,75.0,310.0,2744.7,1148.7,648.3,99.2,Cold Spot,Emerging
NGP_CELL_179,2023,21.06013,79.06431,Ward 4 (Hanuman Nagar),28.15,-1.36,0.221,0.196,-0.259,0.204,Built-up,0.81,60.12,209.86,310.0,2744.7,1148.7,648.3,85.3,Not Significant,Persistent
NGP_CELL_179,2024,21.06013,79.06431,Ward 4 (Hanuman Nagar),26.14,-2.21,0.278,0.121,-0.201,0.227,Built-up,0.78,55.3,43.12,310.0,2744.7,1148.7,648.3,98.3,Not Significant,Persistent
NGP_CELL_180,2019,21.09456,79.03511,Ward 9 (Nehru Nagar),26.04,-2.98,0.206,0.098,-0.577,0.101,Crop,0.9,41.69,88.5,307.2,1188.5,1134.1,406.4,94.6,Not Significant,Persistent
NGP_CELL_180,2020,21.09456,79.03511,Ward 9 (Nehru Nagar),27.62,-2.82,0.249,0.026,-0.458,0.169,Crop,0.68,38.69,188.73,307.2,1188.5,1134.1,406.4,99.6,Not Significant,Emerging
NGP_CELL_180,2021,21.09456,79.03511,Ward 9 (Nehru Nagar),25.65,-3.86,0.394,-0.058,-0.359,0.141,Tree,0.73,33.36,106.76,307.2,1188.5,1134.1,406.4,97.5,Not Significant,Sporadic
NGP_CELL_180,2022,21.09456,79.03511,Ward 9 (Nehru Nagar),25.95,-3.13,0.174,0.009,-0.37,0.125,Grass,0.96,45.22,46.83,307.2,1188.5,1134.1,406.4,93.5,Cold Spot,Sporadic
NGP_CELL_180,2023,21.09456,79.03511,Ward 9 (Nehru Nagar),30.62,-0.12,0.168,0.422,-0.332,0.204,Built-up,0.88,73.97,81.86,307.2,1188.5,1134.1,406.4,99.0,Not Significant,Sporadic
NGP_CELL_180,2024,21.09456,79.03511,Ward 9 (Nehru Nagar),28.64,-0.96,0.155,0.233,-0.509,0.247,Built-up,0.9,57.89,59.07,307.2,1188.5,1134.1,406.4,99.9,Hot Spot,Sporadic
NGP_CELL_181,2019,21.09342,79.10339,Ward 9 (Nehru Nagar),22.06,-4.97,0.377,-0.211,-0.37,0.098,Crop,0.96,16.59,128.49,303.7,2731.1,738.0,713.1,99.3,Cold Spot,Persistent
NGP_CELL_181,2020,21.09342,79.10339,Ward 9 (Nehru Nagar),31.24,-1.01,0.086,0.255,-0.534,0.212,Built-up,0.76,69.65,199.26,303.7,2731.1,738.0,713.1,94.6,Not Significant,Sporadic
NGP_CELL_181,2021,21.09342,79.10339,Ward 9 (Nehru Nagar),29.08,-2.14,0.206,0.172,-0.259,0.161,Built-up,0.97,63.79,153.03,303.7,2731.1,738.0,713.1,91.0,Not Significant,Persistent
NGP_CELL_181,2022,21.09342,79.10339,Ward 9 (Nehru Nagar),30.16,-1.03,0.264,0.174,-0.325,0.206,Built-up,0.9,54.71,90.18,303.7,2731.1,738.0,713.1,94.0,Not Significant,Persistent
NGP_CELL_181,2023,21.09342,79.10339,Ward 9 (Nehru Nagar),27.32,-1.77,0.17,0.041,-0.303,0.088,Crop,0.84,48.64,205.46,303.7,2731.1,738.0,713.1,93.3,Not Significant,Sporadic
NGP_CELL_181,2024,21.09342,79.10339,Ward 9 (Nehru Nagar),30.41,-0.08,0.062,0.343,-0.317,0.138,Built-up,0.92,68.36,154.54,303.7,2731.1,738.0,713.1,97.3,Not Significant,Diminishing
NGP_CELL_182,2019,21.08466,79.13552,Ward 4 (Hanuman Nagar),25.29,-3.35,0.367,-0.121,-0.453,0.122,Bare,0.85,34.93,89.45,289.4,4542.8,1510.4,525.6,85.5,Cold Spot,Persistent
NGP_CELL_182,2020,21.08466,79.13552,Ward 4 (Hanuman Nagar),29.8,-1.73,0.206,0.116,-0.291,0.171,Crop,0.94,42.43,154.68,289.4,4542.8,1510.4,525.6,88.5,Cold Spot,Persistent
NGP_CELL_182,2021,21.08466,79.13552,Ward 4 (Hanuman Nagar),32.02,-0.67,0.114,0.23,-0.212,0.165,Built-up,0.9,60.04,65.29,289.4,4542.8,1510.4,525.6,90.8,Hot Spot,Diminishing
NGP_CELL_182,2022,21.08466,79.13552,Ward 4 (Hanuman Nagar),28.32,-1.95,0.273,0.261,-0.55,0.13,Built-up,0.77,64.83,97.5,289.4,4542.8,1510.4,525.6,96.3,Hot Spot,Sporadic
NGP_CELL_182,2023,21.08466,79.13552,Ward 4 (Hanuman Nagar),27.73,-1.56,0.148,0.139,-0.496,0.231,Built-up,0.77,56.71,52.44,289.4,4542.8,1510.4,525.6,90.9,Not Significant,Persistent
NGP_CELL_182,2024,21.08466,79.13552,Ward 4 (Hanuman Nagar),24.17,-3.19,0.373,-0.042,-0.538,0.128,Crop,0.79,41.77,158.55,289.4,4542.8,1510.4,525.6,92.9,Not Significant,Persistent
NGP_CELL_183,2019,21.13998,79.07897,Ward 8 (Gandhibagh),26.1,-2.95,0.364,-0.096,-0.416,0.177,Bare,0.71,30.71,65.25,314.9,1035.6,127.1,538.5,91.5,Not Significant,Sporadic
NGP_CELL_183,2020,21.13998,79.07897,Ward 8 (Gandhibagh),31.94,-0.66,0.208,0.285,-0.317,0.221,Built-up,0.95,65.47,60.84,314.9,1035.6,127.1,538.5,93.5,Not Significant,Sporadic
NGP_CELL_183,2021,21.13998,79.07897,Ward 8 (Gandhibagh),30.54,-1.41,0.286,0.173,-0.391,0.209,Built-up,0.74,53.05,94.14,314.9,1035.6,127.1,538.5,91.7,Not Significant,Persistent
NGP_CELL_183,2022,21.13998,79.07897,Ward 8 (Gandhibagh),29.54,-1.34,0.145,0.273,-0.327,0.171,Built-up,0.87,63.18,78.2,314.9,1035.6,127.1,538.5,90.9,Not Significant,Persistent
NGP_CELL_183,2023,21.13998,79.07897,Ward 8 (Gandhibagh),28.89,-0.99,0.135,0.148,-0.261,0.141,Built-up,0.93,56.67,216.64,314.9,1035.6,127.1,538.5,88.7,Not Significant,Persistent
NGP_CELL_183,2024,21.13998,79.07897,Ward 8 (Gandhibagh),28.91,-0.82,0.165,0.212,-0.308,0.151,Built-up,0.67,67.81,162.26,314.9,1035.6,127.1,538.5,90.1,Not Significant,Persistent
NGP_CELL_184,2019,21.1067,79.12234,Ward 4 (Hanuman Nagar),31.07,-0.47,0.196,0.303,-0.54,0.186,Built-up,0.65,65.59,150.41,313.7,2895.5,2675.5,388.7,89.7,Not Significant,Sporadic
NGP_CELL_184,2020,21.1067,79.12234,Ward 4 (Hanuman Nagar),30.31,-1.48,0.246,0.181,-0.416,0.128,Built-up,0.77,52.05,57.16,313.7,2895.5,2675.5,388.7,98.6,Not Significant,Sporadic
NGP_CELL_184,2021,21.1067,79.12234,Ward 4 (Hanuman Nagar),28.84,-2.26,0.274,0.092,-0.496,0.138,Tree,0.81,46.76,130.43,313.7,2895.5,2675.5,388.7,86.8,Cold Spot,Persistent
NGP_CELL_184,2022,21.1067,79.12234,Ward 4 (Hanuman Nagar),25.81,-3.2,0.25,0.008,-0.561,0.143,Crop,0.96,33.14,208.56,313.7,2895.5,2675.5,388.7,97.1,Not Significant,Emerging
NGP_CELL_184,2023,21.1067,79.12234,Ward 4 (Hanuman Nagar),23.72,-3.57,0.418,-0.167,-0.206,0.117,Crop,0.79,26.73,122.44,313.7,2895.5,2675.5,388.7,92.9,Cold Spot,Emerging
NGP_CELL_184,2024,21.1067,79.12234,Ward 4 (Hanuman Nagar),21.49,-4.53,0.4,-0.262,-0.396,0.099,Bare,0.67,23.8,182.46,313.7,2895.5,2675.5,388.7,98.0,Cold Spot,Persistent
NGP_CELL_185,2019,21.11767,79.02331,Ward 2 (Ashinagar),26.37,-2.82,0.306,-0.035,-0.581,0.13,Tree,0.97,29.48,181.26,301.0,3043.9,2989.6,240.5,95.0,Not Significant,Persistent
NGP_CELL_185,2020,21.11767,79.02331,Ward 2 (Ashinagar),33.11,-0.08,0.212,0.285,-0.339,0.177,Built-up,0.77,62.41,71.02,301.0,3043.9,2989.6,240.5,94.8,Hot Spot,Persistent
NGP_CELL_185,2021,21.11767,79.02331,Ward 2 (Ashinagar),31.2,-1.08,0.196,0.227,-0.514,0.192,Built-up,0.89,53.47,168.18,301.0,3043.9,2989.6,240.5,90.2,Not Significant,Persistent
NGP_CELL_185,2022,21.11767,79.02331,Ward 2 (Ashinagar),23.46,-4.37,0.305,-0.174,-0.274,0.122,Crop,0.67,21.01,89.73,301.0,3043.9,2989.6,240.5,98.5,Not Significant,Emerging
NGP_CELL_185,2023,21.11767,79.02331,Ward 2 (Ashinagar),28.27,-1.3,0.217,0.121,-0.562,0.171,Built-up,0.7,52.31,136.52,301.0,3043.9,2989.6,240.5,86.1,Cold Spot,Sporadic
NGP_CELL_185,2024,21.11767,79.02331,Ward 2 (Ashinagar),29.31,-0.63,0.113,0.272,-0.457,0.138,Built-up,0.81,58.25,196.96,301.0,3043.9,2989.6,240.5,89.9,Hot Spot,Persistent
NGP_CELL_186,2019,21.10933,79.14115,Ward 2 (Ashinagar),28.54,-1.73,0.29,0.034,-0.442,0.159,Bare,0.9,41.04,157.62,304.7,859.8,2060.8,363.0,94.3,Not Significant,Diminishing
NGP_CELL_186,2020,21.10933,79.14115,Ward 2 (Ashinagar),28.55,-2.36,0.213,0.052,-0.206,0.152,Bare,0.71,44.2,117.25,304.7,859.8,2060.8,363.0,86.3,Cold Spot,Emerging
NGP_CELL_186,2021,21.10933,79.14115,Ward 2 (Ashinagar),30.42,-1.47,0.241,0.214,-0.464,0.145,Built-up,0.84,66.72,98.33,304.7,859.8,2060.8,363.0,89.4,Cold Spot,Persistent
NGP_CELL_186,2022,21.10933,79.14115,Ward 2 (Ashinagar),27.36,-2.43,0.271,-0.004,-0.308,0.16,Crop,0.84,45.73,148.56,304.7,859.8,2060.8,363.0,94.7,Cold Spot,Sporadic
NGP_CELL_186,2023,21.10933,79.14115,Ward 2 (Ashinagar),25.97,-2.45,0.331,0.07,-0.232,0.098,Grass,0.77,44.51,118.09,304.7,859.8,2060.8,363.0,97.0,Not Significant,Persistent
NGP_CELL_186,2024,21.10933,79.14115,Ward 2 (Ashinagar),30.93,0.19,0.212,0.359,-0.52,0.223,Built-up,0.73,70.31,101.47,304.7,859.8,2060.8,363.0,91.4,Not Significant,Persistent
NGP_CELL_187,2019,21.06395,79.01131,Ward 9 (Nehru Nagar),23.12,-4.44,0.368,-0.205,-0.24,0.132,Crop,0.88,20.98,130.16,301.0,4213.9,337.9,636.1,98.8,Cold Spot,Emerging
NGP_CELL_187,2020,21.06395,79.01131,Ward 9 (Nehru Nagar),31.57,-0.85,0.188,0.27,-0.242,0.204,Built-up,0.9,59.86,118.37,301.0,4213.9,337.9,636.1,95.9,Not Significant,Persistent
NGP_CELL_187,2021,21.06395,79.01131,Ward 9 (Nehru Nagar),27.72,-2.82,0.231,0.078,-0.401,0.184,Built-up,0.78,56.34,102.78,301.0,4213.9,337.9,636.1,94.2,Not Significant,Sporadic
NGP_CELL_187,2022,21.06395,79.01131,Ward 9 (Nehru Nagar),27.69,-2.26,0.329,0.018,-0.582,0.17,Crop,0.7,48.4,213.17,301.0,4213.9,337.9,636.1,93.1,Not Significant,Sporadic
NGP_CELL_187,2023,21.06395,79.01131,Ward 9 (Nehru Nagar),29.02,-0.92,0.095,0.235,-0.327,0.209,Built-up,0.96,72.08,212.64,301.0,4213.9,337.9,636.1,93.8,Hot Spot,Persistent
NGP_CELL_187,2024,21.06395,79.01131,Ward 9 (Nehru Nagar),23.37,-3.59,0.443,-0.132,-0.568,0.139,Crop,0.72,26.56,183.33,301.0,4213.9,337.9,636.1,85.5,Cold Spot,Emerging
NGP_CELL_188,2019,21.13871,79.00435,Ward 6 (Satranjipura),22.17,-4.91,0.412,-0.242,-0.277,0.146,Grass,0.9,12.23,183.13,308.9,664.6,1779.5,538.5,98.5,Hot Spot,Emerging
NGP_CELL_188,2020,21.13871,79.00435,Ward 6 (Satranjipura),30.78,-1.24,0.083,0.261,-0.422,0.161,Built-up,0.66,70.41,205.03,308.9,664.6,1779.5,538.5,89.0,Not Significant,Persistent
NGP_CELL_188,2021,21.13871,79.00435,Ward 6 (Satranjipura),33.02,-0.17,0.192,0.229,-0.594,0.231,Built-up,0.87,54.88,80.04,308.9,664.6,1779.5,538.5,86.4,Not Significant,Persistent
NGP_CELL_188,2022,21.13871,79.00435,Ward 6 (Satranjipura),27.05,-2.58,0.351,0.022,-0.376,0.105,Crop,0.83,32.79,185.63,308.9,664.6,1779.5,538.5,88.5,Not Significant,Emerging
NGP_CELL_188,2023,21.13871,79.00435,Ward 6 (Satranjipura),22.77,-4.05,0.291,-0.083,-0.486,0.096,Tree,0.77,24.42,170.63,308.9,664.6,1779.5,538.5,95.2,Not Significant,Persistent
NGP_CELL_188,2024,21.13871,79.00435,Ward 6 (Satranjipura),21.95,-4.31,0.399,-0.17,-0.405,0.125,Bare,0.96,32.2,65.41,308.9,664.6,1779.5,538.5,90.0,Not Significant,Sporadic
NGP_CELL_189,2019,21.14924,79.02443,Ward 7 (Mangalwari),30.1,-0.95,0.199,0.336,-0.409,0.169,Built-up,0.7,68.74,50.33,298.7,4488.5,1526.0,551.2,91.7,Not Significant,Persistent
NGP_CELL_189,2020,21.14924,79.02443,Ward 7 (Mangalwari),32.7,-0.28,0.123,0.371,-0.36,0.245,Built-up,0.9,70.7,193.44,298.7,4488.5,1526.0,551.2,94.4,Not Significant,Sporadic
NGP_CELL_189,2021,21.14924,79.02443,Ward 7 (Mangalwari),28.52,-2.42,0.186,0.096,-0.401,0.211,Built-up,0.81,58.02,83.36,298.7,4488.5,1526.0,551.2,88.4,Cold Spot,Diminishing
NGP_CELL_189,2022,21.14924,79.02443,Ward 7 (Mangalwari),27.37,-2.42,0.339,-0.074,-0.584,0.163,Tree,0.69,32.05,149.62,298.7,4488.5,1526.0,551.2,92.4,Cold Spot,Persistent
NGP_CELL_189,2023,21.14924,79.02443,Ward 7 (Mangalwari),28.24,-1.31,0.098,0.247,-0.531,0.147,Built-up,0.86,68.05,61.99,298.7,4488.5,1526.0,551.2,98.2,Hot Spot,Persistent
NGP_CELL_189,2024,21.14924,79.02443,Ward 7 (Mangalwari),24.71,-2.92,0.323,-0.063,-0.364,0.115,Crop,0.72,32.99,175.95,298.7,4488.5,1526.0,551.2,85.1,Cold Spot,Emerging
NGP_CELL_190,2019,21.12849,79.12315,Ward 10 (Sanjay Gandhi Nagar),23.55,-4.22,0.368,-0.273,-0.481,0.127,Tree,0.88,16.95,194.39,308.6,4641.9,2391.9,488.2,97.0,Not Significant,Persistent
NGP_CELL_190,2020,21.12849,79.12315,Ward 10 (Sanjay Gandhi Nagar),26.64,-3.31,0.362,-0.039,-0.209,0.139,Crop,0.92,43.31,88.09,308.6,4641.9,2391.9,488.2,92.6,Not Significant,Persistent
NGP_CELL_190,2021,21.12849,79.12315,Ward 10 (Sanjay Gandhi Nagar),28.6,-2.38,0.217,0.084,-0.371,0.132,Built-up,0.95,55.63,134.05,308.6,4641.9,2391.9,488.2,92.0,Not Significant,Diminishing
NGP_CELL_190,2022,21.12849,79.12315,Ward 10 (Sanjay Gandhi Nagar),23.96,-4.13,0.389,-0.194,-0.217,0.155,Tree,0.92,19.66,163.36,308.6,4641.9,2391.9,488.2,97.8,Cold Spot,Emerging
NGP_CELL_190,2023,21.12849,79.12315,Ward 10 (Sanjay Gandhi Nagar),27.34,-1.76,0.251,0.196,-0.234,0.18,Built-up,0.7,54.78,136.32,308.6,4641.9,2391.9,488.2,98.6,Not Significant,Diminishing
NGP_CELL_190,2024,21.12849,79.12315,Ward 10 (Sanjay Gandhi Nagar),30.42,-0.07,0.131,0.358,-0.48,0.232,Built-up,0.68,66.51,154.07,308.6,4641.9,2391.9,488.2,99.0,Not Significant,Persistent
NGP_CELL_191,2019,21.1001,79.00537,Ward 1 (Lakadganj),26.23,-2.88,0.364,0.068,-0.456,0.136,Tree,0.77,46.91,26.99,281.5,693.1,861.1,204.2,87.4,Cold Spot,Persistent
NGP_CELL_191,2020,21.1001,79.00537,Ward 1 (Lakadganj),25.38,-3.94,0.357,-0.231,-0.468,0.136,Tree,0.91,20.45,68.07,281.5,693.1,861.1,204.2,97.8,Cold Spot,Persistent
NGP_CELL_191,2021,21.1001,79.00537,Ward 1 (Lakadganj),28.17,-2.6,0.411,0.023,-0.237,0.091,Tree,0.75,35.71,201.42,281.5,693.1,861.1,204.2,87.2,Cold Spot,Persistent
NGP_CELL_191,2022,21.1001,79.00537,Ward 1 (Lakadganj),22.92,-4.65,0.381,-0.275,-0.509,0.09,Crop,0.77,15.13,207.78,281.5,693.1,861.1,204.2,95.9,Cold Spot,Persistent
NGP_CELL_191,2023,21.1001,79.00537,Ward 1 (Lakadganj),25.51,-2.68,0.286,-0.028,-0.29,0.135,Tree,0.71,40.09,216.75,281.5,693.1,861.1,204.2,90.9,Not Significant,Emerging
NGP_CELL_191,2024,21.1001,79.00537,Ward 1 (Lakadganj),29.91,-0.32,0.196,0.366,-0.511,0.12,Built-up,0.81,72.96,166.94,281.5,693.1,861.1,204.2,99.0,Not Significant,Persistent
NGP_CELL_192,2019,21.09022,79.04957,Ward 8 (Gandhibagh),21.98,-5.01,0.473,-0.297,-0.381,0.143,Grass,0.94,17.06,71.13,282.8,272.8,882.3,238.0,94.3,Not Significant,Persistent
NGP_CELL_192,2020,21.09022,79.04957,Ward 8 (Gandhibagh),25.54,-3.86,0.502,-0.131,-0.422,0.104,Bare,0.73,19.47,46.68,282.8,272.8,882.3,238.0,88.9,Cold Spot,Persistent
NGP_CELL_192,2021,21.09022,79.04957,Ward 8 (Gandhibagh),32.7,-0.33,0.162,0.316,-0.441,0.225,Built-up,0.96,63.5,126.06,282.8,272.8,882.3,238.0,86.4,Hot Spot,Persistent
NGP_CELL_192,2022,21.09022,79.04957,Ward 8 (Gandhibagh),24.86,-3.67,0.426,-0.154,-0.304,0.105,Tree,0.7,26.61,135.73,282.8,272.8,882.3,238.0,95.5,Not Significant,Sporadic
NGP_CELL_192,2023,21.09022,79.04957,Ward 8 (Gandhibagh),24.43,-3.22,0.393,-0.123,-0.347,0.118,Crop,0.89,33.39,53.44,282.8,272.8,882.3,238.0,92.5,Not Significant,Emerging
NGP_CELL_192,2024,21.09022,79.04957,Ward 8 (Gandhibagh),29.67,-0.45,0.197,0.345,-0.263,0.196,Built-up,0.98,72.79,51.93,282.8,272.8,882.3,238.0,90.6,Hot Spot,Persistent
NGP_CELL_193,2019,21.07731,79.14413,Ward 9 (Nehru Nagar),29.76,-1.12,0.168,0.186,-0.421,0.225,Built-up,0.73,57.61,110.34,288.9,1904.5,1084.4,314.6,93.4,Not Significant,Sporadic
NGP_CELL_193,2020,21.07731,79.14413,Ward 9 (Nehru Nagar),29.26,-2.0,0.278,0.137,-0.268,0.128,Built-up,0.83,61.86,160.17,288.9,1904.5,1084.4,314.6,87.5,Not Significant,Persistent
NGP_CELL_193,2021,21.07731,79.14413,Ward 9 (Nehru Nagar),25.66,-3.85,0.293,-0.076,-0.357,0.17,Crop,0.82,32.45,140.51,288.9,1904.5,1084.4,314.6,85.1,Not Significant,Persistent
NGP_CELL_193,2022,21.07731,79.14413,Ward 9 (Nehru Nagar),27.42,-2.39,0.294,0.151,-0.356,0.142,Built-up,0.91,50.49,129.84,288.9,1904.5,1084.4,314.6,98.6,Cold Spot,Sporadic
NGP_CELL_193,2023,21.07731,79.14413,Ward 9 (Nehru Nagar),23.27,-3.8,0.354,-0.273,-0.422,0.146,Bare,0.88,17.6,64.31,288.9,1904.5,1084.4,314.6,94.5,Cold Spot,Diminishing
NGP_CELL_193,2024,21.07731,79.14413,Ward 9 (Nehru Nagar),27.82,-1.37,0.204,0.226,-0.278,0.203,Built-up,0.78,68.08,65.96,288.9,1904.5,1084.4,314.6,93.5,Cold Spot,Sporadic
NGP_CELL_194,2019,21.07868,79.11924,Ward 2 (Ashinagar),26.78,-2.61,-0.197,-0.155,0.437,0.114,Water,0.86,32.12,40.64,286.5,160.4,2199.3,200.4,85.8,Not Significant,Persistent
NGP_CELL_194,2020,21.07868,79.11924,Ward 2 (Ashinagar),29.74,-1.76,0.248,0.187,-0.585,0.184,Built-up,0.89,57.06,166.78,286.5,160.4,2199.3,200.4,87.2,Not Significant,Persistent
NGP_CELL_194,2021,21.07868,79.11924,Ward 2 (Ashinagar),30.33,-1.52,-0.165,0.026,0.616,0.13,Water,0.97,38.89,70.73,286.5,160.4,2199.3,200.4,94.2,Not Significant,Persistent
NGP_CELL_194,2022,21.07868,79.11924,Ward 2 (Ashinagar),28.79,-1.71,-0.004,-0.017,0.658,0.094,Water,0.8,41.27,58.38,286.5,160.4,2199.3,200.4,86.0,Not Significant,Diminishing
NGP_CELL_194,2023,21.07868,79.11924,Ward 2 (Ashinagar),27.72,-1.57,-0.073,0.0,0.512,0.166,Water,0.67,39.1,69.41,286.5,160.4,2199.3,200.4,96.2,Not Significant,Persistent
NGP_CELL_194,2024,21.07868,79.11924,Ward 2 (Ashinagar),30.42,-0.07,0.105,0.315,-0.42,0.175,Built-up,0.76,67.81,130.76,286.5,160.4,2199.3,200.4,86.1,Hot Spot,Emerging
NGP_CELL_195,2019,21.11262,79.11941,Ward 8 (Gandhibagh),26.45,-2.77,0.312,-0.083,-0.592,0.179,Tree,0.8,33.29,61.4,301.1,4733.7,1176.7,53.8,89.9,Not Significant,Persistent
NGP_CELL_195,2020,21.11262,79.11941,Ward 8 (Gandhibagh),27.1,-3.08,0.324,-0.005,-0.32,0.095,Bare,0.7,31.62,92.14,301.1,4733.7,1176.7,53.8,98.0,Cold Spot,Persistent
NGP_CELL_195,2021,21.11262,79.11941,Ward 8 (Gandhibagh),27.73,-2.82,0.346,0.04,-0.394,0.128,Tree,0.95,48.67,202.85,301.1,4733.7,1176.7,53.8,99.0,Cold Spot,Persistent
NGP_CELL_195,2022,21.11262,79.11941,Ward 8 (Gandhibagh),32.27,0.03,0.116,0.224,-0.259,0.138,Built-up,0.82,68.93,147.99,301.1,4733.7,1176.7,53.8,91.0,Hot Spot,Emerging
NGP_CELL_195,2023,21.11262,79.11941,Ward 8 (Gandhibagh),28.88,-0.99,0.177,0.267,-0.362,0.173,Built-up,0.96,65.48,174.07,301.1,4733.7,1176.7,53.8,93.3,Not Significant,Sporadic
NGP_CELL_195,2024,21.11262,79.11941,Ward 8 (Gandhibagh),32.0,0.72,0.04,0.443,-0.242,0.138,Built-up,0.8,75.67,157.6,301.1,4733.7,1176.7,53.8,97.8,Not Significant,Persistent
NGP_CELL_196,2019,21.1278,79.11686,Ward 6 (Satranjipura),28.07,-1.97,0.255,0.081,-0.499,0.116,Tree,0.78,39.65,118.31,319.7,2284.0,2143.3,634.5,99.4,Not Significant,Emerging
NGP_CELL_196,2020,21.1278,79.11686,Ward 6 (Satranjipura),28.69,-2.29,0.221,0.101,-0.229,0.179,Bare,0.95,44.47,156.92,319.7,2284.0,2143.3,634.5,93.7,Cold Spot,Persistent
NGP_CELL_196,2021,21.1278,79.11686,Ward 6 (Satranjipura),29.44,-1.96,0.203,0.168,-0.558,0.215,Built-up,0.89,59.42,35.05,319.7,2284.0,2143.3,634.5,94.8,Not Significant,Persistent
NGP_CELL_196,2022,21.1278,79.11686,Ward 6 (Satranjipura),28.81,-1.7,0.174,0.181,-0.527,0.135,Built-up,0.7,53.93,173.2,319.7,2284.0,2143.3,634.5,97.6,Not Significant,Persistent
NGP_CELL_196,2023,21.1278,79.11686,Ward 6 (Satranjipura),26.95,-1.96,0.31,0.145,-0.431,0.178,Built-up,0.78,54.98,119.72,319.7,2284.0,2143.3,634.5,96.3,Cold Spot,Diminishing
NGP_CELL_196,2024,21.1278,79.11686,Ward 6 (Satranjipura),26.41,-2.07,0.261,0.125,-0.204,0.128,Tree,0.66,43.52,160.02,319.7,2284.0,2143.3,634.5,92.0,Not Significant,Emerging
NGP_CELL_197,2019,21.14511,79.1311,Ward 6 (Satranjipura),24.66,-3.67,0.385,-0.076,-0.455,0.094,Tree,0.84,37.13,28.84,304.3,1661.5,1533.2,105.9,95.8,Cold Spot,Persistent
NGP_CELL_197,2020,21.14511,79.1311,Ward 6 (Satranjipura),29.11,-2.08,0.177,0.003,-0.257,0.098,Tree,0.72,48.33,37.62,304.3,1661.5,1533.2,105.9,97.9,Not Significant,Sporadic
NGP_CELL_197,2021,21.14511,79.1311,Ward 6 (Satranjipura),25.82,-3.77,0.296,-0.167,-0.364,0.167,Grass,0.86,25.67,153.04,304.3,1661.5,1533.2,105.9,99.4,Not Significant,Persistent
NGP_CELL_197,2022,21.14511,79.1311,Ward 6 (Satranjipura),24.59,-3.81,0.353,-0.055,-0.576,0.082,Bare,0.82,42.03,214.98,304.3,1661.5,1533.2,105.9,98.2,Not Significant,Emerging
NGP_CELL_197,2023,21.14511,79.1311,Ward 6 (Satranjipura),30.38,-0.24,0.07,0.385,-0.441,0.243,Built-up,0.7,85.36,157.07,304.3,1661.5,1533.2,105.9,93.7,Not Significant,Persistent
NGP_CELL_197,2024,21.14511,79.1311,Ward 6 (Satranjipura),25.41,-2.58,0.333,0.071,-0.248,0.106,Crop,0.79,41.64,98.94,304.3,1661.5,1533.2,105.9,86.4,Cold Spot,Diminishing
NGP_CELL_198,2019,21.11537,79.01979,Ward 7 (Mangalwari),25.03,-3.48,0.401,-0.163,-0.372,0.16,Crop,0.76,19.52,33.53,300.6,4261.7,1927.0,142.5,95.5,Cold Spot,Persistent
NGP_CELL_198,2020,21.11537,79.01979,Ward 7 (Mangalwari),33.5,0.12,0.151,0.379,-0.258,0.16,Built-up,0.74,68.04,157.19,300.6,4261.7,1927.0,142.5,89.5,Not Significant,Persistent
NGP_CELL_198,2021,21.11537,79.01979,Ward 7 (Mangalwari),27.92,-2.72,0.242,-0.006,-0.288,0.129,Bare,0.92,38.03,35.23,300.6,4261.7,1927.0,142.5,86.5,Not Significant,Emerging
NGP_CELL_198,2022,21.11537,79.01979,Ward 7 (Mangalwari),26.24,-2.99,0.335,-0.048,-0.46,0.179,Crop,0.76,31.86,176.05,300.6,4261.7,1927.0,142.5,93.5,Not Significant,Diminishing
NGP_CELL_198,2023,21.11537,79.01979,Ward 7 (Mangalwari),30.39,-0.24,0.224,0.367,-0.549,0.143,Built-up,0.93,67.25,79.76,300.6,4261.7,1927.0,142.5,98.8,Not Significant,Emerging
NGP_CELL_198,2024,21.11537,79.01979,Ward 7 (Mangalwari),22.22,-4.17,0.397,-0.118,-0.331,0.161,Bare,0.84,35.01,66.92,300.6,4261.7,1927.0,142.5,98.6,Not Significant,Sporadic
NGP_CELL_199,2019,21.11124,79.04967,Ward 1 (Lakadganj),27.87,-2.06,0.215,0.099,-0.454,0.118,Bare,0.71,40.82,119.29,298.0,3260.3,2447.1,215.4,85.4,Not Significant,Persistent
NGP_CELL_199,2020,21.11124,79.04967,Ward 1 (Lakadganj),28.16,-2.55,0.361,-0.052,-0.256,0.081,Crop,0.78,24.88,62.64,298.0,3260.3,2447.1,215.4,85.8,Not Significant,Emerging
NGP_CELL_199,2021,21.11124,79.04967,Ward 1 (Lakadganj),31.07,-1.15,0.073,0.232,-0.384,0.141,Built-up,0.92,68.47,70.61,298.0,3260.3,2447.1,215.4,99.1,Not Significant,Sporadic
NGP_CELL_199,2022,21.11124,79.04967,Ward 1 (Lakadganj),31.63,-0.29,0.099,0.327,-0.33,0.171,Built-up,0.84,74.54,166.91,298.0,3260.3,2447.1,215.4,92.1,Hot Spot,Persistent
NGP_CELL_199,2023,21.11124,79.04967,Ward 1 (Lakadganj),22.99,-3.94,0.349,-0.146,-0.231,0.092,Tree,0.91,19.62,110.69,298.0,3260.3,2447.1,215.4,98.7,Not Significant,Persistent
NGP_CELL_199,2024,21.11124,79.04967,Ward 1 (Lakadganj),22.94,-3.81,0.268,-0.126,-0.347,0.169,Grass,0.84,29.5,92.16,298.0,3260.3,2447.1,215.4,93.8,Not Significant,Diminishing
NGP_CELL_200,2019,21.18232,79.01323,Ward 5 (Dhantoli),25.65,-3.17,0.369,-0.048,-0.277,0.107,Grass,0.69,37.78,23.34,317.2,1980.3,1287.4,463.7,94.9,Cold Spot,Diminishing
NGP_CELL_200,2020,21.18232,79.01323,Ward 5 (Dhantoli),24.75,-4.26,0.38,-0.263,-0.264,0.159,Bare,0.82,21.14,98.32,317.2,1980.3,1287.4,463.7,94.8,Not Significant,Sporadic
NGP_CELL_200,2021,21.18232,79.01323,Ward 5 (Dhantoli),30.16,-1.6,0.178,0.247,-0.437,0.195,Built-up,0.84,68.61,98.34,317.2,1980.3,1287.4,463.7,96.4,Not Significant,Persistent
NGP_CELL_200,2022,21.18232,79.01323,Ward 5 (Dhantoli),26.62,-2.8,0.192,-0.02,-0.596,0.123,Grass,0.68,43.06,167.76,317.2,1980.3,1287.4,463.7,90.4,Not Significant,Diminishing
NGP_CELL_200,2023,21.18232,79.01323,Ward 5 (Dhantoli),28.86,-1.0,0.125,0.206,-0.306,0.19,Built-up,0.67,69.36,108.93,317.2,1980.3,1287.4,463.7,87.7,Not Significant,Diminishing
NGP_CELL_200,2024,21.18232,79.01323,Ward 5 (Dhantoli),25.46,-2.55,0.285,0.12,-0.317,0.083,Bare,0.81,44.95,165.89,317.2,1980.3,1287.4,463.7,89.4,Not Significant,Persistent
NGP_CELL_201,2019,21.13179,79.10917,Ward 7 (Mangalwari),29.31,-1.35,0.178,0.028,-0.544,0.12,Grass,0.76,45.69,20.78,317.5,1194.1,572.4,488.5,92.6,Not Significant,Persistent
NGP_CELL_201,2020,21.13179,79.10917,Ward 7 (Mangalwari),24.81,-4.23,0.445,-0.179,-0.491,0.178,Grass,0.75,27.15,201.45,317.5,1194.1,572.4,488.5,95.1,Not Significant,Sporadic
NGP_CELL_201,2021,21.13179,79.10917,Ward 7 (Mangalwari),29.54,-1.91,0.265,0.126,-0.586,0.183,Built-up,0.74,50.77,144.47,317.5,1194.1,572.4,488.5,93.3,Cold Spot,Diminishing
NGP_CELL_201,2022,21.13179,79.10917,Ward 7 (Mangalwari),29.26,-1.48,0.195,0.092,-0.236,0.137,Tree,0.76,43.14,221.36,317.5,1194.1,572.4,488.5,92.2,Cold Spot,Sporadic
NGP_CELL_201,2023,21.13179,79.10917,Ward 7 (Mangalwari),27.38,-1.74,0.275,0.143,-0.523,0.149,Built-up,0.88,59.42,79.07,317.5,1194.1,572.4,488.5,96.1,Not Significant,Persistent
NGP_CELL_201,2024,21.13179,79.10917,Ward 7 (Mangalwari),30.09,-0.24,0.041,0.283,-0.494,0.24,Built-up,0.89,75.71,168.21,317.5,1194.1,572.4,488.5,99.2,Not Significant,Persistent
NGP_CELL_202,2019,21.09242,79.07481,Ward 9 (Nehru Nagar),23.35,-4.33,0.408,-0.147,-0.387,0.084,Crop,0.69,24.39,39.99,316.5,4128.9,1354.5,311.5,85.6,Cold Spot,Emerging
NGP_CELL_202,2020,21.09242,79.07481,Ward 9 (Nehru Nagar),24.45,-4.41,0.497,-0.21,-0.501,0.09,Crop,0.68,18.65,98.15,316.5,4128.9,1354.5,311.5,91.4,Not Significant,Diminishing
NGP_CELL_202,2021,21.09242,79.07481,Ward 9 (Nehru Nagar),32.17,-0.6,0.196,0.198,-0.325,0.249,Built-up,0.85,66.17,208.23,316.5,4128.9,1354.5,311.5,92.4,Not Significant,Persistent
NGP_CELL_202,2022,21.09242,79.07481,Ward 9 (Nehru Nagar),27.48,-2.37,0.188,0.034,-0.476,0.153,Grass,0.73,46.58,176.52,316.5,4128.9,1354.5,311.5,89.6,Cold Spot,Persistent
NGP_CELL_202,2023,21.09242,79.07481,Ward 9 (Nehru Nagar),30.04,-0.41,0.115,0.199,-0.533,0.161,Built-up,0.89,61.21,157.16,316.5,4128.9,1354.5,311.5,85.2,Cold Spot,Diminishing
NGP_CELL_202,2024,21.09242,79.07481,Ward 9 (Nehru Nagar),29.53,-0.51,0.181,0.359,-0.372,0.146,Built-up,0.88,66.23,199.62,316.5,4128.9,1354.5,311.5,89.4,Not Significant,Sporadic
NGP_CELL_203,2019,21.07681,79.01235,Ward 6 (Satranjipura),22.11,-4.94,0.407,-0.251,-0.529,0.137,Crop,0.98,14.62,185.5,297.2,4092.4,2384.3,586.1,92.0,Cold Spot,Diminishing
NGP_CELL_203,2020,21.07681,79.01235,Ward 6 (Satranjipura),31.68,-0.79,0.052,0.234,-0.555,0.18,Built-up,0.7,70.83,138.41,297.2,4092.4,2384.3,586.1,94.9,Not Significant,Persistent
NGP_CELL_203,2021,21.07681,79.01235,Ward 6 (Satranjipura),30.92,-1.22,0.18,0.267,-0.28,0.15,Built-up,0.72,63.32,63.36,297.2,4092.4,2384.3,586.1,93.7,Not Significant,Persistent
NGP_CELL_203,2022,21.07681,79.01235,Ward 6 (Satranjipura),26.66,-2.78,0.361,0.048,-0.207,0.083,Tree,0.77,38.88,154.99,297.2,4092.4,2384.3,586.1,95.4,Cold Spot,Persistent
NGP_CELL_203,2023,21.07681,79.01235,Ward 6 (Satranjipura),24.16,-3.35,0.317,-0.06,-0.274,0.155,Crop,0.71,25.43,115.52,297.2,4092.4,2384.3,586.1,88.0,Not Significant,Sporadic
NGP_CELL_203,2024,21.07681,79.01235,Ward 6 (Satranjipura),29.19,-0.69,0.15,0.294,-0.312,0.193,Built-up,0.93,70.8,100.43,297.2,4092.4,2384.3,586.1,99.9,Not Significant,Persistent
NGP_CELL_204,2019,21.12079,79.03528,Ward 8 (Gandhibagh),24.19,-3.91,0.356,-0.143,-0.312,0.175,Bare,0.7,34.86,160.8,300.6,457.5,1930.0,126.0,92.1,Not Significant,Emerging
NGP_CELL_204,2020,21.12079,79.03528,Ward 8 (Gandhibagh),23.99,-4.64,0.442,-0.24,-0.266,0.146,Grass,0.8,16.73,171.95,300.6,457.5,1930.0,126.0,85.9,Not Significant,Persistent
NGP_CELL_204,2021,21.12079,79.03528,Ward 8 (Gandhibagh),29.67,-1.85,0.213,0.236,-0.398,0.215,Built-up,0.94,60.55,59.8,300.6,457.5,1930.0,126.0,90.5,Not Significant,Persistent
NGP_CELL_204,2022,21.12079,79.03528,Ward 8 (Gandhibagh),24.76,-3.73,0.397,-0.11,-0.323,0.158,Grass,0.88,34.22,170.39,300.6,457.5,1930.0,126.0,88.6,Cold Spot,Persistent
NGP_CELL_204,2023,21.12079,79.03528,Ward 8 (Gandhibagh),26.37,-2.25,0.24,0.092,-0.427,0.17,Built-up,0.91,51.94,63.06,300.6,457.5,1930.0,126.0,93.2,Not Significant,Persistent
NGP_CELL_204,2024,21.12079,79.03528,Ward 8 (Gandhibagh),30.51,-0.02,0.069,0.442,-0.493,0.155,Built-up,0.9,75.12,146.56,300.6,457.5,1930.0,126.0,98.3,Not Significant,Sporadic
NGP_CELL_205,2019,21.05947,79.09416,Ward 3 (Dharampeth),28.3,-1.85,0.326,0.153,-0.314,0.14,Built-up,0.66,50.24,184.3,317.9,511.0,1012.3,386.3,94.5,Cold Spot,Persistent
NGP_CELL_205,2020,21.05947,79.09416,Ward 3 (Dharampeth),25.16,-4.05,0.336,-0.159,-0.336,0.137,Crop,0.65,32.14,65.86,317.9,511.0,1012.3,386.3,85.2,Cold Spot,Diminishing
NGP_CELL_205,2021,21.05947,79.09416,Ward 3 (Dharampeth),25.65,-3.86,0.426,-0.177,-0.496,0.111,Crop,0.88,31.54,91.22,317.9,511.0,1012.3,386.3,90.6,Not Significant,Persistent
NGP_CELL_205,2022,21.05947,79.09416,Ward 3 (Dharampeth),26.34,-2.94,0.461,-0.084,-0.363,0.088,Crop,0.77,24.5,139.19,317.9,511.0,1012.3,386.3,97.1,Not Significant,Diminishing
NGP_CELL_205,2023,21.05947,79.09416,Ward 3 (Dharampeth),22.68,-4.09,0.401,-0.172,-0.501,0.17,Bare,0.88,15.1,63.8,317.9,511.0,1012.3,386.3,86.4,Not Significant,Persistent
NGP_CELL_205,2024,21.05947,79.09416,Ward 3 (Dharampeth),28.26,-1.15,0.202,0.168,-0.414,0.23,Built-up,0.68,65.15,142.35,317.9,511.0,1012.3,386.3,89.1,Not Significant,Persistent
NGP_CELL_206,2019,21.15106,79.13733,Ward 4 (Hanuman Nagar),24.22,-3.89,0.378,-0.085,-0.335,0.127,Tree,0.94,37.0,120.62,285.7,1651.8,1328.9,155.4,97.1,Not Significant,Persistent
NGP_CELL_206,2020,21.15106,79.13733,Ward 4 (Hanuman Nagar),28.0,-2.63,0.317,0.027,-0.425,0.123,Crop,0.73,35.87,124.96,285.7,1651.8,1328.9,155.4,98.6,Not Significant,Emerging
NGP_CELL_206,2021,21.15106,79.13733,Ward 4 (Hanuman Nagar),27.77,-2.8,0.293,-0.079,-0.415,0.098,Grass,0.94,31.36,132.43,285.7,1651.8,1328.9,155.4,91.8,Not Significant,Persistent
NGP_CELL_206,2022,21.15106,79.13733,Ward 4 (Hanuman Nagar),26.22,-2.99,0.327,0.019,-0.328,0.117,Grass,0.69,49.32,135.04,285.7,1651.8,1328.9,155.4,96.0,Not Significant,Emerging
NGP_CELL_206,2023,21.15106,79.13733,Ward 4 (Hanuman Nagar),28.85,-1.01,0.157,0.26,-0.24,0.238,Built-up,0.79,66.77,127.23,285.7,1651.8,1328.9,155.4,95.8,Not Significant,Persistent
NGP_CELL_206,2024,21.15106,79.13733,Ward 4 (Hanuman Nagar),25.23,-2.66,0.236,-0.088,-0.524,0.132,Grass,0.75,36.64,103.54,285.7,1651.8,1328.9,155.4,95.1,Cold Spot,Persistent
NGP_CELL_207,2019,21.11835,79.04965,Ward 4 (Hanuman Nagar),25.2,-3.4,0.411,-0.043,-0.334,0.085,Crop,0.88,26.9,182.52,287.8,4220.5,2455.7,789.1,88.7,Not Significant,Persistent
NGP_CELL_207,2020,21.11835,79.04965,Ward 4 (Hanuman Nagar),27.69,-2.79,0.245,-0.007,-0.304,0.156,Grass,0.73,34.77,123.79,287.8,4220.5,2455.7,789.1,92.6,Not Significant,Sporadic
NGP_CELL_207,2021,21.11835,79.04965,Ward 4 (Hanuman Nagar),27.69,-2.84,0.301,-0.133,-0.489,0.13,Grass,0.86,36.03,190.27,287.8,4220.5,2455.7,789.1,95.7,Not Significant,Sporadic
NGP_CELL_207,2022,21.11835,79.04965,Ward 4 (Hanuman Nagar),25.96,-3.12,0.347,-0.123,-0.413,0.179,Tree,0.78,36.5,43.85,287.8,4220.5,2455.7,789.1,89.5,Not Significant,Emerging
NGP_CELL_207,2023,21.11835,79.04965,Ward 4 (Hanuman Nagar),22.13,-4.37,0.361,-0.037,-0.319,0.119,Tree,0.7,34.59,85.62,287.8,4220.5,2455.7,789.1,85.1,Cold Spot,Emerging
NGP_CELL_207,2024,21.11835,79.04965,Ward 4 (Hanuman Nagar),28.45,-1.06,0.205,0.251,-0.562,0.243,Built-up,0.73,60.44,158.97,287.8,4220.5,2455.7,789.1,93.1,Not Significant,Emerging
NGP_CELL_208,2019,21.05671,79.07266,Ward 9 (Nehru Nagar),31.4,-0.3,0.115,0.244,-0.38,0.202,Built-up,0.89,68.53,184.71,318.4,3666.1,336.3,171.3,97.5,Not Significant,Sporadic
NGP_CELL_208,2020,21.05671,79.07266,Ward 9 (Nehru Nagar),28.01,-2.63,0.364,0.053,-0.466,0.106,Tree,0.82,41.43,174.59,318.4,3666.1,336.3,171.3,99.3,Not Significant,Diminishing
NGP_CELL_208,2021,21.05671,79.07266,Ward 9 (Nehru Nagar),30.8,-1.28,0.289,0.233,-0.439,0.189,Built-up,0.97,54.46,167.83,318.4,3666.1,336.3,171.3,94.2,Not Significant,Sporadic
NGP_CELL_208,2022,21.05671,79.07266,Ward 9 (Nehru Nagar),30.55,-0.83,0.186,0.342,-0.214,0.243,Built-up,0.93,74.12,212.63,318.4,3666.1,336.3,171.3,95.3,Not Significant,Persistent
NGP_CELL_208,2023,21.05671,79.07266,Ward 9 (Nehru Nagar),29.75,-0.56,0.132,0.176,-0.413,0.166,Built-up,0.69,64.72,47.2,318.4,3666.1,336.3,171.3,95.3,Not Significant,Persistent
NGP_CELL_208,2024,21.05671,79.07266,Ward 9 (Nehru Nagar),27.82,-1.37,0.269,0.187,-0.469,0.211,Built-up,0.9,51.8,97.33,318.4,3666.1,336.3,171.3,85.7,Cold Spot,Persistent
NGP_CELL_209,2019,21.1725,79.14506,Ward 6 (Satranjipura),31.32,-0.34,0.196,0.326,-0.422,0.221,Built-up,0.77,67.39,56.37,313.4,466.9,173.1,291.9,97.5,Cold Spot,Persistent
NGP_CELL_209,2020,21.1725,79.14506,Ward 6 (Satranjipura),31.91,-0.67,0.227,0.213,-0.467,0.244,Built-up,0.86,56.77,27.97,313.4,466.9,173.1,291.9,86.0,Not Significant,Diminishing
NGP_CELL_209,2021,21.1725,79.14506,Ward 6 (Satranjipura),28.93,-2.21,0.194,0.037,-0.327,0.127,Crop,0.84,44.68,199.77,313.4,466.9,173.1,291.9,86.6,Not Significant,Emerging
NGP_CELL_209,2022,21.1725,79.14506,Ward 6 (Satranjipura),29.18,-1.52,0.291,0.168,-0.493,0.243,Built-up,0.89,60.46,199.87,313.4,466.9,173.1,291.9,87.8,Not Significant,Persistent
NGP_CELL_209,2023,21.1725,79.14506,Ward 6 (Satranjipura),23.91,-3.48,0.434,-0.035,-0.42,0.167,Grass,0.95,29.92,189.97,313.4,466.9,173.1,291.9,85.4,Cold Spot,Persistent
NGP_CELL_209,2024,21.1725,79.14506,Ward 6 (Satranjipura),28.88,-0.84,0.045,0.275,-0.383,0.132,Built-up,0.78,75.71,76.9,313.4,466.9,173.1,291.9,92.1,Hot Spot,Persistent
NGP_CELL_210,2019,21.07863,79.03829,Ward 10 (Sanjay Gandhi Nagar),24.89,-3.56,0.35,-0.056,-0.499,0.087,Tree,0.92,25.2,197.45,300.5,4155.5,1284.7,339.0,88.9,Cold Spot,Persistent
NGP_CELL_210,2020,21.07863,79.03829,Ward 10 (Sanjay Gandhi Nagar),25.49,-3.88,0.375,-0.157,-0.268,0.168,Grass,0.87,20.23,74.8,300.5,4155.5,1284.7,339.0,94.6,Not Significant,Emerging
NGP_CELL_210,2021,21.07863,79.03829,Ward 10 (Sanjay Gandhi Nagar),26.96,-3.2,0.241,-0.111,-0.223,0.175,Tree,0.78,33.92,132.34,300.5,4155.5,1284.7,339.0,94.7,Not Significant,Diminishing
NGP_CELL_210,2022,21.07863,79.03829,Ward 10 (Sanjay Gandhi Nagar),29.88,-1.17,0.274,0.187,-0.446,0.222,Built-up,0.67,59.65,166.98,300.5,4155.5,1284.7,339.0,87.4,Not Significant,Persistent
NGP_CELL_210,2023,21.07863,79.03829,Ward 10 (Sanjay Gandhi Nagar),24.54,-3.16,0.348,-0.023,-0.283,0.089,Tree,0.9,43.03,133.69,300.5,4155.5,1284.7,339.0,90.2,Not Significant,Persistent
NGP_CELL_210,2024,21.07863,79.03829,Ward 10 (Sanjay Gandhi Nagar),29.5,-0.53,0.173,0.32,-0.437,0.202,Built-up,0.75,81.94,78.62,300.5,4155.5,1284.7,339.0,90.0,Not Significant,Diminishing
NGP_CELL_211,2019,21.10252,79.11015,Ward 9 (Nehru Nagar),26.55,-2.73,0.232,0.043,-0.403,0.158,Crop,0.9,40.82,86.83,290.7,2057.6,197.2,697.6,86.7,Not Significant,Persistent
NGP_CELL_211,2020,21.10252,79.11015,Ward 9 (Nehru Nagar),31.44,-0.91,0.149,0.245,-0.383,0.194,Built-up,0.7,60.7,103.47,290.7,2057.6,197.2,697.6,86.6,Not Significant,Persistent
NGP_CELL_211,2021,21.10252,79.11015,Ward 9 (Nehru Nagar),27.9,-2.73,0.302,0.01,-0.545,0.162,Crop,0.71,35.87,136.33,290.7,2057.6,197.2,697.6,92.8,Cold Spot,Persistent
NGP_CELL_211,2022,21.10252,79.11015,Ward 9 (Nehru Nagar),30.18,-1.02,0.081,0.197,-0.417,0.12,Built-up,0.95,67.37,178.52,290.7,2057.6,197.2,697.6,92.6,Not Significant,Persistent
NGP_CELL_211,2023,21.10252,79.11015,Ward 9 (Nehru Nagar),28.22,-1.32,0.262,0.218,-0.406,0.187,Built-up,0.8,60.12,62.59,290.7,2057.6,197.2,697.6,85.7,Not Significant,Persistent
NGP_CELL_211,2024,21.10252,79.11015,Ward 9 (Nehru Nagar),28.28,-1.14,0.134,0.274,-0.232,0.17,Built-up,0.73,76.91,177.35,290.7,2057.6,197.2,697.6,99.8,Not Significant,Persistent
NGP_CELL_212,2019,21.14903,79.04063,Ward 6 (Satranjipura),30.52,-0.74,0.16,0.291,-0.544,0.176,Built-up,0.87,61.92,42.17,305.8,3568.1,835.6,2.5,85.2,Not Significant,Emerging
NGP_CELL_212,2020,21.14903,79.04063,Ward 6 (Satranjipura),30.35,-1.45,0.129,0.199,-0.518,0.128,Built-up,0.78,62.17,64.5,305.8,3568.1,835.6,2.5,86.2,Not Significant,Persistent
NGP_CELL_212,2021,21.14903,79.04063,Ward 6 (Satranjipura),30.3,-1.53,0.157,0.172,-0.569,0.122,Built-up,0.9,59.66,50.08,305.8,3568.1,835.6,2.5,86.8,Cold Spot,Sporadic
NGP_CELL_212,2022,21.14903,79.04063,Ward 6 (Satranjipura),27.18,-2.52,0.194,0.091,-0.599,0.241,Built-up,0.72,56.54,100.44,305.8,3568.1,835.6,2.5,93.3,Not Significant,Persistent
NGP_CELL_212,2023,21.14903,79.04063,Ward 6 (Satranjipura),24.04,-3.41,0.266,-0.049,-0.528,0.131,Grass,0.66,38.48,168.67,305.8,3568.1,835.6,2.5,88.0,Not Significant,Persistent
NGP_CELL_212,2024,21.14903,79.04063,Ward 6 (Satranjipura),25.45,-2.56,0.22,-0.002,-0.572,0.092,Grass,0.81,36.28,59.89,305.8,3568.1,835.6,2.5,98.7,Not Significant,Sporadic
NGP_CELL_213,2019,21.18474,79.06719,Ward 6 (Satranjipura),28.33,-1.84,0.255,0.073,-0.218,0.124,Tree,0.95,49.49,146.45,318.8,3283.7,1548.8,219.6,87.5,Not Significant,Persistent
NGP_CELL_213,2020,21.18474,79.06719,Ward 6 (Satranjipura),27.05,-3.1,0.379,-0.112,-0.241,0.1,Grass,0.73,37.45,121.49,318.8,3283.7,1548.8,219.6,89.6,Cold Spot,Persistent
NGP_CELL_213,2021,21.18474,79.06719,Ward 6 (Satranjipura),31.35,-1.01,0.224,0.263,-0.399,0.165,Built-up,0.9,57.81,88.19,318.8,3283.7,1548.8,219.6,88.5,Cold Spot,Sporadic
NGP_CELL_213,2022,21.18474,79.06719,Ward 6 (Satranjipura),31.05,-0.58,0.142,0.268,-0.4,0.126,Built-up,0.75,61.86,184.59,318.8,3283.7,1548.8,219.6,86.2,Not Significant,Sporadic
NGP_CELL_213,2023,21.18474,79.06719,Ward 6 (Satranjipura),28.62,-1.12,0.199,0.24,-0.481,0.214,Built-up,0.7,64.77,179.03,318.8,3283.7,1548.8,219.6,99.1,Not Significant,Emerging
NGP_CELL_213,2024,21.18474,79.06719,Ward 6 (Satranjipura),27.63,-1.47,0.196,0.117,-0.596,0.248,Built-up,0.96,55.04,115.6,318.8,3283.7,1548.8,219.6,92.4,Not Significant,Emerging
NGP_CELL_214,2019,21.14082,79.10679,Ward 10 (Sanjay Gandhi Nagar),23.83,-4.08,0.35,-0.198,-0.279,0.158,Bare,0.8,27.79,43.23,284.4,1352.5,2875.8,214.4,86.0,Not Significant,Diminishing
NGP_CELL_214,2020,21.14082,79.10679,Ward 10 (Sanjay Gandhi Nagar),30.27,-1.5,0.166,0.169,-0.314,0.191,Built-up,0.77,65.83,105.24,284.4,1352.5,2875.8,214.4,97.4,Cold Spot,Sporadic
NGP_CELL_214,2021,21.14082,79.10679,Ward 10 (Sanjay Gandhi Nagar),32.03,-0.67,0.175,0.41,-0.315,0.248,Built-up,0.84,77.44,173.77,284.4,1352.5,2875.8,214.4,95.3,Not Significant,Persistent
NGP_CELL_214,2022,21.14082,79.10679,Ward 10 (Sanjay Gandhi Nagar),25.96,-3.12,0.404,-0.04,-0.295,0.175,Crop,0.94,37.44,57.04,284.4,1352.5,2875.8,214.4,99.8,Not Significant,Sporadic
NGP_CELL_214,2023,21.14082,79.10679,Ward 10 (Sanjay Gandhi Nagar),22.56,-4.15,0.3,-0.178,-0.35,0.096,Crop,0.69,25.08,149.68,284.4,1352.5,2875.8,214.4,92.5,Not Significant,Persistent
NGP_CELL_214,2024,21.14082,79.10679,Ward 10 (Sanjay Gandhi Nagar),28.38,-1.09,0.133,0.241,-0.39,0.138,Built-up,0.84,64.42,73.51,284.4,1352.5,2875.8,214.4,98.7,Not Significant,Emerging
NGP_CELL_215,2019,21.05264,79.08056,Ward 7 (Mangalwari),28.47,-1.76,0.304,0.179,-0.427,0.236,Built-up,0.7,53.54,132.75,313.9,4755.7,1988.1,411.1,94.7,Not Significant,Emerging
NGP_CELL_215,2020,21.05264,79.08056,Ward 7 (Mangalwari),28.42,-2.42,0.29,0.056,-0.506,0.145,Built-up,0.77,53.57,146.94,313.9,4755.7,1988.1,411.1,99.6,Cold Spot,Persistent
NGP_CELL_215,2021,21.05264,79.08056,Ward 7 (Mangalwari),30.97,-1.19,0.212,0.203,-0.247,0.141,Built-up,0.79,64.61,105.19,313.9,4755.7,1988.1,411.1,90.2,Not Significant,Sporadic
NGP_CELL_215,2022,21.05264,79.08056,Ward 7 (Mangalwari),30.34,-0.94,0.195,0.343,-0.31,0.131,Built-up,0.77,74.33,85.93,313.9,4755.7,1988.1,411.1,94.5,Not Significant,Persistent
NGP_CELL_215,2023,21.05264,79.08056,Ward 7 (Mangalwari),30.31,-0.28,0.226,0.27,-0.215,0.242,Built-up,0.86,60.39,109.28,313.9,4755.7,1988.1,411.1,99.7,Not Significant,Emerging
NGP_CELL_215,2024,21.05264,79.08056,Ward 7 (Mangalwari),22.46,-4.05,0.429,-0.133,-0.566,0.144,Grass,0.84,28.96,63.55,313.9,4755.7,1988.1,411.1,89.2,Not Significant,Persistent
NGP_CELL_216,2019,21.1242,79.00953,Ward 9 (Nehru Nagar),31.72,-0.14,0.089,0.312,-0.279,0.222,Built-up,0.81,68.26,134.97,314.4,2959.4,2706.8,551.3,88.0,Not Significant,Emerging
NGP_CELL_216,2020,21.1242,79.00953,Ward 9 (Nehru Nagar),32.51,-0.38,0.081,0.378,-0.305,0.237,Built-up,0.78,70.93,38.89,314.4,2959.4,2706.8,551.3,89.8,Hot Spot,Persistent
NGP_CELL_216,2021,21.1242,79.00953,Ward 9 (Nehru Nagar),32.24,-0.56,0.071,0.188,-0.291,0.16,Built-up,0.78,67.51,153.83,314.4,2959.4,2706.8,551.3,95.6,Not Significant,Diminishing
NGP_CELL_216,2022,21.1242,79.00953,Ward 9 (Nehru Nagar),28.0,-2.11,0.167,0.114,-0.253,0.235,Built-up,0.65,50.44,168.75,314.4,2959.4,2706.8,551.3,91.7,Not Significant,Persistent
NGP_CELL_216,2023,21.1242,79.00953,Ward 9 (Nehru Nagar),26.78,-2.04,0.142,0.136,-0.286,0.22,Built-up,0.85,51.71,172.9,314.4,2959.4,2706.8,551.3,95.9,Not Significant,Emerging
NGP_CELL_216,2024,21.1242,79.00953,Ward 9 (Nehru Nagar),27.79,-1.39,0.151,0.263,-0.373,0.127,Built-up,0.75,69.44,83.28,314.4,2959.4,2706.8,551.3,92.6,Not Significant,Emerging
NGP_CELL_217,2019,21.11338,79.04263,Ward 5 (Dhantoli),23.08,-4.46,0.455,-0.228,-0.416,0.18,Bare,0.93,17.85,159.1,317.5,4799.7,1478.0,425.0,87.1,Cold Spot,Persistent
NGP_CELL_217,2020,21.11338,79.04263,Ward 5 (Dhantoli),32.04,-0.61,0.18,0.268,-0.445,0.145,Built-up,0.96,63.9,63.65,317.5,4799.7,1478.0,425.0,88.3,Not Significant,Sporadic
NGP_CELL_217,2021,21.11338,79.04263,Ward 5 (Dhantoli),28.84,-2.26,0.245,0.052,-0.209,0.167,Tree,0.77,43.73,177.49,317.5,4799.7,1478.0,425.0,90.0,Not Significant,Emerging
NGP_CELL_217,2022,21.11338,79.04263,Ward 5 (Dhantoli),28.28,-1.97,0.276,0.133,-0.213,0.168,Built-up,0.74,50.86,169.58,317.5,4799.7,1478.0,425.0,85.5,Not Significant,Emerging
NGP_CELL_217,2023,21.11338,79.04263,Ward 5 (Dhantoli),30.05,-0.41,0.118,0.342,-0.201,0.138,Built-up,0.75,70.8,220.42,317.5,4799.7,1478.0,425.0,93.8,Hot Spot,Emerging
NGP_CELL_217,2024,21.11338,79.04263,Ward 5 (Dhantoli),28.41,-1.08,0.21,0.266,-0.388,0.14,Built-up,0.84,69.72,158.3,317.5,4799.7,1478.0,425.0,94.2,Not Significant,Emerging
NGP_CELL_218,2019,21.10586,79.04976,Ward 6 (Satranjipura),31.69,-0.16,0.141,0.318,-0.327,0.23,Built-up,0.98,68.17,118.78,294.3,15.0,2413.9,711.7,95.3,Not Significant,Persistent
NGP_CELL_218,2020,21.10586,79.04976,Ward 6 (Satranjipura),31.29,-0.99,0.202,0.233,-0.514,0.165,Built-up,0.96,57.5,133.02,294.3,15.0,2413.9,711.7,98.1,Hot Spot,Emerging
NGP_CELL_218,2021,21.10586,79.04976,Ward 6 (Satranjipura),30.07,-1.65,-0.128,-0.025,0.477,0.18,Water,0.96,45.41,77.37,294.3,15.0,2413.9,711.7,91.3,Not Significant,Diminishing
NGP_CELL_218,2022,21.10586,79.04976,Ward 6 (Satranjipura),29.51,-1.35,-0.151,0.128,0.428,0.155,Water,0.96,48.91,192.37,294.3,15.0,2413.9,711.7,90.1,Cold Spot,Persistent
NGP_CELL_218,2023,21.10586,79.04976,Ward 6 (Satranjipura),25.69,-2.59,-0.083,-0.233,0.636,0.128,Water,0.77,25.04,108.48,294.3,15.0,2413.9,711.7,87.9,Not Significant,Persistent
NGP_CELL_218,2024,21.10586,79.04976,Ward 6 (Satranjipura),26.01,-2.28,-0.145,-0.09,0.694,0.163,Water,0.9,39.27,174.11,294.3,15.0,2413.9,711.7,98.6,Not Significant,Diminishing
NGP_CELL_219,2019,21.16281,79.02336,Ward 5 (Dhantoli),28.52,-1.74,0.281,0.058,-0.457,0.17,Tree,0.83,35.86,144.81,282.8,1606.4,1423.2,798.3,94.0,Cold Spot,Persistent
NGP_CELL_219,2020,21.16281,79.02336,Ward 5 (Dhantoli),24.15,-4.56,0.374,-0.207,-0.29,0.132,Bare,0.75,13.36,157.28,282.8,1606.4,1423.2,798.3,89.3,Not Significant,Persistent
NGP_CELL_219,2021,21.16281,79.02336,Ward 5 (Dhantoli),26.04,-3.66,0.428,-0.013,-0.397,0.121,Bare,0.79,30.49,153.59,282.8,1606.4,1423.2,798.3,87.0,Not Significant,Persistent
NGP_CELL_219,2022,21.16281,79.02336,Ward 5 (Dhantoli),26.8,-2.71,0.399,0.024,-0.366,0.095,Bare,0.96,35.69,130.24,282.8,1606.4,1423.2,798.3,89.5,Not Significant,Emerging
NGP_CELL_219,2023,21.16281,79.02336,Ward 5 (Dhantoli),26.86,-2.0,0.331,0.044,-0.57,0.08,Grass,0.94,34.97,162.01,282.8,1606.4,1423.2,798.3,94.4,Not Significant,Persistent
NGP_CELL_219,2024,21.16281,79.02336,Ward 5 (Dhantoli),22.99,-3.79,0.369,-0.034,-0.322,0.134,Bare,0.85,38.01,206.44,282.8,1606.4,1423.2,798.3,85.3,Not Significant,Sporadic
NGP_CELL_220,2019,21.08908,79.09247,Ward 1 (Lakadganj),30.92,-0.54,0.109,0.283,-0.451,0.248,Built-up,0.71,59.4,196.7,299.4,4545.3,93.5,277.3,89.0,Hot Spot,Emerging
NGP_CELL_220,2020,21.08908,79.09247,Ward 1 (Lakadganj),26.88,-3.19,0.277,-0.066,-0.356,0.131,Tree,0.85,31.38,121.55,299.4,4545.3,93.5,277.3,90.8,Not Significant,Sporadic
NGP_CELL_220,2021,21.08908,79.09247,Ward 1 (Lakadganj),30.8,-1.28,0.209,0.233,-0.468,0.173,Built-up,0.87,59.56,112.31,299.4,4545.3,93.5,277.3,99.5,Cold Spot,Persistent
NGP_CELL_220,2022,21.08908,79.09247,Ward 1 (Lakadganj),28.16,-2.03,0.301,0.064,-0.405,0.139,Tree,0.84,48.0,160.82,299.4,4545.3,93.5,277.3,88.8,Cold Spot,Persistent
NGP_CELL_220,2023,21.08908,79.09247,Ward 1 (Lakadganj),22.05,-4.41,0.304,-0.231,-0.207,0.116,Tree,0.68,25.24,181.98,299.4,4545.3,93.5,277.3,93.8,Not Significant,Persistent
NGP_CELL_220,2024,21.08908,79.09247,Ward 1 (Lakadganj),24.17,-3.2,0.345,-0.038,-0.426,0.08,Crop,0.87,39.19,100.48,299.4,4545.3,93.5,277.3,92.4,Cold Spot,Persistent
NGP_CELL_221,2019,21.18665,79.04836,Ward 10 (Sanjay Gandhi Nagar),23.56,-4.22,0.378,-0.163,-0.379,0.138,Tree,0.85,33.37,78.43,281.0,4942.6,2131.5,417.3,98.4,Not Significant,Persistent
NGP_CELL_221,2020,21.18665,79.04836,Ward 10 (Sanjay Gandhi Nagar),28.69,-2.29,0.344,0.104,-0.463,0.175,Grass,0.9,43.15,36.51,281.0,4942.6,2131.5,417.3,86.1,Not Significant,Emerging
NGP_CELL_221,2021,21.18665,79.04836,Ward 10 (Sanjay Gandhi Nagar),25.97,-3.7,0.403,0.014,-0.241,0.109,Bare,0.81,31.49,137.06,281.0,4942.6,2131.5,417.3,96.6,Not Significant,Persistent
NGP_CELL_221,2022,21.18665,79.04836,Ward 10 (Sanjay Gandhi Nagar),31.18,-0.51,0.177,0.293,-0.496,0.162,Built-up,0.82,65.82,114.28,281.0,4942.6,2131.5,417.3,99.0,Not Significant,Sporadic
NGP_CELL_221,2023,21.18665,79.04836,Ward 10 (Sanjay Gandhi Nagar),25.14,-2.86,0.338,-0.1,-0.245,0.179,Tree,0.82,36.79,210.5,281.0,4942.6,2131.5,417.3,97.9,Not Significant,Persistent
NGP_CELL_221,2024,21.18665,79.04836,Ward 10 (Sanjay Gandhi Nagar),22.89,-3.84,0.459,-0.139,-0.491,0.16,Crop,0.73,25.52,40.96,281.0,4942.6,2131.5,417.3,85.1,Not Significant,Sporadic
NGP_CELL_222,2019,21.15742,79.11005,Ward 10 (Sanjay Gandhi Nagar),28.95,-1.52,0.249,0.191,-0.351,0.143,Built-up,0.79,52.19,35.24,296.4,4516.2,2736.4,615.0,99.2,Not Significant,Persistent
NGP_CELL_222,2020,21.15742,79.11005,Ward 10 (Sanjay Gandhi Nagar),27.4,-2.93,0.435,-0.098,-0.581,0.146,Grass,0.75,22.2,189.96,296.4,4516.2,2736.4,615.0,85.6,Not Significant,Sporadic
NGP_CELL_222,2021,21.15742,79.11005,Ward 10 (Sanjay Gandhi Nagar),30.56,-1.4,0.145,0.27,-0.542,0.216,Built-up,0.74,66.72,52.45,296.4,4516.2,2736.4,615.0,87.9,Cold Spot,Persistent
NGP_CELL_222,2022,21.15742,79.11005,Ward 10 (Sanjay Gandhi Nagar),30.23,-0.99,0.218,0.329,-0.425,0.143,Built-up,0.74,72.74,74.23,296.4,4516.2,2736.4,615.0,87.6,Not Significant,Persistent
NGP_CELL_222,2023,21.15742,79.11005,Ward 10 (Sanjay Gandhi Nagar),24.71,-3.08,0.294,-0.033,-0.53,0.169,Grass,0.78,28.41,115.08,296.4,4516.2,2736.4,615.0,97.1,Not Significant,Emerging
NGP_CELL_222,2024,21.15742,79.11005,Ward 10 (Sanjay Gandhi Nagar),21.78,-4.39,0.412,-0.187,-0.449,0.149,Grass,0.76,29.13,141.53,296.4,4516.2,2736.4,615.0,88.5,Not Significant,Persistent
NGP_CELL_223,2019,21.11607,79.10536,Ward 9 (Nehru Nagar),30.22,-0.89,0.149,0.307,-0.535,0.131,Built-up,0.71,62.63,110.38,304.2,648.8,2989.5,618.7,94.4,Not Significant,Persistent
NGP_CELL_223,2020,21.11607,79.10536,Ward 9 (Nehru Nagar),30.54,-1.36,0.288,0.164,-0.564,0.177,Built-up,0.94,61.56,183.0,304.2,648.8,2989.5,618.7,98.3,Not Significant,Sporadic
NGP_CELL_223,2021,21.11607,79.10536,Ward 9 (Nehru Nagar),28.32,-2.52,0.242,-0.048,-0.296,0.089,Bare,0.73,33.67,190.31,304.2,648.8,2989.5,618.7,98.2,Cold Spot,Persistent
NGP_CELL_223,2022,21.11607,79.10536,Ward 9 (Nehru Nagar),27.42,-2.4,0.298,0.059,-0.216,0.092,Crop,0.87,41.15,160.72,304.2,648.8,2989.5,618.7,95.6,Cold Spot,Persistent
NGP_CELL_223,2023,21.11607,79.10536,Ward 9 (Nehru Nagar),21.9,-4.48,0.318,-0.204,-0.503,0.113,Grass,0.89,17.6,93.77,304.2,648.8,2989.5,618.7,95.1,Not Significant,Persistent
NGP_CELL_223,2024,21.11607,79.10536,Ward 9 (Nehru Nagar),21.77,-4.39,0.334,-0.18,-0.571,0.161,Bare,0.69,24.28,72.61,304.2,648.8,2989.5,618.7,93.7,Cold Spot,Sporadic
NGP_CELL_224,2019,21.05679,79.03027,Ward 6 (Satranjipura),24.35,-3.83,0.341,-0.127,-0.302,0.177,Tree,0.9,28.82,112.89,308.4,1453.5,190.8,686.7,98.7,Not Significant,Persistent
NGP_CELL_224,2020,21.05679,79.03027,Ward 6 (Satranjipura),28.48,-2.39,0.234,0.059,-0.362,0.122,Crop,0.75,47.63,166.67,308.4,1453.5,190.8,686.7,87.3,Not Significant,Emerging
NGP_CELL_224,2021,21.05679,79.03027,Ward 6 (Satranjipura),30.4,-1.48,0.203,0.268,-0.397,0.151,Built-up,0.91,62.92,58.72,308.4,1453.5,190.8,686.7,86.0,Not Significant,Persistent
NGP_CELL_224,2022,21.05679,79.03027,Ward 6 (Satranjipura),29.91,-1.15,0.174,0.205,-0.361,0.243,Built-up,0.86,62.12,164.37,308.4,1453.5,190.8,686.7,87.9,Not Significant,Persistent
NGP_CELL_224,2023,21.05679,79.03027,Ward 6 (Satranjipura),26.36,-2.25,0.29,-0.049,-0.227,0.163,Grass,0.92,35.96,143.9,308.4,1453.5,190.8,686.7,93.5,Not Significant,Persistent
NGP_CELL_224,2024,21.05679,79.03027,Ward 6 (Satranjipura),25.93,-2.31,0.269,0.06,-0.526,0.15,Grass,0.97,43.9,115.2,308.4,1453.5,190.8,686.7,86.1,Cold Spot,Emerging
NGP_CELL_225,2019,21.09655,79.00748,Ward 10 (Sanjay Gandhi Nagar),30.39,-0.8,0.087,0.318,-0.262,0.131,Built-up,0.98,68.65,127.75,293.3,2444.2,2716.9,417.7,86.7,Not Significant,Emerging
NGP_CELL_225,2020,21.09655,79.00748,Ward 10 (Sanjay Gandhi Nagar),26.65,-3.31,0.392,-0.093,-0.315,0.171,Tree,0.97,26.77,202.36,293.3,2444.2,2716.9,417.7,98.3,Cold Spot,Emerging
NGP_CELL_225,2021,21.09655,79.00748,Ward 10 (Sanjay Gandhi Nagar),28.52,-2.42,0.285,0.04,-0.428,0.178,Crop,0.72,38.78,128.6,293.3,2444.2,2716.9,417.7,93.8,Cold Spot,Persistent
NGP_CELL_225,2022,21.09655,79.00748,Ward 10 (Sanjay Gandhi Nagar),31.61,-0.3,0.165,0.394,-0.476,0.189,Built-up,0.94,72.23,112.03,293.3,2444.2,2716.9,417.7,87.2,Not Significant,Diminishing
NGP_CELL_225,2023,21.09655,79.00748,Ward 10 (Sanjay Gandhi Nagar),27.73,-1.57,0.215,0.01,-0.206,0.17,Crop,0.93,46.12,120.03,293.3,2444.2,2716.9,417.7,98.5,Not Significant,Emerging
NGP_CELL_225,2024,21.09655,79.00748,Ward 10 (Sanjay Gandhi Nagar),29.34,-0.61,0.265,0.197,-0.429,0.174,Built-up,0.85,63.48,204.05,293.3,2444.2,2716.9,417.7,96.7,Cold Spot,Persistent
NGP_CELL_226,2019,21.13739,79.09225,Ward 5 (Dhantoli),27.24,-2.38,0.207,0.056,-0.269,0.157,Crop,0.98,49.1,61.05,289.6,4313.1,1867.4,654.2,89.3,Not Significant,Sporadic
NGP_CELL_226,2020,21.13739,79.09225,Ward 5 (Dhantoli),31.3,-0.98,0.141,0.173,-0.267,0.17,Built-up,0.73,59.56,68.84,289.6,4313.1,1867.4,654.2,97.4,Cold Spot,Persistent
NGP_CELL_226,2021,21.13739,79.09225,Ward 5 (Dhantoli),29.82,-1.77,0.18,0.098,-0.229,0.086,Crop,0.93,49.35,201.56,289.6,4313.1,1867.4,654.2,90.3,Not Significant,Persistent
NGP_CELL_226,2022,21.13739,79.09225,Ward 5 (Dhantoli),26.02,-3.09,0.324,0.014,-0.263,0.083,Bare,0.74,44.69,150.78,289.6,4313.1,1867.4,654.2,88.5,Not Significant,Emerging
NGP_CELL_226,2023,21.13739,79.09225,Ward 5 (Dhantoli),24.73,-3.07,0.282,-0.043,-0.274,0.132,Tree,0.79,30.24,204.72,289.6,4313.1,1867.4,654.2,87.4,Not Significant,Emerging
NGP_CELL_226,2024,21.13739,79.09225,Ward 5 (Dhantoli),29.35,-0.61,0.255,0.297,-0.313,0.168,Built-up,0.87,67.49,190.66,289.6,4313.1,1867.4,654.2,88.2,Not Significant,Sporadic
NGP_CELL_227,2019,21.09853,79.03787,Ward 7 (Mangalwari),27.42,-2.29,0.224,0.191,-0.413,0.145,Built-up,0.79,55.16,86.22,295.4,689.8,1073.5,711.4,89.4,Cold Spot,Persistent
NGP_CELL_227,2020,21.09853,79.03787,Ward 7 (Mangalwari),32.43,-0.41,0.2,0.327,-0.445,0.193,Built-up,0.65,66.4,145.05,295.4,689.8,1073.5,711.4,88.1,Not Significant,Sporadic
NGP_CELL_227,2021,21.09853,79.03787,Ward 7 (Mangalwari),25.14,-4.11,0.474,-0.061,-0.268,0.088,Tree,0.7,25.11,44.73,295.4,689.8,1073.5,711.4,89.0,Not Significant,Persistent
NGP_CELL_227,2022,21.09853,79.03787,Ward 7 (Mangalwari),28.37,-1.92,0.18,0.053,-0.26,0.242,Built-up,0.96,52.7,68.48,295.4,689.8,1073.5,711.4,89.2,Cold Spot,Persistent
NGP_CELL_227,2023,21.09853,79.03787,Ward 7 (Mangalwari),25.66,-2.6,0.273,0.065,-0.575,0.127,Crop,0.8,42.77,77.15,295.4,689.8,1073.5,711.4,85.6,Cold Spot,Persistent
NGP_CELL_227,2024,21.09853,79.03787,Ward 7 (Mangalwari),27.57,-1.49,0.187,0.18,-0.508,0.235,Built-up,0.89,66.69,103.59,295.4,689.8,1073.5,711.4,97.4,Cold Spot,Persistent
NGP_CELL_228,2019,21.16537,79.07288,Ward 5 (Dhantoli),26.84,-2.58,0.277,-0.023,-0.399,0.142,Crop,0.72,35.59,123.75,294.0,4722.5,2129.2,338.6,99.2,Not Significant,Persistent
NGP_CELL_228,2020,21.16537,79.07288,Ward 5 (Dhantoli),25.87,-3.7,0.308,-0.114,-0.572,0.081,Grass,0.83,37.79,132.41,294.0,4722.5,2129.2,338.6,98.7,Not Significant,Persistent
NGP_CELL_228,2021,21.16537,79.07288,Ward 5 (Dhantoli),31.04,-1.16,0.235,0.174,-0.523,0.155,Built-up,0.93,66.38,137.27,294.0,4722.5,2129.2,338.6,88.3,Not Significant,Persistent
NGP_CELL_228,2022,21.16537,79.07288,Ward 5 (Dhantoli),24.25,-3.98,0.333,-0.111,-0.351,0.095,Grass,0.86,26.41,207.41,294.0,4722.5,2129.2,338.6,93.2,Cold Spot,Persistent
NGP_CELL_228,2023,21.16537,79.07288,Ward 5 (Dhantoli),26.35,-2.26,0.314,0.148,-0.407,0.094,Grass,0.69,46.96,94.23,294.0,4722.5,2129.2,338.6,88.0,Cold Spot,Persistent
NGP_CELL_228,2024,21.16537,79.07288,Ward 5 (Dhantoli),28.87,-0.85,0.07,0.239,-0.257,0.183,Built-up,0.76,72.19,145.16,294.0,4722.5,2129.2,338.6,97.6,Not Significant,Persistent
NGP_CELL_229,2019,21.16274,79.11775,Ward 5 (Dhantoli),29.74,-1.13,0.133,0.213,-0.22,0.134,Built-up,0.8,57.41,43.63,317.1,4271.2,2491.5,56.9,94.7,Not Significant,Persistent
NGP_CELL_229,2020,21.16274,79.11775,Ward 5 (Dhantoli),23.01,-5.13,0.357,-0.325,-0.323,0.178,Grass,0.9,14.31,108.64,317.1,4271.2,2491.5,56.9,94.2,Cold Spot,Sporadic
NGP_CELL_229,2021,21.16274,79.11775,Ward 5 (Dhantoli),27.34,-3.01,0.299,0.013,-0.482,0.115,Grass,0.83,48.74,58.88,317.1,4271.2,2491.5,56.9,86.6,Cold Spot,Persistent
NGP_CELL_229,2022,21.16274,79.11775,Ward 5 (Dhantoli),28.31,-1.95,0.241,0.071,-0.368,0.226,Built-up,0.82,57.07,191.27,317.1,4271.2,2491.5,56.9,85.5,Hot Spot,Diminishing
NGP_CELL_229,2023,21.16274,79.11775,Ward 5 (Dhantoli),26.44,-2.21,0.251,0.136,-0.31,0.166,Built-up,0.73,59.9,169.97,317.1,4271.2,2491.5,56.9,93.9,Cold Spot,Sporadic
NGP_CELL_229,2024,21.16274,79.11775,Ward 5 (Dhantoli),25.79,-2.39,0.249,0.065,-0.392,0.148,Crop,0.67,45.87,140.05,317.1,4271.2,2491.5,56.9,85.7,Not Significant,Persistent
NGP_CELL_230,2019,21.11897,79.14698,Ward 3 (Dharampeth),25.47,-3.27,0.348,-0.057,-0.566,0.098,Crop,0.93,30.71,174.87,293.4,1126.4,1359.3,708.3,99.5,Not Significant,Sporadic
NGP_CELL_230,2020,21.11897,79.14698,Ward 3 (Dharampeth),25.11,-4.08,0.407,-0.006,-0.342,0.116,Bare,0.66,32.83,148.44,293.4,1126.4,1359.3,708.3,92.5,Not Significant,Emerging
NGP_CELL_230,2021,21.11897,79.14698,Ward 3 (Dharampeth),28.01,-2.68,0.317,0.043,-0.358,0.149,Crop,0.81,36.61,88.61,293.4,1126.4,1359.3,708.3,99.0,Not Significant,Sporadic
NGP_CELL_230,2022,21.11897,79.14698,Ward 3 (Dharampeth),31.38,-0.42,0.188,0.348,-0.211,0.166,Built-up,0.85,76.96,164.43,293.4,1126.4,1359.3,708.3,98.0,Hot Spot,Persistent
NGP_CELL_230,2023,21.11897,79.14698,Ward 3 (Dharampeth),22.34,-4.26,0.362,-0.141,-0.322,0.142,Grass,0.67,35.68,54.07,293.4,1126.4,1359.3,708.3,88.1,Not Significant,Sporadic
NGP_CELL_230,2024,21.11897,79.14698,Ward 3 (Dharampeth),24.15,-3.21,0.404,-0.132,-0.213,0.165,Bare,0.83,30.62,79.81,293.4,1126.4,1359.3,708.3,98.2,Not Significant,Emerging
NGP_CELL_231,2019,21.10652,79.01166,Ward 1 (Lakadganj),26.04,-2.98,0.336,-0.049,-0.336,0.138,Crop,0.81,26.02,64.08,286.8,3157.3,1790.6,53.8,87.5,Cold Spot,Diminishing
NGP_CELL_231,2020,21.10652,79.01166,Ward 1 (Lakadganj),32.3,-0.48,0.195,0.267,-0.485,0.14,Built-up,0.67,58.26,140.25,286.8,3157.3,1790.6,53.8,90.3,Not Significant,Persistent
NGP_CELL_231,2021,21.10652,79.01166,Ward 1 (Lakadganj),29.18,-2.09,0.27,0.104,-0.481,0.134,Tree,0.66,48.83,113.99,286.8,3157.3,1790.6,53.8,89.6,Not Significant,Emerging
NGP_CELL_231,2022,21.10652,79.01166,Ward 1 (Lakadganj),23.79,-4.21,0.386,-0.224,-0.388,0.134,Bare,0.65,18.62,210.78,286.8,3157.3,1790.6,53.8,87.7,Not Significant,Emerging
NGP_CELL_231,2023,21.10652,79.01166,Ward 1 (Lakadganj),25.7,-2.58,0.334,-0.021,-0.594,0.153,Crop,0.82,41.46,47.72,286.8,3157.3,1790.6,53.8,98.2,Not Significant,Emerging
NGP_CELL_231,2024,21.10652,79.01166,Ward 1 (Lakadganj),29.48,-0.54,0.21,0.244,-0.527,0.166,Built-up,0.66,56.25,206.83,286.8,3157.3,1790.6,53.8,90.0,Not Significant,Persistent
NGP_CELL_232,2019,21.09185,79.04423,Ward 8 (Gandhibagh),25.51,-3.25,0.459,-0.135,-0.554,0.164,Tree,0.7,24.13,167.88,283.5,2353.5,2257.5,289.5,99.1,Not Significant,Persistent
NGP_CELL_232,2020,21.09185,79.04423,Ward 8 (Gandhibagh),25.65,-3.8,0.439,-0.092,-0.579,0.158,Crop,0.91,23.41,146.8,283.5,2353.5,2257.5,289.5,94.2,Cold Spot,Diminishing
NGP_CELL_232,2021,21.09185,79.04423,Ward 8 (Gandhibagh),31.34,-1.01,0.172,0.324,-0.599,0.157,Built-up,0.85,64.55,98.43,283.5,2353.5,2257.5,289.5,98.6,Not Significant,Persistent
NGP_CELL_232,2022,21.09185,79.04423,Ward 8 (Gandhibagh),30.69,-0.76,0.243,0.297,-0.408,0.159,Built-up,0.77,65.94,126.61,283.5,2353.5,2257.5,289.5,92.0,Cold Spot,Sporadic
NGP_CELL_232,2023,21.09185,79.04423,Ward 8 (Gandhibagh),23.77,-3.55,0.406,-0.106,-0.203,0.168,Crop,0.97,27.62,134.9,283.5,2353.5,2257.5,289.5,95.5,Cold Spot,Persistent
NGP_CELL_232,2024,21.09185,79.04423,Ward 8 (Gandhibagh),26.1,-2.23,0.339,0.102,-0.218,0.174,Tree,0.94,40.23,184.41,283.5,2353.5,2257.5,289.5,97.2,Cold Spot,Emerging
NGP_CELL_233,2019,21.08365,79.03895,Ward 1 (Lakadganj),27.51,-2.25,0.23,-0.012,-0.329,0.09,Crop,0.9,35.87,97.54,296.5,3420.5,690.3,798.4,88.6,Not Significant,Emerging
NGP_CELL_233,2020,21.08365,79.03895,Ward 1 (Lakadganj),24.95,-4.16,0.401,-0.188,-0.324,0.122,Grass,0.89,25.23,99.71,296.5,3420.5,690.3,798.4,88.4,Not Significant,Sporadic
NGP_CELL_233,2021,21.08365,79.03895,Ward 1 (Lakadganj),23.31,-5.02,0.47,-0.314,-0.572,0.097,Grass,0.77,18.33,197.4,296.5,3420.5,690.3,798.4,97.3,Not Significant,Emerging
NGP_CELL_233,2022,21.08365,79.03895,Ward 1 (Lakadganj),31.55,-0.33,0.074,0.322,-0.447,0.207,Built-up,0.91,69.84,55.4,296.5,3420.5,690.3,798.4,87.7,Not Significant,Emerging
NGP_CELL_233,2023,21.08365,79.03895,Ward 1 (Lakadganj),21.92,-4.47,0.305,-0.216,-0.559,0.126,Crop,0.79,20.7,175.85,296.5,3420.5,690.3,798.4,92.0,Cold Spot,Emerging
NGP_CELL_233,2024,21.08365,79.03895,Ward 1 (Lakadganj),31.47,0.46,0.006,0.52,-0.537,0.123,Built-up,0.92,85.39,164.8,296.5,3420.5,690.3,798.4,99.7,Not Significant,Emerging
NGP_CELL_234,2019,21.19896,79.11558,Ward 6 (Satranjipura),24.26,-3.87,0.382,-0.077,-0.322,0.174,Bare,0.86,22.87,195.56,309.4,1366.2,2979.1,148.2,97.8,Cold Spot,Sporadic
NGP_CELL_234,2020,21.19896,79.11558,Ward 6 (Satranjipura),28.51,-2.38,0.278,0.136,-0.323,0.105,Crop,0.86,44.23,86.92,309.4,1366.2,2979.1,148.2,98.6,Cold Spot,Persistent
NGP_CELL_234,2021,21.19896,79.11558,Ward 6 (Satranjipura),25.91,-3.73,0.454,-0.111,-0.235,0.088,Grass,0.92,23.53,78.61,309.4,1366.2,2979.1,148.2,95.0,Not Significant,Emerging
NGP_CELL_234,2022,21.19896,79.11558,Ward 6 (Satranjipura),24.82,-3.7,0.428,-0.19,-0.428,0.157,Tree,0.92,21.91,40.2,309.4,1366.2,2979.1,148.2,92.2,Not Significant,Persistent
NGP_CELL_234,2023,21.19896,79.11558,Ward 6 (Satranjipura),23.62,-3.62,0.311,-0.099,-0.27,0.087,Tree,0.7,32.11,200.27,309.4,1366.2,2979.1,148.2,94.4,Not Significant,Persistent
NGP_CELL_234,2024,21.19896,79.11558,Ward 6 (Satranjipura),30.75,0.09,0.047,0.431,-0.442,0.197,Built-up,0.72,76.74,174.1,309.4,1366.2,2979.1,148.2,88.9,Not Significant,Persistent
NGP_CELL_235,2019,21.17661,79.03261,Ward 3 (Dharampeth),32.09,0.04,0.057,0.267,-0.464,0.139,Built-up,0.65,69.54,134.99,311.1,1719.9,1985.7,92.2,98.0,Not Significant,Persistent
NGP_CELL_235,2020,21.17661,79.03261,Ward 3 (Dharampeth),32.35,-0.46,0.108,0.204,-0.318,0.173,Built-up,0.97,70.15,69.8,311.1,1719.9,1985.7,92.2,99.5,Not Significant,Diminishing
NGP_CELL_235,2021,21.17661,79.03261,Ward 3 (Dharampeth),29.41,-1.98,0.225,0.017,-0.21,0.104,Bare,0.91,49.72,185.01,311.1,1719.9,1985.7,92.2,99.1,Not Significant,Persistent
NGP_CELL_235,2022,21.17661,79.03261,Ward 3 (Dharampeth),30.47,-0.87,0.263,0.263,-0.542,0.124,Built-up,0.84,64.67,46.36,311.1,1719.9,1985.7,92.2,86.7,Not Significant,Diminishing
NGP_CELL_235,2023,21.17661,79.03261,Ward 3 (Dharampeth),29.22,-0.82,0.157,0.119,-0.349,0.245,Built-up,0.82,52.77,170.81,311.1,1719.9,1985.7,92.2,93.8,Cold Spot,Diminishing
NGP_CELL_235,2024,21.17661,79.03261,Ward 3 (Dharampeth),26.02,-2.27,0.255,0.175,-0.353,0.138,Built-up,0.84,61.8,62.37,311.1,1719.9,1985.7,92.2,85.6,Not Significant,Diminishing
NGP_CELL_236,2019,21.09644,79.00877,Ward 10 (Sanjay Gandhi Nagar),25.66,-3.17,0.265,-0.087,-0.278,0.092,Crop,0.81,33.22,67.92,291.0,1994.9,825.5,141.9,91.7,Not Significant,Persistent
NGP_CELL_236,2020,21.09644,79.00877,Ward 10 (Sanjay Gandhi Nagar),27.65,-2.81,0.228,0.053,-0.593,0.098,Tree,0.79,41.86,135.79,291.0,1994.9,825.5,141.9,88.4,Not Significant,Emerging
NGP_CELL_236,2021,21.09644,79.00877,Ward 10 (Sanjay Gandhi Nagar),26.38,-3.49,0.399,-0.054,-0.29,0.099,Tree,0.81,27.28,133.71,291.0,1994.9,825.5,141.9,91.2,Not Significant,Persistent
NGP_CELL_236,2022,21.09644,79.00877,Ward 10 (Sanjay Gandhi Nagar),31.07,-0.57,0.148,0.364,-0.498,0.238,Built-up,0.88,69.6,198.05,291.0,1994.9,825.5,141.9,94.6,Not Significant,Sporadic
NGP_CELL_236,2023,21.09644,79.00877,Ward 10 (Sanjay Gandhi Nagar),31.03,0.08,0.104,0.434,-0.535,0.138,Built-up,0.9,74.99,100.67,291.0,1994.9,825.5,141.9,95.0,Cold Spot,Persistent
NGP_CELL_236,2024,21.09644,79.00877,Ward 10 (Sanjay Gandhi Nagar),25.5,-2.53,0.192,-0.015,-0.39,0.106,Crop,0.9,46.56,61.93,291.0,1994.9,825.5,141.9,90.6,Not Significant,Persistent
NGP_CELL_237,2019,21.1048,79.03141,Ward 4 (Hanuman Nagar),28.66,-1.67,0.325,0.136,-0.425,0.132,Built-up,0.69,50.7,191.69,314.9,1517.8,2253.6,681.2,95.9,Cold Spot,Emerging
NGP_CELL_237,2020,21.1048,79.03141,Ward 4 (Hanuman Nagar),24.15,-4.56,0.467,-0.275,-0.22,0.174,Crop,0.65,12.56,98.8,314.9,1517.8,2253.6,681.2,87.7,Cold Spot,Persistent
NGP_CELL_237,2021,21.1048,79.03141,Ward 4 (Hanuman Nagar),30.43,-1.47,0.285,0.166,-0.49,0.186,Built-up,0.73,59.37,53.35,314.9,1517.8,2253.6,681.2,98.2,Cold Spot,Emerging
NGP_CELL_237,2022,21.1048,79.03141,Ward 4 (Hanuman Nagar),24.7,-3.76,0.35,-0.135,-0.339,0.083,Crop,0.71,24.68,210.79,314.9,1517.8,2253.6,681.2,93.2,Not Significant,Persistent
NGP_CELL_237,2023,21.1048,79.03141,Ward 4 (Hanuman Nagar),24.01,-3.43,0.269,-0.053,-0.442,0.09,Grass,0.75,29.81,170.66,314.9,1517.8,2253.6,681.2,87.8,Not Significant,Persistent
NGP_CELL_237,2024,21.1048,79.03141,Ward 4 (Hanuman Nagar),25.27,-2.65,0.231,0.07,-0.56,0.16,Crop,0.92,41.03,120.41,314.9,1517.8,2253.6,681.2,86.8,Cold Spot,Sporadic
NGP_CELL_238,2019,21.17291,79.08286,Ward 7 (Mangalwari),25.88,-3.06,0.409,-0.068,-0.321,0.133,Tree,0.75,23.93,156.72,319.6,3057.1,1840.6,604.0,91.1,Cold Spot,Persistent
NGP_CELL_238,2020,21.17291,79.08286,Ward 7 (Mangalwari),29.19,-2.04,0.328,0.129,-0.524,0.202,Built-up,0.66,52.24,144.73,319.6,3057.1,1840.6,604.0,93.3,Not Significant,Persistent
NGP_CELL_238,2021,21.17291,79.08286,Ward 7 (Mangalwari),29.7,-1.83,0.284,0.19,-0.225,0.148,Built-up,0.83,55.37,213.71,319.6,3057.1,1840.6,604.0,96.1,Not Significant,Persistent
NGP_CELL_238,2022,21.17291,79.08286,Ward 7 (Mangalwari),30.34,-0.94,0.156,0.273,-0.381,0.221,Built-up,0.75,70.52,91.79,319.6,3057.1,1840.6,604.0,95.1,Not Significant,Emerging
NGP_CELL_238,2023,21.17291,79.08286,Ward 7 (Mangalwari),29.74,-0.56,0.232,0.301,-0.341,0.24,Built-up,0.86,65.23,55.44,319.6,3057.1,1840.6,604.0,86.3,Not Significant,Emerging
NGP_CELL_238,2024,21.17291,79.08286,Ward 7 (Mangalwari),25.25,-2.65,0.196,0.018,-0.267,0.229,Built-up,0.72,50.97,46.39,319.6,3057.1,1840.6,604.0,97.5,Cold Spot,Emerging
NGP_CELL_239,2019,21.05216,79.12719,Ward 7 (Mangalwari),24.76,-3.62,0.282,-0.16,-0.307,0.154,Grass,0.76,27.48,174.28,301.2,3655.7,287.5,423.9,96.9,Cold Spot,Persistent
NGP_CELL_239,2020,21.05216,79.12719,Ward 7 (Mangalwari),29.0,-2.13,0.278,0.163,-0.248,0.128,Tree,0.83,47.93,163.94,301.2,3655.7,287.5,423.9,90.4,Cold Spot,Persistent
NGP_CELL_239,2021,21.05216,79.12719,Ward 7 (Mangalwari),29.23,-2.06,0.212,0.099,-0.401,0.11,Crop,0.67,49.5,82.22,301.2,3655.7,287.5,423.9,98.2,Not Significant,Persistent
NGP_CELL_239,2022,21.05216,79.12719,Ward 7 (Mangalwari),32.43,0.11,0.122,0.34,-0.312,0.206,Built-up,0.86,69.03,34.22,301.2,3655.7,287.5,423.9,96.5,Not Significant,Persistent
NGP_CELL_239,2023,21.05216,79.12719,Ward 7 (Mangalwari),28.36,-1.25,0.25,0.203,-0.341,0.245,Built-up,0.79,68.96,111.47,301.2,3655.7,287.5,423.9,89.8,Not Significant,Persistent
NGP_CELL_239,2024,21.05216,79.12719,Ward 7 (Mangalwari),27.89,-1.33,0.222,0.005,-0.579,0.154,Bare,0.95,38.11,68.25,301.2,3655.7,287.5,423.9,86.7,Not Significant,Diminishing
NGP_CELL_240,2019,21.15888,79.14278,Ward 1 (Lakadganj),28.86,-1.57,0.112,0.195,-0.246,0.21,Built-up,0.65,64.29,43.43,307.7,1316.1,2774.7,145.3,85.9,Not Significant,Persistent
NGP_CELL_240,2020,21.15888,79.14278,Ward 1 (Lakadganj),27.44,-2.91,0.252,-0.142,-0.209,0.1,Tree,0.69,35.14,110.0,307.7,1316.1,2774.7,145.3,86.7,Not Significant,Persistent
NGP_CELL_240,2021,21.15888,79.14278,Ward 1 (Lakadganj),28.77,-2.3,0.302,0.068,-0.232,0.134,Built-up,0.78,53.25,42.22,307.7,1316.1,2774.7,145.3,85.6,Not Significant,Sporadic
NGP_CELL_240,2022,21.15888,79.14278,Ward 1 (Lakadganj),31.47,-0.37,0.126,0.251,-0.273,0.191,Built-up,0.95,60.97,182.98,307.7,1316.1,2774.7,145.3,95.1,Not Significant,Persistent
NGP_CELL_240,2023,21.15888,79.14278,Ward 1 (Lakadganj),27.43,-1.72,0.28,0.183,-0.448,0.217,Built-up,0.69,51.22,113.99,307.7,1316.1,2774.7,145.3,86.7,Cold Spot,Emerging
NGP_CELL_240,2024,21.15888,79.14278,Ward 1 (Lakadganj),26.08,-2.24,0.323,0.177,-0.579,0.247,Built-up,0.71,54.65,141.3,307.7,1316.1,2774.7,145.3,94.1,Not Significant,Persistent
NGP_CELL_241,2019,21.13596,79.01359,Ward 1 (Lakadganj),24.22,-3.89,0.291,-0.108,-0.242,0.138,Tree,0.92,37.25,59.75,282.9,4911.4,2850.8,682.0,98.1,Not Significant,Persistent
NGP_CELL_241,2020,21.13596,79.01359,Ward 1 (Lakadganj),30.27,-1.5,0.189,0.101,-0.444,0.114,Crop,0.84,45.17,149.25,282.9,4911.4,2850.8,682.0,92.9,Not Significant,Persistent
NGP_CELL_241,2021,21.13596,79.01359,Ward 1 (Lakadganj),30.2,-1.58,0.136,0.076,-0.391,0.14,Built-up,0.95,56.4,61.66,282.9,4911.4,2850.8,682.0,89.5,Cold Spot,Sporadic
NGP_CELL_241,2022,21.13596,79.01359,Ward 1 (Lakadganj),29.74,-1.24,0.247,0.152,-0.352,0.203,Built-up,0.84,53.52,153.6,282.9,4911.4,2850.8,682.0,99.5,Cold Spot,Emerging
NGP_CELL_241,2023,21.13596,79.01359,Ward 1 (Lakadganj),22.15,-4.36,0.397,-0.144,-0.539,0.142,Tree,0.97,27.8,170.45,282.9,4911.4,2850.8,682.0,92.1,Not Significant,Emerging
NGP_CELL_241,2024,21.13596,79.01359,Ward 1 (Lakadganj),27.63,-1.47,0.189,0.028,-0.3,0.167,Built-up,0.76,50.72,156.34,282.9,4911.4,2850.8,682.0,93.3,Cold Spot,Sporadic
NGP_CELL_242,2019,21.18588,79.13927,Ward 9 (Nehru Nagar),29.46,-1.27,0.169,0.315,-0.488,0.201,Built-up,0.74,64.86,62.0,301.4,3542.2,656.4,570.2,92.7,Cold Spot,Emerging
NGP_CELL_242,2020,21.18588,79.13927,Ward 9 (Nehru Nagar),24.09,-4.59,0.414,-0.247,-0.293,0.118,Grass,0.76,20.13,59.98,301.4,3542.2,656.4,570.2,96.3,Hot Spot,Persistent
NGP_CELL_242,2021,21.18588,79.13927,Ward 9 (Nehru Nagar),26.41,-3.47,0.384,-0.058,-0.419,0.152,Grass,0.9,34.55,132.81,301.4,3542.2,656.4,570.2,89.1,Not Significant,Sporadic
NGP_CELL_242,2022,21.18588,79.13927,Ward 9 (Nehru Nagar),30.75,-0.73,0.118,0.267,-0.328,0.199,Built-up,0.65,67.5,173.05,301.4,3542.2,656.4,570.2,99.8,Not Significant,Diminishing
NGP_CELL_242,2023,21.18588,79.13927,Ward 9 (Nehru Nagar),24.92,-2.97,0.424,-0.114,-0.313,0.137,Crop,0.85,33.31,221.96,301.4,3542.2,656.4,570.2,91.0,Cold Spot,Persistent
NGP_CELL_242,2024,21.18588,79.13927,Ward 9 (Nehru Nagar),30.65,0.04,0.042,0.379,-0.409,0.249,Built-up,0.86,81.98,104.29,301.4,3542.2,656.4,570.2,93.6,Not Significant,Emerging
NGP_CELL_243,2019,21.077,79.02989,Ward 5 (Dhantoli),26.27,-2.87,0.311,0.015,-0.457,0.179,Grass,0.91,41.57,127.3,282.5,1830.7,2866.1,314.8,85.2,Not Significant,Sporadic
NGP_CELL_243,2020,21.077,79.02989,Ward 5 (Dhantoli),30.61,-1.32,0.196,0.075,-0.377,0.139,Grass,0.98,42.93,28.11,282.5,1830.7,2866.1,314.8,93.1,Not Significant,Persistent
NGP_CELL_243,2021,21.077,79.02989,Ward 5 (Dhantoli),30.04,-1.66,0.228,0.035,-0.229,0.211,Built-up,0.95,52.88,81.86,282.5,1830.7,2866.1,314.8,91.4,Not Significant,Sporadic
NGP_CELL_243,2022,21.077,79.02989,Ward 5 (Dhantoli),21.97,-5.12,0.48,-0.219,-0.467,0.083,Tree,0.72,23.6,32.14,282.5,1830.7,2866.1,314.8,94.1,Not Significant,Persistent
NGP_CELL_243,2023,21.077,79.02989,Ward 5 (Dhantoli),28.99,-0.94,0.221,0.13,-0.482,0.162,Built-up,0.91,61.68,198.07,282.5,1830.7,2866.1,314.8,96.2,Cold Spot,Persistent
NGP_CELL_243,2024,21.077,79.02989,Ward 5 (Dhantoli),24.79,-2.88,0.324,-0.033,-0.405,0.122,Grass,0.88,38.94,233.28,282.5,1830.7,2866.1,314.8,97.4,Not Significant,Persistent
NGP_CELL_244,2019,21.16623,79.12816,Ward 4 (Hanuman Nagar),22.94,-4.53,0.396,-0.28,-0.555,0.145,Grass,0.7,11.75,74.6,306.7,303.4,1590.7,37.9,98.9,Not Significant,Sporadic
NGP_CELL_244,2020,21.16623,79.12816,Ward 4 (Hanuman Nagar),28.99,-2.14,0.297,-0.061,-0.413,0.088,Crop,0.88,41.9,107.78,306.7,303.4,1590.7,37.9,95.2,Not Significant,Sporadic
NGP_CELL_244,2021,21.16623,79.12816,Ward 4 (Hanuman Nagar),26.19,-3.59,0.392,-0.128,-0.32,0.166,Bare,0.7,24.12,137.23,306.7,303.4,1590.7,37.9,96.0,Cold Spot,Persistent
NGP_CELL_244,2022,21.16623,79.12816,Ward 4 (Hanuman Nagar),25.08,-3.57,0.361,-0.171,-0.472,0.104,Grass,0.8,19.89,128.41,306.7,303.4,1590.7,37.9,90.1,Not Significant,Emerging
NGP_CELL_244,2023,21.16623,79.12816,Ward 4 (Hanuman Nagar),26.11,-2.38,0.219,0.04,-0.423,0.095,Crop,0.89,39.03,54.64,306.7,303.4,1590.7,37.9,86.1,Not Significant,Persistent
NGP_CELL_244,2024,21.16623,79.12816,Ward 4 (Hanuman Nagar),24.88,-2.84,0.443,-0.048,-0.293,0.101,Bare,0.94,31.47,125.39,306.7,303.4,1590.7,37.9,92.3,Cold Spot,Diminishing
NGP_CELL_245,2019,21.17712,79.01623,Ward 2 (Ashinagar),31.81,-0.1,0.099,0.281,-0.237,0.196,Built-up,0.84,65.91,131.66,310.9,1741.1,2072.4,2.0,99.8,Hot Spot,Persistent
NGP_CELL_245,2020,21.17712,79.01623,Ward 2 (Ashinagar),27.62,-2.82,0.28,-0.091,-0.503,0.141,Crop,0.91,27.24,173.02,310.9,1741.1,2072.4,2.0,99.5,Not Significant,Emerging
NGP_CELL_245,2021,21.17712,79.01623,Ward 2 (Ashinagar),31.56,-0.9,0.23,0.248,-0.364,0.198,Built-up,0.69,66.42,79.73,310.9,1741.1,2072.4,2.0,98.7,Not Significant,Persistent
NGP_CELL_245,2022,21.17712,79.01623,Ward 2 (Ashinagar),29.23,-1.49,0.247,0.203,-0.325,0.216,Built-up,0.76,61.12,102.27,310.9,1741.1,2072.4,2.0,96.7,Not Significant,Diminishing
NGP_CELL_245,2023,21.17712,79.01623,Ward 2 (Ashinagar),23.54,-3.66,0.318,-0.186,-0.28,0.178,Crop,0.86,20.12,186.02,310.9,1741.1,2072.4,2.0,85.6,Cold Spot,Emerging
NGP_CELL_245,2024,21.17712,79.01623,Ward 2 (Ashinagar),30.58,0.01,0.169,0.291,-0.279,0.159,Built-up,0.9,69.4,210.96,310.9,1741.1,2072.4,2.0,86.5,Not Significant,Emerging
NGP_CELL_246,2019,21.16958,79.14525,Ward 4 (Hanuman Nagar),28.35,-1.83,0.191,0.155,-0.314,0.176,Built-up,0.84,52.75,49.07,303.7,3409.6,2957.5,754.2,87.4,Cold Spot,Sporadic
NGP_CELL_246,2020,21.16958,79.14525,Ward 4 (Hanuman Nagar),24.11,-4.58,0.468,-0.264,-0.232,0.123,Grass,0.84,17.97,66.85,303.7,3409.6,2957.5,754.2,93.8,Not Significant,Persistent
NGP_CELL_246,2021,21.16958,79.14525,Ward 4 (Hanuman Nagar),25.65,-3.86,0.268,-0.173,-0.478,0.166,Bare,0.93,29.51,156.58,303.7,3409.6,2957.5,754.2,91.2,Not Significant,Sporadic
NGP_CELL_246,2022,21.16958,79.14525,Ward 4 (Hanuman Nagar),27.55,-2.33,0.269,0.002,-0.236,0.129,Crop,0.73,41.3,146.54,303.7,3409.6,2957.5,754.2,92.7,Not Significant,Diminishing
NGP_CELL_246,2023,21.16958,79.14525,Ward 4 (Hanuman Nagar),25.84,-2.51,0.243,-0.01,-0.586,0.161,Crop,0.85,42.72,197.49,303.7,3409.6,2957.5,754.2,86.2,Cold Spot,Persistent
NGP_CELL_246,2024,21.16958,79.14525,Ward 4 (Hanuman Nagar),27.55,-1.51,0.231,0.222,-0.229,0.247,Built-up,0.96,56.13,72.01,303.7,3409.6,2957.5,754.2,98.5,Not Significant,Sporadic
NGP_CELL_247,2019,21.17186,79.12558,Ward 6 (Satranjipura),23.35,-4.32,0.397,-0.185,-0.46,0.111,Grass,0.68,23.95,110.12,318.2,3892.7,2305.1,67.1,94.6,Not Significant,Emerging
NGP_CELL_247,2020,21.17186,79.12558,Ward 6 (Satranjipura),26.59,-3.34,0.333,-0.051,-0.418,0.143,Crop,0.75,29.36,177.25,318.2,3892.7,2305.1,67.1,95.7,Not Significant,Persistent
NGP_CELL_247,2021,21.17186,79.12558,Ward 6 (Satranjipura),31.63,-0.87,0.089,0.321,-0.55,0.184,Built-up,0.81,74.2,161.04,318.2,3892.7,2305.1,67.1,99.0,Cold Spot,Persistent
NGP_CELL_247,2022,21.17186,79.12558,Ward 6 (Satranjipura),25.55,-3.33,0.309,-0.101,-0.464,0.085,Tree,0.67,27.12,90.18,318.2,3892.7,2305.1,67.1,98.0,Cold Spot,Sporadic
NGP_CELL_247,2023,21.17186,79.12558,Ward 6 (Satranjipura),26.85,-2.01,0.279,0.152,-0.323,0.105,Crop,0.78,46.8,182.56,318.2,3892.7,2305.1,67.1,89.0,Cold Spot,Emerging
NGP_CELL_247,2024,21.17186,79.12558,Ward 6 (Satranjipura),23.19,-3.68,0.436,-0.055,-0.337,0.086,Tree,0.68,27.77,151.24,318.2,3892.7,2305.1,67.1,90.9,Cold Spot,Emerging
NGP_CELL_248,2019,21.12842,79.07217,Ward 4 (Hanuman Nagar),29.3,-1.35,0.222,0.214,-0.453,0.179,Built-up,0.84,65.58,55.44,311.2,1620.1,1292.9,384.6,88.5,Not Significant,Emerging
NGP_CELL_248,2020,21.12842,79.07217,Ward 4 (Hanuman Nagar),24.71,-4.27,0.362,-0.287,-0.282,0.134,Tree,0.72,15.83,159.93,311.2,1620.1,1292.9,384.6,96.5,Not Significant,Persistent
NGP_CELL_248,2021,21.12842,79.07217,Ward 4 (Hanuman Nagar),31.35,-1.01,0.174,0.294,-0.473,0.25,Built-up,0.85,70.93,118.78,311.2,1620.1,1292.9,384.6,92.8,Hot Spot,Persistent
NGP_CELL_248,2022,21.12842,79.07217,Ward 4 (Hanuman Nagar),27.19,-2.51,0.214,-0.007,-0.3,0.168,Tree,0.83,44.57,219.39,311.2,1620.1,1292.9,384.6,94.9,Cold Spot,Sporadic
NGP_CELL_248,2023,21.12842,79.07217,Ward 4 (Hanuman Nagar),30.03,-0.42,0.171,0.359,-0.201,0.225,Built-up,0.75,75.6,112.47,311.2,1620.1,1292.9,384.6,89.7,Not Significant,Emerging
NGP_CELL_248,2024,21.12842,79.07217,Ward 4 (Hanuman Nagar),29.86,-0.35,0.242,0.262,-0.234,0.209,Built-up,0.78,71.11,191.74,311.2,1620.1,1292.9,384.6,96.1,Not Significant,Diminishing
NGP_CELL_249,2019,21.14694,79.02676,Ward 8 (Gandhibagh),28.27,-1.87,0.21,0.021,-0.213,0.142,Crop,0.86,47.5,164.6,294.2,1653.1,1110.6,75.2,89.6,Cold Spot,Persistent
NGP_CELL_249,2020,21.14694,79.02676,Ward 8 (Gandhibagh),27.16,-3.05,0.3,-0.032,-0.594,0.113,Tree,0.77,30.16,136.74,294.2,1653.1,1110.6,75.2,91.4,Not Significant,Emerging
NGP_CELL_249,2021,21.14694,79.02676,Ward 8 (Gandhibagh),26.33,-3.52,0.318,-0.138,-0.363,0.116,Tree,0.78,30.52,110.6,294.2,1653.1,1110.6,75.2,98.0,Cold Spot,Sporadic
NGP_CELL_249,2022,21.14694,79.02676,Ward 8 (Gandhibagh),25.7,-3.26,0.32,-0.058,-0.216,0.099,Crop,0.85,34.97,45.2,294.2,1653.1,1110.6,75.2,87.4,Not Significant,Persistent
NGP_CELL_249,2023,21.14694,79.02676,Ward 8 (Gandhibagh),26.13,-2.37,0.309,0.017,-0.454,0.148,Tree,0.75,48.78,106.14,294.2,1653.1,1110.6,75.2,88.0,Cold Spot,Sporadic
NGP_CELL_249,2024,21.14694,79.02676,Ward 8 (Gandhibagh),24.81,-2.88,0.327,-0.049,-0.548,0.16,Crop,0.72,30.27,206.55,294.2,1653.1,1110.6,75.2,88.1,Not Significant,Sporadic
NGP_CELL_250,2019,21.07901,79.03628,Ward 1 (Lakadganj),22.07,-4.97,0.425,-0.356,-0.389,0.159,Tree,0.86,12.81,62.28,280.4,4881.6,1875.1,123.2,87.2,Not Significant,Emerging
NGP_CELL_250,2020,21.07901,79.03628,Ward 1 (Lakadganj),27.24,-3.01,0.363,-0.024,-0.356,0.141,Bare,0.68,46.6,31.9,280.4,4881.6,1875.1,123.2,92.5,Cold Spot,Emerging
NGP_CELL_250,2021,21.07901,79.03628,Ward 1 (Lakadganj),27.14,-3.11,0.185,-0.009,-0.249,0.14,Grass,0.89,43.09,75.48,280.4,4881.6,1875.1,123.2,96.1,Not Significant,Persistent
NGP_CELL_250,2022,21.07901,79.03628,Ward 1 (Lakadganj),25.76,-3.23,0.374,-0.032,-0.291,0.139,Tree,0.79,29.79,215.35,280.4,4881.6,1875.1,123.2,89.1,Not Significant,Emerging
NGP_CELL_250,2023,21.07901,79.03628,Ward 1 (Lakadganj),31.35,0.24,0.011,0.296,-0.293,0.246,Built-up,0.76,79.19,195.33,280.4,4881.6,1875.1,123.2,93.4,Not Significant,Sporadic
NGP_CELL_250,2024,21.07901,79.03628,Ward 1 (Lakadganj),26.81,-1.87,0.147,0.172,-0.328,0.171,Built-up,0.79,63.42,93.07,280.4,4881.6,1875.1,123.2,96.9,Cold Spot,Emerging
NGP_CELL_251,2019,21.14747,79.14114,Ward 6 (Satranjipura),25.18,-3.41,0.45,-0.095,-0.533,0.105,Bare,0.78,25.24,179.62,293.6,4586.0,2266.8,524.9,88.8,Not Significant,Persistent
NGP_CELL_251,2020,21.14747,79.14114,Ward 6 (Satranjipura),33.17,-0.05,0.197,0.353,-0.457,0.158,Built-up,0.76,72.83,93.43,293.6,4586.0,2266.8,524.9,96.4,Cold Spot,Emerging
NGP_CELL_251,2021,21.14747,79.14114,Ward 6 (Satranjipura),25.93,-3.72,0.429,-0.182,-0.559,0.136,Tree,0.72,27.96,146.1,293.6,4586.0,2266.8,524.9,91.3,Not Significant,Sporadic
NGP_CELL_251,2022,21.14747,79.14114,Ward 6 (Satranjipura),28.51,-1.85,0.223,0.097,-0.312,0.242,Built-up,0.79,50.07,223.16,293.6,4586.0,2266.8,524.9,89.6,Not Significant,Emerging
NGP_CELL_251,2023,21.14747,79.14114,Ward 6 (Satranjipura),28.31,-1.28,0.29,0.065,-0.216,0.167,Grass,0.79,40.38,107.77,293.6,4586.0,2266.8,524.9,89.2,Not Significant,Sporadic
NGP_CELL_251,2024,21.14747,79.14114,Ward 6 (Satranjipura),29.21,-0.68,0.209,0.211,-0.484,0.223,Built-up,0.93,58.79,78.69,293.6,4586.0,2266.8,524.9,94.0,Not Significant,Persistent
NGP_CELL_252,2019,21.11457,79.03115,Ward 3 (Dharampeth),27.05,-2.47,0.307,0.037,-0.508,0.178,Crop,0.87,45.52,36.27,293.4,3496.7,1423.8,415.1,92.3,Cold Spot,Emerging
NGP_CELL_252,2020,21.11457,79.03115,Ward 3 (Dharampeth),24.26,-4.5,0.32,-0.284,-0.288,0.138,Bare,0.84,16.09,173.69,293.4,3496.7,1423.8,415.1,99.6,Not Significant,Sporadic
NGP_CELL_252,2021,21.11457,79.03115,Ward 3 (Dharampeth),27.5,-2.93,0.256,0.032,-0.25,0.095,Bare,0.65,48.53,123.2,293.4,3496.7,1423.8,415.1,90.3,Not Significant,Persistent
NGP_CELL_252,2022,21.11457,79.03115,Ward 3 (Dharampeth),24.82,-3.69,0.491,-0.135,-0.273,0.179,Crop,0.88,19.32,128.38,293.4,3496.7,1423.8,415.1,99.0,Cold Spot,Persistent
NGP_CELL_252,2023,21.11457,79.03115,Ward 3 (Dharampeth),28.21,-1.33,0.188,0.146,-0.589,0.214,Built-up,0.8,60.37,87.37,293.4,3496.7,1423.8,415.1,91.5,Cold Spot,Persistent
NGP_CELL_252,2024,21.11457,79.03115,Ward 3 (Dharampeth),25.77,-2.4,0.243,0.112,-0.417,0.248,Built-up,0.72,58.83,164.2,293.4,3496.7,1423.8,415.1,92.7,Not Significant,Emerging
NGP_CELL_253,2019,21.17749,79.03236,Ward 2 (Ashinagar),26.75,-2.63,0.176,0.097,-0.333,0.166,Built-up,0.84,54.24,109.43,286.0,4574.5,2311.4,6.2,89.6,Not Significant,Diminishing
NGP_CELL_253,2020,21.17749,79.03236,Ward 2 (Ashinagar),28.85,-2.21,0.244,-0.015,-0.554,0.136,Bare,0.83,33.03,151.37,286.0,4574.5,2311.4,6.2,91.1,Not Significant,Persistent
NGP_CELL_253,2021,21.17749,79.03236,Ward 2 (Ashinagar),27.74,-2.81,0.291,0.004,-0.365,0.133,Bare,0.77,38.55,53.96,286.0,4574.5,2311.4,6.2,97.0,Not Significant,Diminishing
NGP_CELL_253,2022,21.17749,79.03236,Ward 2 (Ashinagar),26.48,-2.87,0.26,-0.012,-0.242,0.178,Grass,0.72,47.54,170.48,286.0,4574.5,2311.4,6.2,87.2,Cold Spot,Persistent
NGP_CELL_253,2023,21.17749,79.03236,Ward 2 (Ashinagar),31.03,0.08,0.169,0.295,-0.284,0.132,Built-up,0.89,64.96,134.93,286.0,4574.5,2311.4,6.2,92.8,Cold Spot,Diminishing
NGP_CELL_253,2024,21.17749,79.03236,Ward 2 (Ashinagar),32.36,0.9,0.139,0.477,-0.538,0.153,Built-up,0.76,89.39,182.5,286.0,4574.5,2311.4,6.2,98.4,Not Significant,Sporadic
NGP_CELL_254,2019,21.079,79.13513,Ward 7 (Mangalwari),25.22,-3.39,0.252,-0.018,-0.596,0.134,Grass,0.96,48.04,185.21,307.9,3757.8,2948.5,7.6,91.0,Not Significant,Persistent
NGP_CELL_254,2020,21.079,79.13513,Ward 7 (Mangalwari),29.47,-1.9,0.133,0.217,-0.559,0.154,Built-up,0.9,65.08,114.59,307.9,3757.8,2948.5,7.6,87.0,Not Significant,Persistent
NGP_CELL_254,2021,21.079,79.13513,Ward 7 (Mangalwari),30.12,-1.62,0.174,0.143,-0.47,0.23,Built-up,0.91,55.99,158.55,307.9,3757.8,2948.5,7.6,85.1,Not Significant,Persistent
NGP_CELL_254,2022,21.079,79.13513,Ward 7 (Mangalwari),24.15,-4.03,0.395,-0.233,-0.478,0.16,Grass,0.83,20.84,131.47,307.9,3757.8,2948.5,7.6,91.7,Cold Spot,Persistent
NGP_CELL_254,2023,21.079,79.13513,Ward 7 (Mangalwari),25.6,-2.63,0.179,0.011,-0.324,0.139,Tree,0.82,47.95,156.93,307.9,3757.8,2948.5,7.6,99.1,Not Significant,Sporadic
NGP_CELL_254,2024,21.079,79.13513,Ward 7 (Mangalwari),25.71,-2.42,0.377,0.056,-0.583,0.099,Crop,0.87,40.89,182.51,307.9,3757.8,2948.5,7.6,95.0,Cold Spot,Sporadic
NGP_CELL_255,2019,21.18026,79.09395,Ward 5 (Dhantoli),21.58,-5.21,0.368,-0.324,-0.556,0.132,Tree,0.76,14.1,81.25,312.1,2703.7,474.8,378.2,89.3,Cold Spot,Persistent
NGP_CELL_255,2020,21.18026,79.09395,Ward 5 (Dhantoli),26.76,-3.25,0.316,-0.085,-0.261,0.142,Bare,0.77,30.05,145.21,312.1,2703.7,474.8,378.2,94.5,Cold Spot,Persistent
NGP_CELL_255,2021,21.18026,79.09395,Ward 5 (Dhantoli),24.9,-4.23,0.389,-0.142,-0.252,0.174,Crop,0.96,32.73,86.22,312.1,2703.7,474.8,378.2,92.3,Cold Spot,Sporadic
NGP_CELL_255,2022,21.18026,79.09395,Ward 5 (Dhantoli),28.54,-1.84,0.116,0.077,-0.552,0.191,Built-up,0.96,57.66,197.09,312.1,2703.7,474.8,378.2,99.3,Not Significant,Emerging
NGP_CELL_255,2023,21.18026,79.09395,Ward 5 (Dhantoli),24.96,-2.95,0.323,-0.065,-0.479,0.102,Crop,0.8,26.38,179.7,312.1,2703.7,474.8,378.2,90.2,Cold Spot,Persistent
NGP_CELL_255,2024,21.18026,79.09395,Ward 5 (Dhantoli),23.85,-3.36,0.415,-0.07,-0.395,0.107,Bare,0.68,32.29,145.84,312.1,2703.7,474.8,378.2,97.4,Cold Spot,Persistent
NGP_CELL_256,2019,21.13333,79.13008,Ward 5 (Dhantoli),28.23,-1.88,0.25,0.206,-0.453,0.232,Built-up,0.84,57.85,93.44,317.6,3093.4,2644.8,106.9,90.0,Not Significant,Persistent
NGP_CELL_256,2020,21.13333,79.13008,Ward 5 (Dhantoli),27.7,-2.78,0.318,-0.037,-0.478,0.112,Crop,0.72,45.09,86.37,317.6,3093.4,2644.8,106.9,99.4,Not Significant,Diminishing
NGP_CELL_256,2021,21.13333,79.13008,Ward 5 (Dhantoli),24.66,-4.35,0.415,-0.178,-0.576,0.14,Tree,0.78,15.36,178.1,317.6,3093.4,2644.8,106.9,95.6,Not Significant,Diminishing
NGP_CELL_256,2022,21.13333,79.13008,Ward 5 (Dhantoli),30.48,-0.87,0.198,0.215,-0.44,0.227,Built-up,0.91,70.34,45.6,317.6,3093.4,2644.8,106.9,86.9,Not Significant,Persistent
NGP_CELL_256,2023,21.13333,79.13008,Ward 5 (Dhantoli),24.34,-3.26,0.428,-0.147,-0.526,0.108,Grass,0.9,24.79,63.35,317.6,3093.4,2644.8,106.9,86.4,Cold Spot,Sporadic
NGP_CELL_256,2024,21.13333,79.13008,Ward 5 (Dhantoli),26.78,-1.89,0.168,0.08,-0.499,0.222,Built-up,0.75,54.83,224.25,317.6,3093.4,2644.8,106.9,91.5,Cold Spot,Emerging
NGP_CELL_257,2019,21.15991,79.01876,Ward 5 (Dhantoli),30.22,-0.89,0.113,0.313,-0.567,0.16,Built-up,0.88,66.55,143.43,287.8,1832.7,732.1,271.3,90.2,Not Significant,Diminishing
NGP_CELL_257,2020,21.15991,79.01876,Ward 5 (Dhantoli),23.37,-4.95,0.449,-0.207,-0.271,0.169,Tree,0.92,12.17,134.98,287.8,1832.7,732.1,271.3,85.7,Cold Spot,Persistent
NGP_CELL_257,2021,21.15991,79.01876,Ward 5 (Dhantoli),24.93,-4.22,0.357,-0.223,-0.439,0.167,Grass,0.8,23.09,179.23,287.8,1832.7,732.1,271.3,98.1,Cold Spot,Sporadic
NGP_CELL_257,2022,21.15991,79.01876,Ward 5 (Dhantoli),24.39,-3.91,0.317,-0.155,-0.229,0.164,Tree,0.88,21.72,92.05,287.8,1832.7,732.1,271.3,85.1,Not Significant,Persistent
NGP_CELL_257,2023,21.15991,79.01876,Ward 5 (Dhantoli),24.36,-3.25,0.203,-0.075,-0.286,0.144,Tree,0.86,42.4,93.96,287.8,1832.7,732.1,271.3,86.4,Not Significant,Persistent
NGP_CELL_257,2024,21.15991,79.01876,Ward 5 (Dhantoli),24.61,-2.98,0.389,0.057,-0.562,0.081,Crop,0.73,38.36,207.12,287.8,1832.7,732.1,271.3,92.0,Not Significant,Persistent
NGP_CELL_258,2019,21.05771,79.1035,Ward 5 (Dhantoli),26.16,-2.92,0.287,0.005,-0.471,0.143,Tree,0.65,48.63,84.7,283.0,2688.7,1947.8,569.1,87.9,Not Significant,Emerging
NGP_CELL_258,2020,21.05771,79.1035,Ward 5 (Dhantoli),26.14,-3.56,0.377,-0.077,-0.252,0.137,Tree,0.78,24.47,98.53,283.0,2688.7,1947.8,569.1,88.3,Not Significant,Sporadic
NGP_CELL_258,2021,21.05771,79.1035,Ward 5 (Dhantoli),30.0,-1.68,0.194,0.202,-0.397,0.183,Built-up,0.79,53.15,111.36,283.0,2688.7,1947.8,569.1,99.1,Not Significant,Sporadic
NGP_CELL_258,2022,21.05771,79.1035,Ward 5 (Dhantoli),29.62,-1.3,0.251,0.256,-0.291,0.155,Built-up,0.95,63.04,205.84,283.0,2688.7,1947.8,569.1,96.1,Not Significant,Sporadic
NGP_CELL_258,2023,21.05771,79.1035,Ward 5 (Dhantoli),25.45,-2.71,0.312,-0.058,-0.529,0.088,Crop,0.85,40.95,100.5,283.0,2688.7,1947.8,569.1,85.3,Cold Spot,Persistent
NGP_CELL_258,2024,21.05771,79.1035,Ward 5 (Dhantoli),27.85,-1.35,0.247,0.187,-0.309,0.199,Built-up,0.78,61.63,85.86,283.0,2688.7,1947.8,569.1,86.2,Not Significant,Persistent
NGP_CELL_259,2019,21.19018,79.0434,Ward 3 (Dharampeth),23.1,-4.45,0.446,-0.26,-0.501,0.16,Bare,0.69,21.61,151.31,280.1,774.7,1733.9,656.0,87.9,Cold Spot,Emerging
NGP_CELL_259,2020,21.19018,79.0434,Ward 3 (Dharampeth),24.87,-4.2,0.399,-0.184,-0.481,0.173,Tree,0.86,16.44,105.33,280.1,774.7,1733.9,656.0,99.4,Not Significant,Emerging
NGP_CELL_259,2021,21.19018,79.0434,Ward 3 (Dharampeth),26.59,-3.38,0.236,-0.108,-0.521,0.178,Tree,0.77,37.57,205.92,280.1,774.7,1733.9,656.0,94.1,Not Significant,Persistent
NGP_CELL_259,2022,21.19018,79.0434,Ward 3 (Dharampeth),30.41,-0.9,0.132,0.268,-0.411,0.18,Built-up,0.7,74.14,81.31,280.1,774.7,1733.9,656.0,98.3,Not Significant,Emerging
NGP_CELL_259,2023,21.19018,79.0434,Ward 3 (Dharampeth),28.66,-1.1,0.222,0.27,-0.383,0.249,Built-up,0.95,65.76,214.19,280.1,774.7,1733.9,656.0,94.2,Cold Spot,Emerging
NGP_CELL_259,2024,21.19018,79.0434,Ward 3 (Dharampeth),32.16,0.8,0.045,0.508,-0.303,0.198,Built-up,0.84,87.55,76.73,280.1,774.7,1733.9,656.0,86.7,Not Significant,Persistent
NGP_CELL_260,2019,21.053,79.11545,Ward 3 (Dharampeth),26.72,-2.64,-0.172,-0.146,0.461,0.128,Water,0.87,15.61,77.8,305.6,24.9,763.4,224.4,95.8,Cold Spot,Persistent
NGP_CELL_260,2020,21.053,79.11545,Ward 3 (Dharampeth),28.75,-2.26,-0.212,-0.142,0.564,0.095,Water,0.83,23.37,148.91,305.6,24.9,763.4,224.4,95.3,Cold Spot,Persistent
NGP_CELL_260,2021,21.053,79.11545,Ward 3 (Dharampeth),32.18,-0.59,0.137,0.298,-0.396,0.246,Built-up,0.78,65.02,142.6,305.6,24.9,763.4,224.4,97.3,Not Significant,Emerging
NGP_CELL_260,2022,21.053,79.11545,Ward 3 (Dharampeth),27.34,-2.44,-0.252,-0.214,0.493,0.112,Water,0.91,21.46,202.15,305.6,24.9,763.4,224.4,93.7,Cold Spot,Emerging
NGP_CELL_260,2023,21.053,79.11545,Ward 3 (Dharampeth),28.38,-1.24,-0.3,0.103,0.799,0.153,Water,0.65,43.75,66.58,305.6,24.9,763.4,224.4,85.2,Cold Spot,Emerging
NGP_CELL_260,2024,21.053,79.11545,Ward 3 (Dharampeth),25.5,-2.53,-0.138,-0.172,0.707,0.138,Water,0.7,31.21,84.33,305.6,24.9,763.4,224.4,86.3,Not Significant,Emerging
NGP_CELL_261,2019,21.18824,79.13749,Ward 6 (Satranjipura),25.15,-3.43,0.293,-0.113,-0.386,0.155,Crop,0.91,35.14,194.34,284.4,4216.2,2900.1,570.6,92.2,Not Significant,Persistent
NGP_CELL_261,2020,21.18824,79.13749,Ward 6 (Satranjipura),30.34,-1.46,0.12,0.221,-0.573,0.142,Built-up,0.87,57.18,190.62,284.4,4216.2,2900.1,570.6,97.3,Not Significant,Diminishing
NGP_CELL_261,2021,21.18824,79.13749,Ward 6 (Satranjipura),29.36,-2.0,0.208,0.137,-0.264,0.229,Built-up,0.67,59.95,117.43,284.4,4216.2,2900.1,570.6,95.5,Not Significant,Emerging
NGP_CELL_261,2022,21.18824,79.13749,Ward 6 (Satranjipura),31.98,-0.12,0.033,0.401,-0.305,0.122,Built-up,0.85,80.62,106.96,284.4,4216.2,2900.1,570.6,98.9,Not Significant,Persistent
NGP_CELL_261,2023,21.18824,79.13749,Ward 6 (Satranjipura),24.25,-3.31,0.356,-0.025,-0.494,0.123,Bare,0.68,38.28,193.35,284.4,4216.2,2900.1,570.6,94.8,Not Significant,Persistent
NGP_CELL_261,2024,21.18824,79.13749,Ward 6 (Satranjipura),25.67,-2.44,0.254,0.112,-0.387,0.208,Built-up,0.66,58.54,155.0,284.4,4216.2,2900.1,570.6,85.9,Cold Spot,Sporadic
NGP_CELL_262,2019,21.11843,79.06944,Ward 4 (Hanuman Nagar),23.81,-4.09,0.34,-0.295,-0.488,0.124,Crop,0.85,14.77,161.32,301.0,1873.9,2601.7,249.6,94.6,Not Significant,Sporadic
NGP_CELL_262,2020,21.11843,79.06944,Ward 4 (Hanuman Nagar),31.93,-0.67,0.155,0.34,-0.409,0.222,Built-up,0.89,67.67,200.54,301.0,1873.9,2601.7,249.6,99.0,Not Significant,Diminishing
NGP_CELL_262,2021,21.11843,79.06944,Ward 4 (Hanuman Nagar),23.82,-4.77,0.505,-0.254,-0.4,0.101,Crop,0.77,17.26,207.69,301.0,1873.9,2601.7,249.6,93.8,Cold Spot,Emerging
NGP_CELL_262,2022,21.11843,79.06944,Ward 4 (Hanuman Nagar),29.74,-1.23,0.224,0.308,-0.365,0.175,Built-up,0.68,71.28,197.02,301.0,1873.9,2601.7,249.6,89.9,Not Significant,Persistent
NGP_CELL_262,2023,21.11843,79.06944,Ward 4 (Hanuman Nagar),31.65,0.39,0.179,0.448,-0.598,0.203,Built-up,0.73,74.87,195.69,301.0,1873.9,2601.7,249.6,90.4,Not Significant,Sporadic
NGP_CELL_262,2024,21.11843,79.06944,Ward 4 (Hanuman Nagar),26.61,-1.98,0.291,0.071,-0.534,0.101,Crop,0.93,49.64,233.63,301.0,1873.9,2601.7,249.6,94.9,Not Significant,Persistent
NGP_CELL_263,2019,21.11044,79.05598,Ward 4 (Hanuman Nagar),27.43,-2.28,0.296,0.116,-0.208,0.179,Built-up,0.75,50.07,90.25,314.1,1946.0,2742.2,275.4,94.6,Not Significant,Persistent
NGP_CELL_263,2020,21.11044,79.05598,Ward 4 (Hanuman Nagar),32.38,-0.44,0.137,0.415,-0.241,0.164,Built-up,0.68,72.88,104.49,314.1,1946.0,2742.2,275.4,93.0,Not Significant,Persistent
NGP_CELL_263,2021,21.11044,79.05598,Ward 4 (Hanuman Nagar),25.26,-4.05,0.436,-0.203,-0.482,0.108,Tree,0.72,18.93,132.36,314.1,1946.0,2742.2,275.4,94.4,Not Significant,Persistent
NGP_CELL_263,2022,21.11044,79.05598,Ward 4 (Hanuman Nagar),23.42,-4.4,0.459,-0.208,-0.416,0.161,Crop,0.95,20.01,141.73,314.1,1946.0,2742.2,275.4,97.4,Not Significant,Persistent
NGP_CELL_263,2023,21.11044,79.05598,Ward 4 (Hanuman Nagar),23.56,-3.65,0.361,-0.167,-0.54,0.126,Grass,0.8,22.52,167.23,314.1,1946.0,2742.2,275.4,90.5,Not Significant,Emerging
NGP_CELL_263,2024,21.11044,79.05598,Ward 4 (Hanuman Nagar),24.91,-2.83,0.24,-0.042,-0.296,0.092,Tree,0.8,32.42,69.09,314.1,1946.0,2742.2,275.4,92.1,Cold Spot,Sporadic
NGP_CELL_264,2019,21.07719,79.06881,Ward 3 (Dharampeth),29.72,-1.14,0.118,0.199,-0.257,0.187,Built-up,0.9,57.53,92.38,300.6,4152.9,698.2,303.2,96.7,Not Significant,Sporadic
NGP_CELL_264,2020,21.07719,79.06881,Ward 3 (Dharampeth),31.58,-0.84,0.19,0.128,-0.361,0.113,Grass,0.66,42.9,76.47,300.6,4152.9,698.2,303.2,88.3,Cold Spot,Persistent
NGP_CELL_264,2021,21.07719,79.06881,Ward 3 (Dharampeth),29.33,-2.01,0.201,0.048,-0.403,0.158,Tree,0.83,40.85,157.79,300.6,4152.9,698.2,303.2,88.1,Not Significant,Persistent
NGP_CELL_264,2022,21.07719,79.06881,Ward 3 (Dharampeth),31.08,-0.57,0.045,0.237,-0.513,0.178,Built-up,0.7,71.99,210.18,300.6,4152.9,698.2,303.2,99.9,Not Significant,Emerging
NGP_CELL_264,2023,21.07719,79.06881,Ward 3 (Dharampeth),29.0,-0.93,0.244,0.302,-0.528,0.153,Built-up,0.75,67.29,174.38,300.6,4152.9,698.2,303.2,93.5,Not Significant,Persistent
NGP_CELL_264,2024,21.07719,79.06881,Ward 3 (Dharampeth),27.04,-1.76,0.234,0.089,-0.218,0.16,Crop,0.91,42.89,200.96,300.6,4152.9,698.2,303.2,91.1,Not Significant,Emerging
NGP_CELL_265,2019,21.09166,79.04544,Ward 6 (Satranjipura),29.15,-1.42,0.169,0.172,-0.543,0.16,Built-up,0.95,65.86,171.29,285.8,930.6,194.2,711.0,85.9,Cold Spot,Persistent
NGP_CELL_265,2020,21.09166,79.04544,Ward 6 (Satranjipura),32.95,-0.16,0.166,0.389,-0.464,0.146,Built-up,0.93,71.37,69.17,285.8,930.6,194.2,711.0,89.9,Not Significant,Persistent
NGP_CELL_265,2021,21.09166,79.04544,Ward 6 (Satranjipura),29.62,-1.87,0.219,0.175,-0.505,0.229,Built-up,0.8,53.8,154.35,285.8,930.6,194.2,711.0,99.6,Not Significant,Persistent
NGP_CELL_265,2022,21.09166,79.04544,Ward 6 (Satranjipura),25.95,-3.13,0.425,-0.063,-0.47,0.124,Crop,0.89,27.25,63.39,285.8,930.6,194.2,711.0,96.6,Not Significant,Persistent
NGP_CELL_265,2023,21.09166,79.04544,Ward 6 (Satranjipura),25.82,-2.52,0.367,-0.03,-0.511,0.119,Bare,0.84,40.84,143.04,285.8,930.6,194.2,711.0,96.3,Cold Spot,Sporadic
NGP_CELL_265,2024,21.09166,79.04544,Ward 6 (Satranjipura),28.8,-0.88,0.223,0.054,-0.586,0.163,Crop,0.9,40.07,177.5,285.8,930.6,194.2,711.0,96.6,Not Significant,Diminishing
NGP_CELL_266,2019,21.19691,79.06467,Ward 10 (Sanjay Gandhi Nagar),23.01,-4.49,0.45,-0.252,-0.522,0.153,Bare,0.97,23.52,82.83,303.3,3649.3,713.9,212.7,93.9,Cold Spot,Persistent
NGP_CELL_266,2020,21.19691,79.06467,Ward 10 (Sanjay Gandhi Nagar),25.54,-3.86,0.307,-0.096,-0.331,0.161,Bare,0.67,35.51,58.34,303.3,3649.3,713.9,212.7,97.1,Cold Spot,Emerging
NGP_CELL_266,2021,21.19691,79.06467,Ward 10 (Sanjay Gandhi Nagar),30.85,-1.26,0.209,0.24,-0.573,0.17,Built-up,0.77,59.99,143.05,303.3,3649.3,713.9,212.7,88.0,Not Significant,Persistent
NGP_CELL_266,2022,21.19691,79.06467,Ward 10 (Sanjay Gandhi Nagar),22.0,-5.11,0.449,-0.247,-0.31,0.128,Tree,0.88,17.84,35.95,303.3,3649.3,713.9,212.7,93.3,Not Significant,Persistent
NGP_CELL_266,2023,21.19691,79.06467,Ward 10 (Sanjay Gandhi Nagar),31.52,0.33,-0.007,0.48,-0.33,0.12,Built-up,0.9,84.15,101.01,303.3,3649.3,713.9,212.7,89.9,Not Significant,Persistent
NGP_CELL_266,2024,21.19691,79.06467,Ward 10 (Sanjay Gandhi Nagar),27.76,-1.4,0.102,0.15,-0.523,0.124,Built-up,0.7,60.94,46.37,303.3,3649.3,713.9,212.7,89.9,Cold Spot,Persistent
NGP_CELL_267,2019,21.12584,79.00799,Ward 9 (Nehru Nagar),28.96,-1.52,0.259,0.2,-0.569,0.195,Built-up,0.67,52.89,169.49,313.3,2318.1,1306.7,559.6,88.8,Cold Spot,Persistent
NGP_CELL_267,2020,21.12584,79.00799,Ward 9 (Nehru Nagar),26.79,-3.24,0.362,-0.182,-0.597,0.114,Bare,0.87,28.69,158.13,313.3,2318.1,1306.7,559.6,96.3,Not Significant,Persistent
NGP_CELL_267,2021,21.12584,79.00799,Ward 9 (Nehru Nagar),26.14,-3.61,0.287,-0.046,-0.22,0.151,Bare,0.91,36.6,108.51,313.3,2318.1,1306.7,559.6,97.3,Not Significant,Emerging
NGP_CELL_267,2022,21.12584,79.00799,Ward 9 (Nehru Nagar),24.02,-4.1,0.245,-0.106,-0.423,0.114,Grass,0.95,38.04,129.96,313.3,2318.1,1306.7,559.6,88.2,Not Significant,Sporadic
NGP_CELL_267,2023,21.12584,79.00799,Ward 9 (Nehru Nagar),26.88,-1.99,0.261,0.115,-0.524,0.117,Tree,0.85,43.53,40.93,313.3,2318.1,1306.7,559.6,85.9,Cold Spot,Sporadic
NGP_CELL_267,2024,21.12584,79.00799,Ward 9 (Nehru Nagar),31.59,0.52,0.19,0.422,-0.372,0.238,Built-up,0.87,72.76,74.21,313.3,2318.1,1306.7,559.6,97.9,Not Significant,Emerging
NGP_CELL_268,2019,21.11471,79.10636,Ward 4 (Hanuman Nagar),28.35,-1.82,0.245,0.225,-0.32,0.162,Built-up,0.79,58.07,61.12,280.5,3442.1,960.6,180.9,95.1,Not Significant,Persistent
NGP_CELL_268,2020,21.11471,79.10636,Ward 4 (Hanuman Nagar),25.51,-3.88,0.311,-0.163,-0.507,0.101,Tree,0.7,19.6,156.67,280.5,3442.1,960.6,180.9,97.9,Cold Spot,Sporadic
NGP_CELL_268,2021,21.11471,79.10636,Ward 4 (Hanuman Nagar),25.99,-3.69,0.367,-0.07,-0.273,0.131,Grass,0.91,29.44,155.69,280.5,3442.1,960.6,180.9,89.4,Not Significant,Persistent
NGP_CELL_268,2022,21.11471,79.10636,Ward 4 (Hanuman Nagar),25.55,-3.33,0.359,-0.027,-0.313,0.132,Grass,0.79,37.45,42.44,280.5,3442.1,960.6,180.9,85.1,Cold Spot,Diminishing
NGP_CELL_268,2023,21.11471,79.10636,Ward 4 (Hanuman Nagar),27.11,-1.88,0.332,0.099,-0.574,0.144,Grass,0.66,47.41,158.86,280.5,3442.1,960.6,180.9,86.7,Not Significant,Persistent
NGP_CELL_268,2024,21.11471,79.10636,Ward 4 (Hanuman Nagar),25.43,-2.57,0.348,0.037,-0.353,0.14,Bare,0.69,35.19,213.72,280.5,3442.1,960.6,180.9,98.7,Not Significant,Emerging
NGP_CELL_269,2019,21.10186,79.05572,Ward 7 (Mangalwari),21.4,-5.3,0.49,-0.354,-0.516,0.136,Crop,0.97,10.1,154.8,295.0,3739.7,2425.3,442.6,89.5,Not Significant,Emerging
NGP_CELL_269,2020,21.10186,79.05572,Ward 7 (Mangalwari),29.38,-1.94,0.166,0.043,-0.214,0.09,Tree,0.83,47.29,138.8,295.0,3739.7,2425.3,442.6,96.0,Cold Spot,Persistent
NGP_CELL_269,2021,21.10186,79.05572,Ward 7 (Mangalwari),27.39,-2.99,0.261,0.043,-0.535,0.12,Crop,0.95,49.81,170.92,295.0,3739.7,2425.3,442.6,87.5,Not Significant,Diminishing
NGP_CELL_269,2022,21.10186,79.05572,Ward 7 (Mangalwari),27.98,-2.11,0.214,0.037,-0.592,0.134,Crop,0.98,38.13,60.5,295.0,3739.7,2425.3,442.6,86.3,Not Significant,Diminishing
NGP_CELL_269,2023,21.10186,79.05572,Ward 7 (Mangalwari),29.68,-0.59,0.108,0.423,-0.227,0.197,Built-up,0.78,79.64,134.45,295.0,3739.7,2425.3,442.6,94.6,Not Significant,Persistent
NGP_CELL_269,2024,21.10186,79.05572,Ward 7 (Mangalwari),27.41,-1.57,0.207,0.14,-0.317,0.176,Built-up,0.93,52.58,59.63,295.0,3739.7,2425.3,442.6,86.4,Not Significant,Persistent
NGP_CELL_270,2019,21.14981,79.0797,Ward 6 (Satranjipura),30.14,-0.93,0.165,0.267,-0.32,0.201,Built-up,0.96,62.15,165.03,300.1,733.3,2534.2,516.9,86.0,Not Significant,Persistent
NGP_CELL_270,2020,21.14981,79.0797,Ward 6 (Satranjipura),25.49,-3.89,0.305,-0.147,-0.245,0.121,Crop,0.75,24.12,62.19,300.1,733.3,2534.2,516.9,90.2,Not Significant,Persistent
NGP_CELL_270,2021,21.14981,79.0797,Ward 6 (Satranjipura),24.03,-4.67,0.298,-0.257,-0.381,0.132,Tree,0.74,22.57,179.81,300.1,733.3,2534.2,516.9,99.0,Not Significant,Persistent
NGP_CELL_270,2022,21.14981,79.0797,Ward 6 (Satranjipura),26.25,-2.98,0.337,-0.083,-0.521,0.13,Tree,0.94,36.35,78.51,300.1,733.3,2534.2,516.9,95.0,Not Significant,Emerging
NGP_CELL_270,2023,21.14981,79.0797,Ward 6 (Satranjipura),26.52,-2.17,0.236,0.093,-0.383,0.12,Crop,0.66,43.42,214.43,300.1,733.3,2534.2,516.9,91.6,Cold Spot,Persistent
NGP_CELL_270,2024,21.14981,79.0797,Ward 6 (Satranjipura),30.04,-0.26,0.092,0.302,-0.24,0.139,Built-up,0.93,80.12,189.6,300.1,733.3,2534.2,516.9,91.8,Not Significant,Persistent
NGP_CELL_271,2019,21.05796,79.11438,Ward 3 (Dharampeth),27.99,-2.01,0.238,0.098,-0.348,0.167,Crop,0.87,40.34,150.96,296.7,3989.6,490.5,496.1,88.2,Cold Spot,Emerging
NGP_CELL_271,2020,21.05796,79.11438,Ward 3 (Dharampeth),29.71,-1.77,0.257,0.147,-0.46,0.204,Built-up,0.79,57.05,145.56,296.7,3989.6,490.5,496.1,86.7,Cold Spot,Emerging
NGP_CELL_271,2021,21.05796,79.11438,Ward 3 (Dharampeth),27.28,-3.04,0.223,-0.014,-0.332,0.104,Bare,0.94,47.36,56.37,296.7,3989.6,490.5,496.1,96.6,Not Significant,Emerging
NGP_CELL_271,2022,21.05796,79.11438,Ward 3 (Dharampeth),28.21,-2.0,0.166,0.11,-0.292,0.177,Built-up,0.86,55.21,117.43,296.7,3989.6,490.5,496.1,95.1,Not Significant,Sporadic
NGP_CELL_271,2023,21.05796,79.11438,Ward 3 (Dharampeth),23.67,-3.6,0.404,-0.134,-0.209,0.152,Tree,0.91,32.86,135.92,296.7,3989.6,490.5,496.1,93.0,Not Significant,Diminishing
NGP_CELL_271,2024,21.05796,79.11438,Ward 3 (Dharampeth),27.01,-1.78,0.117,0.186,-0.368,0.229,Built-up,0.67,68.08,146.45,296.7,3989.6,490.5,496.1,90.7,Cold Spot,Diminishing
NGP_CELL_272,2019,21.18945,79.10758,Ward 4 (Hanuman Nagar),25.75,-3.12,0.278,-0.112,-0.464,0.082,Tree,0.75,35.82,101.08,308.9,4605.1,980.9,85.8,93.5,Cold Spot,Persistent
NGP_CELL_272,2020,21.18945,79.10758,Ward 4 (Hanuman Nagar),27.21,-3.03,0.377,-0.038,-0.432,0.139,Grass,0.69,39.07,116.82,308.9,4605.1,980.9,85.8,96.6,Cold Spot,Sporadic
NGP_CELL_272,2021,21.18945,79.10758,Ward 4 (Hanuman Nagar),29.11,-2.13,0.174,0.061,-0.337,0.127,Built-up,0.71,54.49,149.8,308.9,4605.1,980.9,85.8,99.9,Cold Spot,Diminishing
NGP_CELL_272,2022,21.18945,79.10758,Ward 4 (Hanuman Nagar),24.82,-3.7,0.46,-0.068,-0.421,0.164,Tree,0.79,25.03,62.78,308.9,4605.1,980.9,85.8,99.7,Not Significant,Sporadic
NGP_CELL_272,2023,21.18945,79.10758,Ward 4 (Hanuman Nagar),24.66,-3.1,0.257,-0.161,-0.454,0.159,Bare,0.95,32.08,88.16,308.9,4605.1,980.9,85.8,96.1,Not Significant,Diminishing
NGP_CELL_272,2024,21.18945,79.10758,Ward 4 (Hanuman Nagar),28.57,-0.99,0.281,0.298,-0.321,0.242,Built-up,0.93,61.76,147.7,308.9,4605.1,980.9,85.8,88.8,Not Significant,Sporadic
NGP_CELL_273,2019,21.15532,79.03155,Ward 5 (Dhantoli),25.33,-3.33,0.418,-0.112,-0.508,0.106,Grass,0.82,20.51,99.36,307.5,1859.8,2628.0,674.7,99.1,Cold Spot,Sporadic
NGP_CELL_273,2020,21.15532,79.03155,Ward 5 (Dhantoli),26.26,-3.5,0.415,-0.052,-0.511,0.177,Tree,0.7,29.4,129.58,307.5,1859.8,2628.0,674.7,94.5,Not Significant,Persistent
NGP_CELL_273,2021,21.15532,79.03155,Ward 5 (Dhantoli),33.62,0.13,0.233,0.356,-0.254,0.196,Built-up,0.69,69.57,191.07,307.5,1859.8,2628.0,674.7,89.6,Cold Spot,Persistent
NGP_CELL_273,2022,21.15532,79.03155,Ward 5 (Dhantoli),24.91,-3.65,0.377,-0.034,-0.231,0.175,Grass,0.92,30.32,213.31,307.5,1859.8,2628.0,674.7,95.2,Cold Spot,Persistent
NGP_CELL_273,2023,21.15532,79.03155,Ward 5 (Dhantoli),23.89,-3.49,0.423,-0.106,-0.425,0.143,Crop,0.87,34.42,131.7,307.5,1859.8,2628.0,674.7,90.5,Not Significant,Persistent
NGP_CELL_273,2024,21.15532,79.03155,Ward 5 (Dhantoli),26.76,-1.9,0.112,0.106,-0.596,0.22,Built-up,0.87,60.19,185.23,307.5,1859.8,2628.0,674.7,94.7,Cold Spot,Persistent
NGP_CELL_274,2019,21.05629,79.02887,Ward 5 (Dhantoli),27.85,-2.08,0.231,0.158,-0.242,0.129,Built-up,0.65,57.57,180.1,317.3,2985.7,1441.5,115.2,94.9,Not Significant,Emerging
NGP_CELL_274,2020,21.05629,79.02887,Ward 5 (Dhantoli),29.55,-1.86,0.24,0.118,-0.446,0.168,Built-up,0.97,60.5,58.47,317.3,2985.7,1441.5,115.2,92.1,Not Significant,Sporadic
NGP_CELL_274,2021,21.05629,79.02887,Ward 5 (Dhantoli),29.07,-2.15,0.227,0.139,-0.264,0.221,Built-up,0.95,57.59,162.18,317.3,2985.7,1441.5,115.2,94.8,Cold Spot,Persistent
NGP_CELL_274,2022,21.05629,79.02887,Ward 5 (Dhantoli),25.69,-3.26,0.396,-0.052,-0.515,0.109,Tree,0.7,36.21,115.26,317.3,2985.7,1441.5,115.2,92.1,Cold Spot,Persistent
NGP_CELL_274,2023,21.05629,79.02887,Ward 5 (Dhantoli),30.71,-0.08,0.196,0.329,-0.399,0.239,Built-up,0.95,70.57,194.57,317.3,2985.7,1441.5,115.2,93.5,Not Significant,Sporadic
NGP_CELL_274,2024,21.05629,79.02887,Ward 5 (Dhantoli),30.02,-0.27,0.152,0.369,-0.368,0.225,Built-up,0.75,85.78,95.58,317.3,2985.7,1441.5,115.2,85.5,Not Significant,Persistent
NGP_CELL_275,2019,21.18387,79.02181,Ward 2 (Ashinagar),23.9,-4.05,0.317,-0.249,-0.308,0.107,Crop,0.86,21.17,165.69,318.8,1731.7,2226.6,706.2,92.8,Not Significant,Sporadic
NGP_CELL_275,2020,21.18387,79.02181,Ward 2 (Ashinagar),28.48,-2.39,0.259,-0.024,-0.225,0.091,Bare,0.8,36.49,54.81,318.8,1731.7,2226.6,706.2,87.0,Not Significant,Sporadic
NGP_CELL_275,2021,21.18387,79.02181,Ward 2 (Ashinagar),29.62,-1.87,0.281,0.157,-0.452,0.176,Crop,0.72,46.06,158.08,318.8,1731.7,2226.6,706.2,93.1,Not Significant,Emerging
NGP_CELL_275,2022,21.18387,79.02181,Ward 2 (Ashinagar),26.65,-2.78,0.357,-0.074,-0.47,0.176,Bare,0.79,26.0,150.22,318.8,1731.7,2226.6,706.2,92.0,Not Significant,Sporadic
NGP_CELL_275,2023,21.18387,79.02181,Ward 2 (Ashinagar),29.52,-0.67,0.124,0.315,-0.395,0.19,Built-up,0.83,65.67,153.76,318.8,1731.7,2226.6,706.2,98.6,Not Significant,Persistent
NGP_CELL_275,2024,21.18387,79.02181,Ward 2 (Ashinagar),29.2,-0.68,0.068,0.298,-0.443,0.187,Built-up,0.97,67.54,114.51,318.8,1731.7,2226.6,706.2,96.4,Cold Spot,Persistent
NGP_CELL_276,2019,21.16059,79.05931,Ward 2 (Ashinagar),25.54,-3.23,0.232,0.016,-0.203,0.119,Tree,0.74,42.4,63.64,300.3,3689.7,2930.6,31.6,88.5,Not Significant,Diminishing
NGP_CELL_276,2020,21.16059,79.05931,Ward 2 (Ashinagar),26.09,-3.59,0.261,-0.133,-0.477,0.134,Tree,0.72,33.1,196.29,300.3,3689.7,2930.6,31.6,94.3,Not Significant,Persistent
NGP_CELL_276,2021,21.16059,79.05931,Ward 2 (Ashinagar),28.93,-2.22,0.268,0.041,-0.288,0.147,Bare,0.9,49.85,80.5,300.3,3689.7,2930.6,31.6,87.6,Not Significant,Diminishing
NGP_CELL_276,2022,21.16059,79.05931,Ward 2 (Ashinagar),28.47,-1.87,0.171,0.123,-0.511,0.228,Built-up,0.76,52.97,45.45,300.3,3689.7,2930.6,31.6,88.4,Not Significant,Persistent
NGP_CELL_276,2023,21.16059,79.05931,Ward 2 (Ashinagar),25.14,-2.86,0.205,-0.03,-0.306,0.154,Tree,0.86,45.08,192.16,300.3,3689.7,2930.6,31.6,89.8,Cold Spot,Emerging
NGP_CELL_276,2024,21.16059,79.05931,Ward 2 (Ashinagar),24.82,-2.87,0.346,-0.178,-0.568,0.143,Crop,0.94,27.69,94.17,300.3,3689.7,2930.6,31.6,93.2,Not Significant,Persistent
NGP_CELL_277,2019,21.17377,79.13803,Ward 2 (Ashinagar),27.67,-2.17,0.297,0.155,-0.569,0.167,Built-up,0.76,51.77,167.76,309.8,185.5,1338.1,370.4,85.9,Cold Spot,Persistent
NGP_CELL_277,2020,21.17377,79.13803,Ward 2 (Ashinagar),29.35,-1.96,-0.065,0.031,0.781,0.116,Water,0.77,42.03,141.06,309.8,185.5,1338.1,370.4,97.4,Not Significant,Sporadic
NGP_CELL_277,2021,21.17377,79.13803,Ward 2 (Ashinagar),31.16,-1.1,0.089,0.197,-0.277,0.138,Built-up,0.78,69.45,47.99,309.8,185.5,1338.1,370.4,86.3,Not Significant,Diminishing
NGP_CELL_277,2022,21.17377,79.13803,Ward 2 (Ashinagar),30.5,-0.86,0.168,0.291,-0.508,0.138,Built-up,0.74,65.77,90.43,309.8,185.5,1338.1,370.4,88.0,Not Significant,Persistent
NGP_CELL_277,2023,21.17377,79.13803,Ward 2 (Ashinagar),25.67,-2.6,-0.169,-0.134,0.43,0.138,Water,0.92,23.93,187.48,309.8,185.5,1338.1,370.4,98.6,Not Significant,Persistent
NGP_CELL_277,2024,21.17377,79.13803,Ward 2 (Ashinagar),28.15,-1.2,-0.241,0.051,0.578,0.132,Water,0.66,45.53,174.33,309.8,185.5,1338.1,370.4,95.7,Not Significant,Persistent
NGP_CELL_278,2019,21.18164,79.00944,Ward 2 (Ashinagar),28.18,-1.91,0.246,0.142,-0.251,0.232,Built-up,0.66,58.61,146.22,318.0,2749.9,1368.0,108.9,88.4,Not Significant,Persistent
NGP_CELL_278,2020,21.18164,79.00944,Ward 2 (Ashinagar),30.68,-1.29,0.169,0.187,-0.331,0.178,Built-up,0.8,53.07,149.92,318.0,2749.9,1368.0,108.9,89.1,Not Significant,Emerging
NGP_CELL_278,2021,21.18164,79.00944,Ward 2 (Ashinagar),30.59,-1.39,0.102,0.174,-0.451,0.177,Built-up,0.71,63.19,66.69,318.0,2749.9,1368.0,108.9,85.1,Not Significant,Persistent
NGP_CELL_278,2022,21.18164,79.00944,Ward 2 (Ashinagar),31.95,-0.13,0.086,0.272,-0.289,0.184,Built-up,0.93,65.58,118.62,318.0,2749.9,1368.0,108.9,85.6,Cold Spot,Persistent
NGP_CELL_278,2023,21.18164,79.00944,Ward 2 (Ashinagar),22.38,-4.24,0.385,-0.241,-0.49,0.165,Crop,0.79,24.43,196.01,318.0,2749.9,1368.0,108.9,92.2,Cold Spot,Persistent
NGP_CELL_278,2024,21.18164,79.00944,Ward 2 (Ashinagar),29.73,-0.41,0.192,0.237,-0.405,0.194,Built-up,0.76,61.56,84.39,318.0,2749.9,1368.0,108.9,86.7,Not Significant,Persistent
NGP_CELL_279,2019,21.0629,79.02875,Ward 2 (Ashinagar),28.21,-1.89,0.261,0.089,-0.462,0.159,Built-up,0.89,57.32,124.94,287.9,913.5,1660.7,724.0,87.1,Not Significant,Emerging
NGP_CELL_279,2020,21.0629,79.02875,Ward 2 (Ashinagar),29.96,-1.65,0.207,0.016,-0.591,0.083,Crop,0.88,41.27,44.25,287.9,913.5,1660.7,724.0,90.0,Not Significant,Persistent
NGP_CELL_279,2021,21.0629,79.02875,Ward 2 (Ashinagar),29.69,-1.84,0.393,0.058,-0.419,0.106,Tree,0.67,36.77,55.08,287.9,913.5,1660.7,724.0,89.8,Not Significant,Persistent
NGP_CELL_279,2022,21.0629,79.02875,Ward 2 (Ashinagar),25.29,-3.46,0.421,-0.084,-0.576,0.175,Tree,0.9,24.69,70.13,287.9,913.5,1660.7,724.0,86.5,Not Significant,Emerging
NGP_CELL_279,2023,21.0629,79.02875,Ward 2 (Ashinagar),26.46,-2.2,0.184,0.054,-0.558,0.122,Bare,0.8,43.19,184.24,287.9,913.5,1660.7,724.0,90.1,Not Significant,Sporadic
NGP_CELL_279,2024,21.0629,79.02875,Ward 2 (Ashinagar),22.21,-4.18,0.291,-0.219,-0.463,0.101,Tree,0.9,23.68,79.84,287.9,913.5,1660.7,724.0,99.0,Hot Spot,Emerging
NGP_CELL_280,2019,21.18061,79.02795,Ward 5 (Dhantoli),23.59,-4.21,0.316,-0.242,-0.24,0.14,Grass,0.85,22.49,57.46,301.5,2816.7,2670.7,285.8,99.3,Cold Spot,Emerging
NGP_CELL_280,2020,21.18061,79.02795,Ward 5 (Dhantoli),30.33,-1.47,0.145,0.17,-0.299,0.121,Built-up,0.76,65.96,138.41,301.5,2816.7,2670.7,285.8,89.6,Not Significant,Persistent
NGP_CELL_280,2021,21.18061,79.02795,Ward 5 (Dhantoli),27.94,-2.71,0.239,-0.064,-0.487,0.09,Crop,0.94,35.43,202.75,301.5,2816.7,2670.7,285.8,93.4,Not Significant,Persistent
NGP_CELL_280,2022,21.18061,79.02795,Ward 5 (Dhantoli),24.98,-3.61,0.348,-0.122,-0.256,0.08,Grass,0.69,25.79,203.72,301.5,2816.7,2670.7,285.8,87.8,Cold Spot,Sporadic
NGP_CELL_280,2023,21.18061,79.02795,Ward 5 (Dhantoli),24.24,-3.31,0.374,-0.077,-0.31,0.106,Grass,0.96,23.67,136.89,301.5,2816.7,2670.7,285.8,91.2,Not Significant,Persistent
NGP_CELL_280,2024,21.18061,79.02795,Ward 5 (Dhantoli),23.55,-3.51,0.432,-0.107,-0.496,0.085,Tree,0.97,32.64,200.2,301.5,2816.7,2670.7,285.8,91.1,Not Significant,Sporadic
NGP_CELL_281,2019,21.19845,79.12121,Ward 4 (Hanuman Nagar),27.87,-2.06,0.291,0.072,-0.209,0.103,Bare,0.77,38.96,114.7,308.9,4219.7,1398.6,628.5,91.2,Cold Spot,Persistent
NGP_CELL_281,2020,21.19845,79.12121,Ward 4 (Hanuman Nagar),29.89,-1.69,0.247,0.223,-0.596,0.182,Built-up,0.84,61.8,113.88,308.9,4219.7,1398.6,628.5,90.0,Not Significant,Emerging
NGP_CELL_281,2021,21.19845,79.12121,Ward 4 (Hanuman Nagar),28.65,-2.36,0.296,0.0,-0.471,0.129,Tree,0.69,34.89,77.01,308.9,4219.7,1398.6,628.5,93.9,Not Significant,Persistent
NGP_CELL_281,2022,21.19845,79.12121,Ward 4 (Hanuman Nagar),29.51,-1.35,0.244,0.249,-0.223,0.185,Built-up,0.74,66.4,129.86,308.9,4219.7,1398.6,628.5,94.5,Not Significant,Persistent
NGP_CELL_281,2023,21.19845,79.12121,Ward 4 (Hanuman Nagar),26.24,-2.31,0.322,0.034,-0.384,0.103,Crop,0.68,45.9,206.99,308.9,4219.7,1398.6,628.5,99.4,Cold Spot,Emerging
NGP_CELL_281,2024,21.19845,79.12121,Ward 4 (Hanuman Nagar),24.67,-2.95,0.272,0.003,-0.495,0.138,Tree,0.85,44.4,175.2,308.9,4219.7,1398.6,628.5,95.6,Cold Spot,Emerging
NGP_CELL_282,2019,21.07557,79.02105,Ward 1 (Lakadganj),28.55,-1.73,0.118,0.164,-0.335,0.246,Built-up,0.72,62.25,135.32,318.6,4181.8,638.4,230.0,89.2,Cold Spot,Emerging
NGP_CELL_282,2020,21.07557,79.02105,Ward 1 (Lakadganj),29.82,-1.72,0.308,0.116,-0.329,0.155,Grass,0.92,42.73,63.03,318.6,4181.8,638.4,230.0,95.2,Not Significant,Persistent
NGP_CELL_282,2021,21.07557,79.02105,Ward 1 (Lakadganj),27.62,-2.87,0.287,0.045,-0.35,0.158,Built-up,0.73,50.84,29.0,318.6,4181.8,638.4,230.0,90.4,Not Significant,Diminishing
NGP_CELL_282,2022,21.07557,79.02105,Ward 1 (Lakadganj),24.97,-3.62,0.379,-0.167,-0.564,0.094,Tree,0.7,32.02,182.77,318.6,4181.8,638.4,230.0,95.7,Cold Spot,Persistent
NGP_CELL_282,2023,21.07557,79.02105,Ward 1 (Lakadganj),29.26,-0.8,0.062,0.305,-0.223,0.176,Built-up,0.97,71.65,140.16,318.6,4181.8,638.4,230.0,94.5,Not Significant,Emerging
NGP_CELL_282,2024,21.07557,79.02105,Ward 1 (Lakadganj),28.67,-0.95,0.238,0.219,-0.225,0.13,Built-up,0.7,58.56,106.31,318.6,4181.8,638.4,230.0,92.7,Hot Spot,Persistent
NGP_CELL_283,2019,21.07631,79.09742,Ward 5 (Dhantoli),27.87,-2.07,0.306,0.002,-0.368,0.159,Grass,0.75,33.1,152.93,293.1,1110.6,1401.4,533.9,85.8,Not Significant,Sporadic
NGP_CELL_283,2020,21.07631,79.09742,Ward 5 (Dhantoli),29.45,-1.91,0.195,0.205,-0.375,0.175,Built-up,0.94,65.21,55.68,293.1,1110.6,1401.4,533.9,94.8,Not Significant,Emerging
NGP_CELL_283,2021,21.07631,79.09742,Ward 5 (Dhantoli),32.75,-0.31,0.205,0.22,-0.339,0.174,Built-up,0.97,64.38,88.54,293.1,1110.6,1401.4,533.9,85.9,Not Significant,Diminishing
NGP_CELL_283,2022,21.07631,79.09742,Ward 5 (Dhantoli),27.05,-2.58,0.335,0.029,-0.445,0.14,Bare,0.66,36.53,198.39,293.1,1110.6,1401.4,533.9,88.1,Not Significant,Sporadic
NGP_CELL_283,2023,21.07631,79.09742,Ward 5 (Dhantoli),28.51,-1.18,0.305,0.275,-0.545,0.125,Built-up,0.95,58.81,213.02,293.1,1110.6,1401.4,533.9,94.3,Not Significant,Persistent
NGP_CELL_283,2024,21.07631,79.09742,Ward 5 (Dhantoli),25.45,-2.56,0.298,0.063,-0.36,0.181,Built-up,0.72,50.22,174.62,293.1,1110.6,1401.4,533.9,90.1,Cold Spot,Persistent
NGP_CELL_284,2019,21.19586,79.03495,Ward 3 (Dharampeth),25.31,-3.34,0.337,0.129,-0.228,0.213,Built-up,0.71,51.77,85.99,319.4,2834.7,1493.7,401.3,94.4,Cold Spot,Emerging
NGP_CELL_284,2020,21.19586,79.03495,Ward 3 (Dharampeth),26.45,-3.41,0.357,0.043,-0.477,0.169,Bare,0.77,40.77,125.6,319.4,2834.7,1493.7,401.3,88.0,Not Significant,Emerging
NGP_CELL_284,2021,21.19586,79.03495,Ward 3 (Dharampeth),24.65,-4.36,0.423,-0.099,-0.264,0.092,Tree,0.85,26.5,149.42,319.4,2834.7,1493.7,401.3,94.5,Cold Spot,Persistent
NGP_CELL_284,2022,21.19586,79.03495,Ward 3 (Dharampeth),20.06,-6.08,0.493,-0.34,-0.486,0.096,Tree,0.76,14.82,132.46,319.4,2834.7,1493.7,401.3,97.0,Cold Spot,Diminishing
NGP_CELL_284,2023,21.19586,79.03495,Ward 3 (Dharampeth),24.88,-2.99,0.331,0.08,-0.231,0.125,Bare,0.7,45.07,59.58,319.4,2834.7,1493.7,401.3,90.7,Cold Spot,Persistent
NGP_CELL_284,2024,21.19586,79.03495,Ward 3 (Dharampeth),21.15,-4.71,0.463,-0.252,-0.307,0.154,Crop,0.94,16.85,172.98,319.4,2834.7,1493.7,401.3,97.9,Cold Spot,Persistent
NGP_CELL_285,2019,21.14609,79.05073,Ward 5 (Dhantoli),28.37,-1.81,0.202,0.103,-0.499,0.091,Tree,0.95,49.29,48.05,300.0,2602.2,1908.7,552.8,91.7,Cold Spot,Diminishing
NGP_CELL_285,2020,21.14609,79.05073,Ward 5 (Dhantoli),28.89,-2.18,0.283,0.102,-0.487,0.178,Built-up,0.76,50.2,37.29,300.0,2602.2,1908.7,552.8,90.5,Not Significant,Emerging
NGP_CELL_285,2021,21.14609,79.05073,Ward 5 (Dhantoli),28.67,-2.35,0.285,0.038,-0.359,0.25,Built-up,0.69,52.48,82.84,300.0,2602.2,1908.7,552.8,94.6,Not Significant,Persistent
NGP_CELL_285,2022,21.14609,79.05073,Ward 5 (Dhantoli),25.99,-3.11,0.33,0.004,-0.42,0.095,Bare,0.89,32.74,115.74,300.0,2602.2,1908.7,552.8,97.6,Cold Spot,Persistent
NGP_CELL_285,2023,21.14609,79.05073,Ward 5 (Dhantoli),23.69,-3.59,0.272,-0.094,-0.288,0.155,Bare,0.91,28.87,143.52,300.0,2602.2,1908.7,552.8,92.2,Hot Spot,Persistent
NGP_CELL_285,2024,21.14609,79.05073,Ward 5 (Dhantoli),24.9,-2.83,0.265,0.045,-0.446,0.099,Bare,0.93,45.05,66.63,300.0,2602.2,1908.7,552.8,87.2,Not Significant,Persistent
NGP_CELL_286,2019,21.16855,79.10561,Ward 6 (Satranjipura),30.45,-0.77,0.238,0.242,-0.423,0.203,Built-up,0.7,68.92,182.67,300.4,2225.6,1274.5,435.0,99.1,Cold Spot,Sporadic
NGP_CELL_286,2020,21.16855,79.10561,Ward 6 (Satranjipura),29.51,-1.88,0.219,0.112,-0.393,0.089,Grass,0.87,41.26,163.85,300.4,2225.6,1274.5,435.0,87.5,Cold Spot,Persistent
NGP_CELL_286,2021,21.16855,79.10561,Ward 6 (Satranjipura),32.23,-0.57,0.191,0.22,-0.403,0.19,Built-up,0.71,62.7,208.09,300.4,2225.6,1274.5,435.0,97.2,Cold Spot,Persistent
NGP_CELL_286,2022,21.16855,79.10561,Ward 6 (Satranjipura),29.51,-1.35,0.223,0.206,-0.43,0.205,Built-up,0.7,63.99,111.07,300.4,2225.6,1274.5,435.0,89.1,Hot Spot,Persistent
NGP_CELL_286,2023,21.16855,79.10561,Ward 6 (Satranjipura),30.72,-0.07,0.205,0.352,-0.385,0.199,Built-up,0.74,71.32,213.75,300.4,2225.6,1274.5,435.0,85.7,Not Significant,Emerging
NGP_CELL_286,2024,21.16855,79.10561,Ward 6 (Satranjipura),25.62,-2.47,0.297,-0.016,-0.536,0.096,Crop,0.76,46.57,144.73,300.4,2225.6,1274.5,435.0,90.6,Not Significant,Persistent
NGP_CELL_287,2019,21.11243,79.04674,Ward 7 (Mangalwari),20.98,-5.51,0.405,-0.278,-0.417,0.157,Tree,0.73,12.79,115.83,291.0,4295.6,11.7,191.3,99.4,Hot Spot,Persistent
NGP_CELL_287,2020,21.11243,79.04674,Ward 7 (Mangalwari),27.51,-2.88,0.308,0.022,-0.3,0.105,Bare,0.89,49.91,169.23,291.0,4295.6,11.7,191.3,85.0,Cold Spot,Persistent
NGP_CELL_287,2021,21.11243,79.04674,Ward 7 (Mangalwari),28.25,-2.56,0.264,-0.035,-0.476,0.113,Tree,0.8,28.96,83.89,291.0,4295.6,11.7,191.3,85.1,Cold Spot,Sporadic
NGP_CELL_287,2022,21.11243,79.04674,Ward 7 (Mangalwari),28.43,-1.89,0.236,0.106,-0.296,0.083,Crop,0.84,44.11,154.24,291.0,4295.6,11.7,191.3,95.1,Not Significant,Emerging
NGP_CELL_287,2023,21.11243,79.04674,Ward 7 (Mangalwari),26.32,-2.27,0.315,0.048,-0.217,0.087,Grass,0.68,44.95,163.21,291.0,4295.6,11.7,191.3,98.5,Not Significant,Persistent
NGP_CELL_287,2024,21.11243,79.04674,Ward 7 (Mangalwari),29.18,-0.69,0.168,0.303,-0.345,0.151,Built-up,0.88,73.39,148.72,291.0,4295.6,11.7,191.3,88.4,Not Significant,Diminishing
NGP_CELL_288,2019,21.0837,79.1181,Ward 5 (Dhantoli),22.82,-4.59,0.359,-0.183,-0.402,0.15,Tree,0.9,26.32,90.94,315.4,3439.2,2643.4,270.4,96.3,Cold Spot,Persistent
NGP_CELL_288,2020,21.0837,79.1181,Ward 5 (Dhantoli),28.26,-2.5,0.242,0.003,-0.317,0.112,Crop,0.67,41.3,190.04,315.4,3439.2,2643.4,270.4,97.7,Not Significant,Sporadic
NGP_CELL_288,2021,21.0837,79.1181,Ward 5 (Dhantoli),23.69,-4.84,0.441,-0.252,-0.406,0.134,Tree,0.97,19.81,169.16,315.4,3439.2,2643.4,270.4,91.6,Not Significant,Persistent
NGP_CELL_288,2022,21.0837,79.1181,Ward 5 (Dhantoli),31.98,-0.11,0.197,0.304,-0.539,0.143,Built-up,0.95,75.53,107.9,315.4,3439.2,2643.4,270.4,97.0,Not Significant,Sporadic
NGP_CELL_288,2023,21.0837,79.1181,Ward 5 (Dhantoli),25.55,-2.66,0.278,-0.093,-0.388,0.141,Bare,0.71,33.71,223.77,315.4,3439.2,2643.4,270.4,94.9,Cold Spot,Persistent
NGP_CELL_288,2024,21.0837,79.1181,Ward 5 (Dhantoli),28.41,-1.08,0.106,0.15,-0.387,0.217,Built-up,0.79,59.28,90.09,315.4,3439.2,2643.4,270.4,85.2,Not Significant,Persistent
NGP_CELL_289,2019,21.18037,79.00584,Ward 5 (Dhantoli),27.81,-2.09,0.231,0.016,-0.524,0.143,Crop,0.72,48.47,168.18,292.9,1733.9,2544.1,10.9,100.0,Not Significant,Persistent
NGP_CELL_289,2020,21.18037,79.00584,Ward 5 (Dhantoli),33.13,-0.06,0.194,0.247,-0.381,0.249,Built-up,0.68,66.28,43.36,292.9,1733.9,2544.1,10.9,88.3,Not Significant,Persistent
NGP_CELL_289,2021,21.18037,79.00584,Ward 5 (Dhantoli),29.4,-1.98,0.228,0.062,-0.438,0.177,Built-up,0.85,52.82,113.72,292.9,1733.9,2544.1,10.9,96.0,Not Significant,Persistent
NGP_CELL_289,2022,21.18037,79.00584,Ward 5 (Dhantoli),27.38,-2.42,0.312,0.039,-0.394,0.165,Crop,0.75,47.09,134.15,292.9,1733.9,2544.1,10.9,96.1,Not Significant,Sporadic
NGP_CELL_289,2023,21.18037,79.00584,Ward 5 (Dhantoli),25.99,-2.44,0.309,0.121,-0.432,0.162,Tree,0.89,43.12,60.7,292.9,1733.9,2544.1,10.9,93.9,Not Significant,Emerging
NGP_CELL_289,2024,21.18037,79.00584,Ward 5 (Dhantoli),31.25,0.34,0.147,0.523,-0.216,0.217,Built-up,0.78,82.97,186.33,292.9,1733.9,2544.1,10.9,89.4,Cold Spot,Sporadic
NGP_CELL_290,2019,21.05998,79.12653,Ward 6 (Satranjipura),26.65,-2.67,0.281,-0.037,-0.294,0.119,Crop,0.96,44.65,116.19,289.0,557.8,2286.7,766.6,95.7,Cold Spot,Persistent
NGP_CELL_290,2020,21.05998,79.12653,Ward 6 (Satranjipura),29.62,-1.82,0.251,0.023,-0.243,0.172,Grass,0.72,35.79,64.86,289.0,557.8,2286.7,766.6,92.6,Not Significant,Emerging
NGP_CELL_290,2021,21.05998,79.12653,Ward 6 (Satranjipura),27.36,-3.0,0.265,-0.134,-0.579,0.156,Bare,0.97,32.22,88.1,289.0,557.8,2286.7,766.6,96.7,Not Significant,Persistent
NGP_CELL_290,2022,21.05998,79.12653,Ward 6 (Satranjipura),23.37,-4.42,0.367,-0.224,-0.257,0.094,Tree,0.72,21.52,135.39,289.0,557.8,2286.7,766.6,99.4,Not Significant,Sporadic
NGP_CELL_290,2023,21.05998,79.12653,Ward 6 (Satranjipura),24.64,-3.11,0.396,-0.024,-0.544,0.084,Bare,0.8,28.34,192.12,289.0,557.8,2286.7,766.6,90.5,Cold Spot,Diminishing
NGP_CELL_290,2024,21.05998,79.12653,Ward 6 (Satranjipura),22.29,-4.13,0.298,-0.186,-0.443,0.111,Tree,0.96,23.08,143.27,289.0,557.8,2286.7,766.6,97.8,Not Significant,Persistent
NGP_CELL_291,2019,21.178,79.08023,Ward 8 (Gandhibagh),29.5,-1.25,0.116,0.182,-0.329,0.186,Built-up,0.82,58.59,74.27,308.9,542.4,168.5,644.3,88.4,Cold Spot,Sporadic
NGP_CELL_291,2020,21.178,79.08023,Ward 8 (Gandhibagh),29.14,-2.06,0.269,0.062,-0.269,0.173,Tree,0.74,41.94,120.77,308.9,542.4,168.5,644.3,91.2,Not Significant,Persistent
NGP_CELL_291,2021,21.178,79.08023,Ward 8 (Gandhibagh),24.53,-4.42,0.447,-0.227,-0.435,0.097,Tree,0.86,16.2,107.28,308.9,542.4,168.5,644.3,96.9,Cold Spot,Persistent
NGP_CELL_291,2022,21.178,79.08023,Ward 8 (Gandhibagh),30.34,-0.93,0.16,0.283,-0.577,0.176,Built-up,0.86,63.97,56.47,308.9,542.4,168.5,644.3,88.6,Not Significant,Sporadic
NGP_CELL_291,2023,21.178,79.08023,Ward 8 (Gandhibagh),24.08,-3.39,0.245,-0.1,-0.512,0.097,Crop,0.83,32.02,76.11,308.9,542.4,168.5,644.3,96.4,Cold Spot,Sporadic
NGP_CELL_291,2024,21.178,79.08023,Ward 8 (Gandhibagh),26.05,-2.26,0.262,0.098,-0.23,0.158,Built-up,0.81,54.53,115.07,308.9,542.4,168.5,644.3,91.5,Cold Spot,Persistent
NGP_CELL_292,2019,21.07789,79.02843,Ward 8 (Gandhibagh),26.61,-2.69,0.294,-0.018,-0.221,0.151,Crop,0.95,28.52,97.0,314.0,4818.2,2056.7,263.4,95.6,Not Significant,Diminishing
NGP_CELL_292,2020,21.07789,79.02843,Ward 8 (Gandhibagh),26.58,-3.34,0.295,-0.138,-0.276,0.174,Crop,0.95,35.04,75.82,314.0,4818.2,2056.7,263.4,97.4,Not Significant,Persistent
NGP_CELL_292,2021,21.07789,79.02843,Ward 8 (Gandhibagh),26.09,-3.64,0.363,-0.071,-0.446,0.088,Grass,0.88,36.33,39.11,314.0,4818.2,2056.7,263.4,97.1,Not Significant,Emerging
NGP_CELL_292,2022,21.07789,79.02843,Ward 8 (Gandhibagh),29.41,-1.4,0.273,0.176,-0.47,0.194,Built-up,0.87,60.74,141.85,314.0,4818.2,2056.7,263.4,96.5,Not Significant,Diminishing
NGP_CELL_292,2023,21.07789,79.02843,Ward 8 (Gandhibagh),23.47,-3.7,0.404,-0.042,-0.227,0.112,Bare,0.82,30.48,125.49,314.0,4818.2,2056.7,263.4,98.9,Cold Spot,Persistent
NGP_CELL_292,2024,21.07789,79.02843,Ward 8 (Gandhibagh),27.08,-1.74,0.204,0.13,-0.41,0.143,Tree,0.69,44.35,77.54,314.0,4818.2,2056.7,263.4,95.4,Cold Spot,Persistent
NGP_CELL_293,2019,21.15134,79.05651,Ward 7 (Mangalwari),25.94,-3.03,0.365,0.018,-0.44,0.152,Tree,0.76,42.32,165.95,306.4,2749.7,838.9,219.0,91.3,Cold Spot,Sporadic
NGP_CELL_293,2020,21.15134,79.05651,Ward 7 (Mangalwari),25.46,-3.9,0.3,-0.033,-0.375,0.14,Bare,0.75,32.67,69.99,306.4,2749.7,838.9,219.0,93.6,Cold Spot,Emerging
NGP_CELL_293,2021,21.15134,79.05651,Ward 7 (Mangalwari),26.64,-3.36,0.379,-0.017,-0.205,0.107,Tree,0.69,42.82,179.08,306.4,2749.7,838.9,219.0,94.0,Not Significant,Persistent
NGP_CELL_293,2022,21.15134,79.05651,Ward 7 (Mangalwari),31.3,-0.45,0.067,0.263,-0.419,0.161,Built-up,0.87,72.86,137.51,306.4,2749.7,838.9,219.0,89.3,Not Significant,Persistent
NGP_CELL_293,2023,21.15134,79.05651,Ward 7 (Mangalwari),23.97,-3.45,0.333,-0.073,-0.392,0.162,Crop,0.79,41.59,73.01,306.4,2749.7,838.9,219.0,94.0,Not Significant,Persistent
NGP_CELL_293,2024,21.15134,79.05651,Ward 7 (Mangalwari),32.64,1.04,0.138,0.526,-0.228,0.127,Built-up,0.71,84.47,75.23,306.4,2749.7,838.9,219.0,93.9,Not Significant,Persistent
NGP_CELL_294,2019,21.14475,79.14211,Ward 3 (Dharampeth),22.13,-4.93,0.402,-0.26,-0.247,0.091,Crop,0.78,16.09,168.4,301.6,3645.5,1662.1,759.3,93.1,Not Significant,Persistent
NGP_CELL_294,2020,21.14475,79.14211,Ward 3 (Dharampeth),30.2,-1.53,0.309,0.184,-0.447,0.131,Built-up,0.75,53.66,136.73,301.6,3645.5,1662.1,759.3,96.6,Cold Spot,Diminishing
NGP_CELL_294,2021,21.14475,79.14211,Ward 3 (Dharampeth),30.32,-1.52,0.224,0.078,-0.469,0.134,Tree,0.67,47.06,44.87,301.6,3645.5,1662.1,759.3,94.6,Not Significant,Persistent
NGP_CELL_294,2022,21.14475,79.14211,Ward 3 (Dharampeth),27.15,-2.53,0.434,-0.04,-0.441,0.176,Crop,0.85,31.41,54.39,301.6,3645.5,1662.1,759.3,93.5,Not Significant,Sporadic
NGP_CELL_294,2023,21.14475,79.14211,Ward 3 (Dharampeth),29.42,-0.72,0.184,0.3,-0.507,0.155,Built-up,0.78,73.55,112.87,301.6,3645.5,1662.1,759.3,88.5,Not Significant,Diminishing
NGP_CELL_294,2024,21.14475,79.14211,Ward 3 (Dharampeth),26.5,-2.03,0.132,0.108,-0.301,0.128,Built-up,0.73,56.22,82.12,301.6,3645.5,1662.1,759.3,94.4,Cold Spot,Emerging
NGP_CELL_295,2019,21.14537,79.13855,Ward 8 (Gandhibagh),23.25,-4.38,0.471,-0.138,-0.35,0.089,Tree,0.96,21.62,190.29,308.4,4792.2,2942.5,511.2,94.1,Not Significant,Persistent
NGP_CELL_295,2020,21.14537,79.13855,Ward 8 (Gandhibagh),31.86,-0.7,0.047,0.265,-0.438,0.233,Built-up,0.7,70.59,69.81,308.4,4792.2,2942.5,511.2,94.6,Not Significant,Sporadic
NGP_CELL_295,2021,21.14537,79.13855,Ward 8 (Gandhibagh),32.32,-0.52,0.162,0.278,-0.324,0.133,Built-up,0.81,58.35,150.94,308.4,4792.2,2942.5,511.2,89.1,Not Significant,Persistent
NGP_CELL_295,2022,21.14537,79.13855,Ward 8 (Gandhibagh),27.34,-2.44,0.193,0.105,-0.447,0.093,Tree,0.85,46.75,127.24,308.4,4792.2,2942.5,511.2,97.2,Not Significant,Persistent
NGP_CELL_295,2023,21.14537,79.13855,Ward 8 (Gandhibagh),28.05,-1.41,0.181,0.169,-0.464,0.204,Built-up,0.68,62.65,138.48,308.4,4792.2,2942.5,511.2,89.3,Not Significant,Persistent
NGP_CELL_295,2024,21.14537,79.13855,Ward 8 (Gandhibagh),28.84,-0.86,0.25,0.319,-0.359,0.124,Built-up,0.74,68.83,232.16,308.4,4792.2,2942.5,511.2,86.8,Not Significant,Sporadic
NGP_CELL_296,2019,21.18598,79.02272,Ward 3 (Dharampeth),27.4,-2.3,0.243,0.041,-0.285,0.138,Crop,0.87,40.09,186.22,293.4,1489.2,104.4,761.5,88.4,Not Significant,Diminishing
NGP_CELL_296,2020,21.18598,79.02272,Ward 3 (Dharampeth),29.83,-1.71,0.308,0.102,-0.345,0.234,Built-up,0.97,50.94,30.91,293.4,1489.2,104.4,761.5,96.4,Not Significant,Emerging
NGP_CELL_296,2021,21.18598,79.02272,Ward 3 (Dharampeth),30.75,-1.31,0.098,0.228,-0.455,0.16,Built-up,0.76,65.5,111.63,293.4,1489.2,104.4,761.5,85.5,Not Significant,Sporadic
NGP_CELL_296,2022,21.18598,79.02272,Ward 3 (Dharampeth),24.89,-3.66,0.389,-0.124,-0.39,0.112,Crop,0.8,22.52,129.85,293.4,1489.2,104.4,761.5,93.7,Not Significant,Emerging
NGP_CELL_296,2023,21.18598,79.02272,Ward 3 (Dharampeth),27.19,-1.84,0.154,0.178,-0.454,0.213,Built-up,0.87,59.07,94.52,293.4,1489.2,104.4,761.5,90.7,Cold Spot,Diminishing
NGP_CELL_296,2024,21.18598,79.02272,Ward 3 (Dharampeth),24.24,-3.16,0.362,-0.035,-0.522,0.108,Tree,0.88,44.49,165.0,293.4,1489.2,104.4,761.5,97.7,Not Significant,Persistent
NGP_CELL_297,2019,21.19679,79.03654,Ward 10 (Sanjay Gandhi Nagar),22.35,-4.83,0.52,-0.285,-0.543,0.143,Bare,0.66,15.67,55.91,303.1,4167.8,658.1,667.0,99.3,Not Significant,Persistent
NGP_CELL_297,2020,21.19679,79.03654,Ward 10 (Sanjay Gandhi Nagar),26.09,-3.59,0.408,-0.106,-0.267,0.162,Grass,0.94,34.08,115.47,303.1,4167.8,658.1,667.0,89.1,Not Significant,Emerging
NGP_CELL_297,2021,21.19679,79.03654,Ward 10 (Sanjay Gandhi Nagar),29.52,-1.92,0.244,0.094,-0.511,0.179,Tree,0.88,41.62,192.09,303.1,4167.8,658.1,667.0,94.9,Not Significant,Persistent
NGP_CELL_297,2022,21.19679,79.03654,Ward 10 (Sanjay Gandhi Nagar),31.23,-0.49,0.214,0.414,-0.294,0.246,Built-up,0.65,72.26,117.77,303.1,4167.8,658.1,667.0,85.5,Not Significant,Persistent
NGP_CELL_297,2023,21.19679,79.03654,Ward 10 (Sanjay Gandhi Nagar),29.04,-0.91,0.141,0.287,-0.318,0.249,Built-up,0.74,65.49,58.87,303.1,4167.8,658.1,667.0,97.1,Not Significant,Persistent
NGP_CELL_297,2024,21.19679,79.03654,Ward 10 (Sanjay Gandhi Nagar),25.51,-2.53,0.263,0.175,-0.423,0.153,Built-up,0.68,66.36,63.81,303.1,4167.8,658.1,667.0,86.9,Not Significant,Persistent
NGP_CELL_298,2019,21.05284,79.06276,Ward 7 (Mangalwari),30.68,-0.66,0.222,0.279,-0.353,0.149,Built-up,0.85,61.06,145.79,315.2,4531.2,1589.4,433.7,94.4,Not Significant,Persistent
NGP_CELL_298,2020,21.05284,79.06276,Ward 7 (Mangalwari),27.64,-2.81,0.351,0.038,-0.577,0.099,Crop,0.95,48.17,110.7,315.2,4531.2,1589.4,433.7,86.9,Not Significant,Persistent
NGP_CELL_298,2021,21.05284,79.06276,Ward 7 (Mangalwari),33.25,-0.06,0.173,0.317,-0.347,0.194,Built-up,0.71,67.64,153.17,315.2,4531.2,1589.4,433.7,94.8,Cold Spot,Sporadic
NGP_CELL_298,2022,21.05284,79.06276,Ward 7 (Mangalwari),28.27,-1.97,0.243,0.167,-0.32,0.246,Built-up,0.67,51.07,190.21,315.2,4531.2,1589.4,433.7,85.4,Cold Spot,Emerging
NGP_CELL_298,2023,21.05284,79.06276,Ward 7 (Mangalwari),27.63,-1.62,0.137,0.123,-0.217,0.156,Built-up,0.65,54.46,180.77,315.2,4531.2,1589.4,433.7,86.1,Not Significant,Persistent
NGP_CELL_298,2024,21.05284,79.06276,Ward 7 (Mangalwari),29.62,-0.47,0.092,0.209,-0.272,0.138,Built-up,0.85,70.07,195.39,315.2,4531.2,1589.4,433.7,90.4,Not Significant,Sporadic
NGP_CELL_299,2019,21.05337,79.08388,Ward 8 (Gandhibagh),31.05,-0.47,0.166,0.371,-0.217,0.142,Built-up,0.98,69.62,160.64,285.9,1268.8,1380.3,89.3,94.3,Not Significant,Persistent
NGP_CELL_299,2020,21.05337,79.08388,Ward 8 (Gandhibagh),29.47,-1.9,0.289,0.14,-0.311,0.156,Built-up,0.87,58.99,167.28,285.9,1268.8,1380.3,89.3,92.7,Not Significant,Persistent
NGP_CELL_299,2021,21.05337,79.08388,Ward 8 (Gandhibagh),32.56,-0.4,0.259,0.29,-0.204,0.17,Built-up,0.98,61.06,48.25,285.9,1268.8,1380.3,89.3,90.9,Cold Spot,Persistent
NGP_CELL_299,2022,21.05337,79.08388,Ward 8 (Gandhibagh),31.11,-0.55,0.259,0.31,-0.581,0.229,Built-up,0.95,66.34,70.65,285.9,1268.8,1380.3,89.3,98.6,Not Significant,Persistent
NGP_CELL_299,2023,21.05337,79.08388,Ward 8 (Gandhibagh),27.32,-1.77,0.211,0.093,-0.469,0.146,Tree,0.77,46.42,119.04,285.9,1268.8,1380.3,89.3,88.6,Hot Spot,Sporadic
NGP_CELL_299,2024,21.05337,79.08388,Ward 8 (Gandhibagh),30.42,-0.07,0.148,0.288,-0.365,0.227,Built-up,0.92,74.82,61.34,285.9,1268.8,1380.3,89.3,85.7,Not Significant,Emerging
NGP_CELL_300,2019,21.14036,79.09751,Ward 5 (Dhantoli),29.32,-1.34,0.184,0.194,-0.201,0.207,Built-up,0.8,63.33,179.48,292.1,830.5,1280.0,30.3,98.2,Not Significant,Sporadic
NGP_CELL_300,2020,21.14036,79.09751,Ward 5 (Dhantoli),25.4,-3.93,0.448,-0.173,-0.378,0.112,Crop,0.88,20.77,148.1,292.1,830.5,1280.0,30.3,96.7,Cold Spot,Persistent
NGP_CELL_300,2021,21.14036,79.09751,Ward 5 (Dhantoli),29.88,-1.74,0.307,0.119,-0.439,0.136,Crop,0.91,45.62,137.63,292.1,830.5,1280.0,30.3,88.1,Cold Spot,Persistent
NGP_CELL_300,2022,21.14036,79.09751,Ward 5 (Dhantoli),28.5,-1.86,0.203,0.079,-0.208,0.143,Built-up,0.77,51.22,102.45,292.1,830.5,1280.0,30.3,96.3,Not Significant,Persistent
NGP_CELL_300,2023,21.14036,79.09751,Ward 5 (Dhantoli),29.23,-0.82,0.109,0.282,-0.288,0.178,Built-up,0.69,64.59,166.73,292.1,830.5,1280.0,30.3,98.5,Not Significant,Persistent
NGP_CELL_300,2024,21.14036,79.09751,Ward 5 (Dhantoli),23.82,-3.37,0.309,-0.031,-0.278,0.133,Tree,0.65,43.88,192.34,292.1,830.5,1280.0,30.3,97.4,Cold Spot,Emerging
NGP_CELL_301,2019,21.13703,79.05106,Ward 3 (Dharampeth),29.11,-1.45,0.271,0.196,-0.591,0.157,Built-up,0.97,51.99,147.15,294.1,3814.0,629.5,474.1,86.5,Not Significant,Emerging
NGP_CELL_301,2020,21.13703,79.05106,Ward 3 (Dharampeth),23.72,-4.77,0.379,-0.276,-0.469,0.128,Tree,0.93,14.87,181.13,294.1,3814.0,629.5,474.1,98.0,Cold Spot,Persistent
NGP_CELL_301,2021,21.13703,79.05106,Ward 3 (Dharampeth),31.17,-1.1,0.253,0.321,-0.3,0.24,Built-up,0.82,64.04,191.65,294.1,3814.0,629.5,474.1,89.6,Not Significant,Emerging
NGP_CELL_301,2022,21.13703,79.05106,Ward 3 (Dharampeth),31.98,-0.11,0.067,0.305,-0.307,0.158,Built-up,0.7,72.04,169.85,294.1,3814.0,629.5,474.1,90.0,Hot Spot,Sporadic
NGP_CELL_301,2023,21.13703,79.05106,Ward 3 (Dharampeth),25.83,-2.52,0.267,0.217,-0.332,0.134,Built-up,0.93,63.93,222.43,294.1,3814.0,629.5,474.1,88.2,Not Significant,Sporadic
NGP_CELL_301,2024,21.13703,79.05106,Ward 3 (Dharampeth),23.25,-3.66,0.415,-0.066,-0.29,0.17,Bare,0.9,35.52,146.65,294.1,3814.0,629.5,474.1,94.0,Cold Spot,Persistent
NGP_CELL_302,2019,21.06113,79.11228,Ward 5 (Dhantoli),26.0,-3.0,0.273,-0.08,-0.304,0.156,Tree,0.81,27.39,110.86,312.1,3983.1,1008.4,558.3,94.2,Cold Spot,Persistent
NGP_CELL_302,2020,21.06113,79.11228,Ward 5 (Dhantoli),23.34,-4.96,0.34,-0.238,-0.544,0.136,Tree,0.91,14.99,28.4,312.1,3983.1,1008.4,558.3,96.6,Not Significant,Diminishing
NGP_CELL_302,2021,21.06113,79.11228,Ward 5 (Dhantoli),28.31,-2.53,0.274,-0.038,-0.513,0.086,Bare,0.89,29.19,62.28,312.1,3983.1,1008.4,558.3,88.5,Cold Spot,Persistent
NGP_CELL_302,2022,21.06113,79.11228,Ward 5 (Dhantoli),30.4,-0.9,0.074,0.202,-0.309,0.219,Built-up,0.75,67.56,141.03,312.1,3983.1,1008.4,558.3,96.0,Not Significant,Persistent
NGP_CELL_302,2023,21.06113,79.11228,Ward 5 (Dhantoli),29.47,-0.7,0.132,0.216,-0.486,0.138,Built-up,0.72,57.26,111.75,312.1,3983.1,1008.4,558.3,97.4,Not Significant,Persistent
NGP_CELL_302,2024,21.06113,79.11228,Ward 5 (Dhantoli),23.26,-3.65,0.306,-0.05,-0.263,0.15,Tree,0.74,35.14,151.9,312.1,3983.1,1008.4,558.3,95.0,Cold Spot,Persistent
NGP_CELL_303,2019,21.1265,79.01075,Ward 4 (Hanuman Nagar),25.99,-3.0,0.352,-0.03,-0.478,0.107,Grass,0.7,33.74,117.77,305.1,358.5,404.1,464.6,91.6,Not Significant,Persistent
NGP_CELL_303,2020,21.1265,79.01075,Ward 4 (Hanuman Nagar),28.03,-2.61,0.334,-0.066,-0.27,0.18,Bare,0.96,41.78,189.2,305.1,358.5,404.1,464.6,93.7,Cold Spot,Diminishing
NGP_CELL_303,2021,21.1265,79.01075,Ward 4 (Hanuman Nagar),22.95,-5.21,0.442,-0.226,-0.221,0.1,Crop,0.95,19.67,84.94,305.1,358.5,404.1,464.6,96.6,Cold Spot,Persistent
NGP_CELL_303,2022,21.1265,79.01075,Ward 4 (Hanuman Nagar),30.24,-0.99,0.305,0.209,-0.232,0.134,Built-up,0.82,58.6,49.23,305.1,358.5,404.1,464.6,93.9,Not Significant,Persistent
NGP_CELL_303,2023,21.1265,79.01075,Ward 4 (Hanuman Nagar),24.36,-3.25,0.429,-0.188,-0.214,0.102,Grass,0.87,20.93,174.27,305.1,358.5,404.1,464.6,87.1,Cold Spot,Persistent
NGP_CELL_303,2024,21.1265,79.01075,Ward 4 (Hanuman Nagar),23.06,-3.75,0.417,-0.117,-0.471,0.119,Tree,0.79,35.59,204.6,305.1,358.5,404.1,464.6,99.1,Cold Spot,Persistent
NGP_CELL_304,2019,21.08684,79.00002,Ward 8 (Gandhibagh),27.75,-2.13,-0.067,-0.024,0.721,0.092,Water,0.89,34.14,108.72,299.8,177.1,2013.2,300.9,92.9,Not Significant,Persistent
NGP_CELL_304,2020,21.08684,79.00002,Ward 8 (Gandhibagh),29.04,-2.11,-0.227,-0.187,0.444,0.168,Water,0.69,28.64,43.59,299.8,177.1,2013.2,300.9,95.1,Not Significant,Emerging
NGP_CELL_304,2021,21.08684,79.00002,Ward 8 (Gandhibagh),33.64,0.14,0.139,0.339,-0.287,0.18,Built-up,0.76,65.97,113.62,299.8,177.1,2013.2,300.9,85.1,Hot Spot,Persistent
NGP_CELL_304,2022,21.08684,79.00002,Ward 8 (Gandhibagh),28.53,-1.84,0.207,0.114,-0.4,0.152,Built-up,0.75,60.11,31.72,299.8,177.1,2013.2,300.9,89.1,Not Significant,Sporadic
NGP_CELL_304,2023,21.08684,79.00002,Ward 8 (Gandhibagh),26.34,-2.26,-0.176,-0.003,0.662,0.146,Water,0.89,45.69,207.67,299.8,177.1,2013.2,300.9,97.5,Cold Spot,Emerging
NGP_CELL_304,2024,21.08684,79.00002,Ward 8 (Gandhibagh),27.3,-1.63,-0.154,0.017,0.785,0.178,Water,0.72,45.13,87.54,299.8,177.1,2013.2,300.9,96.3,Not Significant,Persistent
NGP_CELL_305,2019,21.19885,79.01553,Ward 3 (Dharampeth),29.58,-1.21,0.267,0.247,-0.281,0.193,Built-up,0.89,64.96,61.78,286.3,4886.5,215.3,428.1,98.8,Not Significant,Diminishing
NGP_CELL_305,2020,21.19885,79.01553,Ward 3 (Dharampeth),26.24,-3.51,0.3,-0.036,-0.534,0.155,Tree,0.83,31.74,71.21,286.3,4886.5,215.3,428.1,95.1,Hot Spot,Persistent
NGP_CELL_305,2021,21.19885,79.01553,Ward 3 (Dharampeth),31.92,-0.72,0.143,0.176,-0.389,0.242,Built-up,0.7,53.08,50.83,286.3,4886.5,215.3,428.1,89.2,Not Significant,Persistent
NGP_CELL_305,2022,21.19885,79.01553,Ward 3 (Dharampeth),27.65,-2.28,0.337,0.042,-0.337,0.131,Crop,0.93,37.57,66.34,286.3,4886.5,215.3,428.1,88.6,Not Significant,Persistent
NGP_CELL_305,2023,21.19885,79.01553,Ward 3 (Dharampeth),29.68,-0.59,0.111,0.295,-0.223,0.16,Built-up,0.79,62.79,113.16,286.3,4886.5,215.3,428.1,99.1,Not Significant,Persistent
NGP_CELL_305,2024,21.19885,79.01553,Ward 3 (Dharampeth),31.0,0.22,0.03,0.385,-0.498,0.124,Built-up,0.81,77.37,137.2,286.3,4886.5,215.3,428.1,90.0,Not Significant,Persistent
NGP_CELL_306,2019,21.14147,79.07851,Ward 3 (Dharampeth),23.97,-4.02,0.394,-0.143,-0.472,0.164,Tree,0.75,22.18,170.91,308.2,4243.6,1611.5,519.9,96.9,Not Significant,Sporadic
NGP_CELL_306,2020,21.14147,79.07851,Ward 3 (Dharampeth),27.62,-2.82,0.24,-0.028,-0.36,0.178,Grass,0.75,31.99,35.95,308.2,4243.6,1611.5,519.9,89.7,Cold Spot,Diminishing
NGP_CELL_306,2021,21.14147,79.07851,Ward 3 (Dharampeth),27.45,-2.96,0.289,-0.137,-0.295,0.1,Grass,0.85,34.45,212.97,308.2,4243.6,1611.5,519.9,96.6,Not Significant,Sporadic
NGP_CELL_306,2022,21.14147,79.07851,Ward 3 (Dharampeth),25.97,-3.12,0.259,-0.073,-0.231,0.093,Crop,0.93,29.37,137.78,308.2,4243.6,1611.5,519.9,99.6,Cold Spot,Emerging
NGP_CELL_306,2023,21.14147,79.07851,Ward 3 (Dharampeth),27.26,-1.8,0.336,0.041,-0.482,0.105,Crop,0.67,41.23,67.43,308.2,4243.6,1611.5,519.9,91.8,Cold Spot,Emerging
NGP_CELL_306,2024,21.14147,79.07851,Ward 3 (Dharampeth),26.08,-2.24,0.262,0.05,-0.425,0.198,Built-up,0.7,54.15,94.9,308.2,4243.6,1611.5,519.9,99.1,Not Significant,Emerging
NGP_CELL_307,2019,21.10616,79.02,Ward 7 (Mangalwari),25.82,-3.09,0.239,-0.09,-0.342,0.093,Crop,0.78,36.7,180.89,294.1,1700.7,2769.7,40.9,94.4,Not Significant,Persistent
NGP_CELL_307,2020,21.10616,79.02,Ward 7 (Mangalwari),26.18,-3.54,0.285,-0.174,-0.448,0.126,Grass,0.7,25.57,195.98,294.1,1700.7,2769.7,40.9,95.8,Not Significant,Persistent
NGP_CELL_307,2021,21.10616,79.02,Ward 7 (Mangalwari),29.34,-2.01,0.24,0.079,-0.506,0.157,Crop,0.83,43.57,82.93,294.1,1700.7,2769.7,40.9,92.9,Not Significant,Emerging
NGP_CELL_307,2022,21.10616,79.02,Ward 7 (Mangalwari),23.31,-4.45,0.41,-0.204,-0.432,0.168,Crop,0.74,17.19,152.21,294.1,1700.7,2769.7,40.9,92.9,Cold Spot,Persistent
NGP_CELL_307,2023,21.10616,79.02,Ward 7 (Mangalwari),27.02,-1.92,0.349,0.171,-0.284,0.1,Crop,0.83,49.41,90.99,294.1,1700.7,2769.7,40.9,95.4,Not Significant,Diminishing
NGP_CELL_307,2024,21.10616,79.02,Ward 7 (Mangalwari),32.36,0.9,0.058,0.477,-0.386,0.13,Built-up,0.75,83.02,214.51,294.1,1700.7,2769.7,40.9,97.6,Not Significant,Persistent
NGP_CELL_308,2019,21.08372,79.0029,Ward 3 (Dharampeth),25.44,-3.28,0.342,-0.184,-0.274,0.111,Bare,0.82,15.76,176.9,299.2,3719.3,1449.6,253.2,90.6,Not Significant,Emerging
NGP_CELL_308,2020,21.08372,79.0029,Ward 3 (Dharampeth),27.73,-2.77,0.339,0.056,-0.391,0.089,Tree,0.96,39.64,47.24,299.2,3719.3,1449.6,253.2,93.7,Not Significant,Persistent
NGP_CELL_308,2021,21.08372,79.0029,Ward 3 (Dharampeth),25.81,-3.78,0.386,-0.117,-0.53,0.123,Crop,0.87,33.91,84.83,299.2,3719.3,1449.6,253.2,97.5,Not Significant,Persistent
NGP_CELL_308,2022,21.08372,79.0029,Ward 3 (Dharampeth),23.4,-4.41,0.346,-0.258,-0.477,0.179,Grass,0.95,17.61,81.36,299.2,3719.3,1449.6,253.2,95.2,Cold Spot,Persistent
NGP_CELL_308,2023,21.08372,79.0029,Ward 3 (Dharampeth),25.51,-2.68,0.313,0.091,-0.32,0.111,Tree,0.78,47.54,194.4,299.2,3719.3,1449.6,253.2,94.5,Not Significant,Persistent
NGP_CELL_308,2024,21.08372,79.0029,Ward 3 (Dharampeth),28.51,-1.03,0.148,0.138,-0.327,0.237,Built-up,0.76,58.86,99.24,299.2,3719.3,1449.6,253.2,90.3,Cold Spot,Persistent
NGP_CELL_309,2019,21.07093,79.01651,Ward 7 (Mangalwari),30.42,-0.79,0.075,0.324,-0.531,0.214,Built-up,0.8,66.0,24.86,303.5,1619.2,934.9,101.2,95.5,Not Significant,Persistent
NGP_CELL_309,2020,21.07093,79.01651,Ward 7 (Mangalwari),29.89,-1.68,0.314,0.188,-0.589,0.133,Built-up,0.84,51.7,50.03,303.5,1619.2,934.9,101.2,86.7,Not Significant,Emerging
NGP_CELL_309,2021,21.07093,79.01651,Ward 7 (Mangalwari),26.42,-3.47,0.407,-0.05,-0.522,0.107,Tree,0.66,37.96,170.5,303.5,1619.2,934.9,101.2,96.7,Not Significant,Persistent
NGP_CELL_309,2022,21.07093,79.01651,Ward 7 (Mangalwari),27.74,-2.23,0.186,0.014,-0.517,0.095,Crop,0.94,49.79,65.44,303.5,1619.2,934.9,101.2,97.5,Not Significant,Emerging
NGP_CELL_309,2023,21.07093,79.01651,Ward 7 (Mangalwari),20.55,-5.15,0.424,-0.275,-0.269,0.129,Tree,0.65,21.88,196.74,303.5,1619.2,934.9,101.2,90.2,Cold Spot,Diminishing
NGP_CELL_309,2024,21.07093,79.01651,Ward 7 (Mangalwari),29.85,-0.36,0.165,0.224,-0.426,0.228,Built-up,0.67,62.14,87.84,303.5,1619.2,934.9,101.2,92.6,Not Significant,Persistent
NGP_CELL_310,2019,21.1731,79.08644,Ward 3 (Dharampeth),25.48,-3.26,0.408,-0.046,-0.577,0.128,Tree,0.9,36.09,89.1,302.3,3413.2,2097.7,369.5,93.8,Not Significant,Emerging
NGP_CELL_310,2020,21.1731,79.08644,Ward 3 (Dharampeth),31.6,-0.83,0.178,0.291,-0.222,0.188,Built-up,0.66,68.91,47.47,302.3,3413.2,2097.7,369.5,96.7,Not Significant,Persistent
NGP_CELL_310,2021,21.1731,79.08644,Ward 3 (Dharampeth),31.37,-0.99,0.135,0.244,-0.26,0.163,Built-up,0.93,62.13,182.88,302.3,3413.2,2097.7,369.5,89.1,Not Significant,Sporadic
NGP_CELL_310,2022,21.1731,79.08644,Ward 3 (Dharampeth),24.81,-3.7,0.361,-0.114,-0.349,0.093,Grass,0.9,26.61,205.68,302.3,3413.2,2097.7,369.5,87.9,Not Significant,Persistent
NGP_CELL_310,2023,21.1731,79.08644,Ward 3 (Dharampeth),29.22,-0.82,0.15,0.297,-0.213,0.154,Built-up,0.79,77.98,100.2,302.3,3413.2,2097.7,369.5,98.7,Not Significant,Emerging
NGP_CELL_310,2024,21.1731,79.08644,Ward 3 (Dharampeth),29.53,-0.52,0.148,0.291,-0.269,0.152,Built-up,0.74,71.0,55.65,302.3,3413.2,2097.7,369.5,88.0,Not Significant,Sporadic
NGP_CELL_311,2019,21.19902,79.08526,Ward 9 (Nehru Nagar),24.13,-3.94,0.317,-0.232,-0.533,0.136,Grass,0.79,16.52,86.23,293.1,2109.0,1460.0,743.6,99.1,Not Significant,Persistent
NGP_CELL_311,2020,21.19902,79.08526,Ward 9 (Nehru Nagar),24.36,-4.45,0.305,-0.198,-0.464,0.109,Crop,0.88,29.02,74.01,293.1,2109.0,1460.0,743.6,86.6,Cold Spot,Persistent
NGP_CELL_311,2021,21.19902,79.08526,Ward 9 (Nehru Nagar),30.06,-1.65,0.144,0.084,-0.523,0.134,Built-up,0.7,55.37,114.83,293.1,2109.0,1460.0,743.6,99.8,Not Significant,Persistent
NGP_CELL_311,2022,21.19902,79.08526,Ward 9 (Nehru Nagar),27.89,-2.16,0.2,0.181,-0.547,0.146,Built-up,0.84,53.16,187.35,293.1,2109.0,1460.0,743.6,95.3,Not Significant,Persistent
NGP_CELL_311,2023,21.19902,79.08526,Ward 9 (Nehru Nagar),29.86,-0.5,0.166,0.348,-0.525,0.188,Built-up,0.96,75.39,112.09,293.1,2109.0,1460.0,743.6,97.2,Not Significant,Persistent
NGP_CELL_311,2024,21.19902,79.08526,Ward 9 (Nehru Nagar),28.0,-1.28,0.2,0.15,-0.237,0.215,Built-up,0.88,64.22,79.59,293.1,2109.0,1460.0,743.6,89.1,Not Significant,Persistent
NGP_CELL_312,2019,21.10089,79.07838,Ward 2 (Ashinagar),30.44,-0.78,0.166,0.073,-0.277,0.137,Bare,0.94,47.16,187.56,299.6,1658.0,2159.0,722.3,92.3,Not Significant,Diminishing
NGP_CELL_312,2020,21.10089,79.07838,Ward 2 (Ashinagar),25.94,-3.66,0.272,-0.092,-0.291,0.121,Crop,0.93,27.83,155.69,299.6,1658.0,2159.0,722.3,99.3,Not Significant,Persistent
NGP_CELL_312,2021,21.10089,79.07838,Ward 2 (Ashinagar),29.07,-2.15,0.261,0.072,-0.306,0.16,Tree,0.85,39.96,75.19,299.6,1658.0,2159.0,722.3,97.7,Cold Spot,Sporadic
NGP_CELL_312,2022,21.10089,79.07838,Ward 2 (Ashinagar),26.58,-2.82,0.337,-0.048,-0.234,0.118,Tree,0.71,34.71,88.49,299.6,1658.0,2159.0,722.3,88.3,Not Significant,Persistent
NGP_CELL_312,2023,21.10089,79.07838,Ward 2 (Ashinagar),30.9,0.02,0.078,0.31,-0.205,0.188,Built-up,0.7,72.45,142.96,299.6,1658.0,2159.0,722.3,85.3,Not Significant,Diminishing
NGP_CELL_312,2024,21.10089,79.07838,Ward 2 (Ashinagar),26.08,-2.24,0.317,0.135,-0.244,0.117,Grass,0.9,46.07,167.94,299.6,1658.0,2159.0,722.3,87.7,Not Significant,Sporadic
NGP_CELL_313,2019,21.06514,79.14505,Ward 6 (Satranjipura),25.97,-3.02,-0.126,-0.156,0.532,0.14,Water,0.73,20.02,63.12,307.0,61.1,859.6,152.9,86.8,Not Significant,Persistent
NGP_CELL_313,2020,21.06514,79.14505,Ward 6 (Satranjipura),31.32,-0.97,0.152,0.156,-0.263,0.244,Built-up,0.84,60.41,42.88,307.0,61.1,859.6,152.9,92.5,Not Significant,Emerging
NGP_CELL_313,2021,21.06514,79.14505,Ward 6 (Satranjipura),26.52,-3.42,-0.109,-0.262,0.661,0.101,Water,0.73,18.12,51.61,307.0,61.1,859.6,152.9,98.4,Not Significant,Emerging
NGP_CELL_313,2022,21.06514,79.14505,Ward 6 (Satranjipura),26.0,-3.1,-0.137,-0.256,0.489,0.138,Water,0.7,18.92,182.88,307.0,61.1,859.6,152.9,90.6,Cold Spot,Emerging
NGP_CELL_313,2023,21.06514,79.14505,Ward 6 (Satranjipura),28.8,-1.03,-0.178,0.007,0.412,0.165,Water,0.79,46.03,61.39,307.0,61.1,859.6,152.9,99.2,Not Significant,Persistent
NGP_CELL_313,2024,21.06514,79.14505,Ward 6 (Satranjipura),27.0,-1.78,-0.046,0.094,0.513,0.14,Water,0.79,45.11,172.73,307.0,61.1,859.6,152.9,91.5,Hot Spot,Sporadic
NGP_CELL_314,2019,21.06842,79.07649,Ward 3 (Dharampeth),29.41,-1.29,0.205,0.26,-0.404,0.205,Built-up,0.76,63.74,124.29,309.2,4419.4,241.0,628.5,99.3,Cold Spot,Diminishing
NGP_CELL_314,2020,21.06842,79.07649,Ward 3 (Dharampeth),25.98,-3.64,0.397,-0.166,-0.452,0.081,Bare,0.95,19.86,163.87,309.2,4419.4,241.0,628.5,96.4,Not Significant,Persistent
NGP_CELL_314,2021,21.06842,79.07649,Ward 3 (Dharampeth),24.86,-4.25,0.467,-0.21,-0.216,0.111,Tree,0.65,14.71,188.7,309.2,4419.4,241.0,628.5,97.8,Cold Spot,Persistent
NGP_CELL_314,2022,21.06842,79.07649,Ward 3 (Dharampeth),33.15,0.47,0.072,0.461,-0.203,0.134,Built-up,0.86,78.65,198.94,309.2,4419.4,241.0,628.5,94.5,Not Significant,Sporadic
NGP_CELL_314,2023,21.06842,79.07649,Ward 3 (Dharampeth),29.96,-0.45,0.199,0.273,-0.222,0.184,Built-up,0.66,69.96,94.3,309.2,4419.4,241.0,628.5,98.3,Not Significant,Persistent
NGP_CELL_314,2024,21.06842,79.07649,Ward 3 (Dharampeth),26.36,-2.1,0.249,0.077,-0.244,0.1,Bare,0.94,38.08,186.56,309.2,4419.4,241.0,628.5,85.9,Not Significant,Emerging
NGP_CELL_315,2019,21.14647,79.04013,Ward 10 (Sanjay Gandhi Nagar),26.33,-2.83,0.281,0.019,-0.286,0.089,Tree,0.83,45.31,48.6,295.9,1519.6,724.9,484.4,98.0,Cold Spot,Persistent
NGP_CELL_315,2020,21.14647,79.04013,Ward 10 (Sanjay Gandhi Nagar),26.78,-3.24,0.399,-0.125,-0.204,0.125,Bare,0.83,34.11,200.54,295.9,1519.6,724.9,484.4,86.9,Cold Spot,Persistent
NGP_CELL_315,2021,21.14647,79.04013,Ward 10 (Sanjay Gandhi Nagar),26.73,-3.32,0.199,-0.014,-0.297,0.115,Crop,0.67,44.67,107.9,295.9,1519.6,724.9,484.4,95.4,Not Significant,Persistent
NGP_CELL_315,2022,21.14647,79.04013,Ward 10 (Sanjay Gandhi Nagar),24.7,-3.76,0.329,-0.141,-0.34,0.125,Tree,0.85,33.67,72.64,295.9,1519.6,724.9,484.4,88.3,Cold Spot,Persistent
NGP_CELL_315,2023,21.14647,79.04013,Ward 10 (Sanjay Gandhi Nagar),22.37,-4.25,0.326,-0.135,-0.307,0.152,Grass,0.76,30.98,150.26,295.9,1519.6,724.9,484.4,88.8,Cold Spot,Persistent
NGP_CELL_315,2024,21.14647,79.04013,Ward 10 (Sanjay Gandhi Nagar),26.29,-2.14,0.194,0.037,-0.589,0.149,Tree,0.92,45.52,189.53,295.9,1519.6,724.9,484.4,96.8,Hot Spot,Emerging
NGP_CELL_316,2019,21.13826,79.05681,Ward 10 (Sanjay Gandhi Nagar),29.57,-1.22,0.238,0.167,-0.384,0.141,Built-up,0.73,53.9,185.98,280.2,3367.9,1845.4,590.6,91.3,Not Significant,Emerging
NGP_CELL_316,2020,21.13826,79.05681,Ward 10 (Sanjay Gandhi Nagar),26.18,-3.54,0.352,-0.124,-0.28,0.107,Bare,0.9,35.32,63.11,280.2,3367.9,1845.4,590.6,85.8,Not Significant,Diminishing
NGP_CELL_316,2021,21.13826,79.05681,Ward 10 (Sanjay Gandhi Nagar),30.78,-1.29,0.106,0.211,-0.436,0.173,Built-up,0.85,66.4,61.62,280.2,3367.9,1845.4,590.6,99.5,Not Significant,Persistent
NGP_CELL_316,2022,21.13826,79.05681,Ward 10 (Sanjay Gandhi Nagar),25.9,-3.16,0.293,-0.123,-0.427,0.116,Tree,0.84,30.22,164.6,280.2,3367.9,1845.4,590.6,89.7,Not Significant,Persistent
NGP_CELL_316,2023,21.13826,79.05681,Ward 10 (Sanjay Gandhi Nagar),26.91,-1.98,0.315,0.072,-0.418,0.243,Built-up,0.91,51.74,36.89,280.2,3367.9,1845.4,590.6,95.9,Cold Spot,Persistent
NGP_CELL_316,2024,21.13826,79.05681,Ward 10 (Sanjay Gandhi Nagar),27.05,-1.76,0.224,0.053,-0.283,0.118,Crop,0.91,36.2,225.18,280.2,3367.9,1845.4,590.6,86.0,Cold Spot,Persistent
NGP_CELL_317,2019,21.05029,79.14046,Ward 8 (Gandhibagh),29.37,-1.32,0.253,0.176,-0.481,0.14,Built-up,0.88,58.51,40.08,292.6,4577.5,130.7,189.2,97.4,Cold Spot,Persistent
NGP_CELL_317,2020,21.05029,79.14046,Ward 8 (Gandhibagh),25.98,-3.64,0.252,-0.057,-0.497,0.123,Crop,0.78,41.01,159.25,292.6,4577.5,130.7,189.2,98.3,Not Significant,Sporadic
NGP_CELL_317,2021,21.05029,79.14046,Ward 8 (Gandhibagh),27.02,-3.17,0.361,-0.162,-0.22,0.118,Grass,0.93,20.96,106.64,292.6,4577.5,130.7,189.2,90.7,Cold Spot,Emerging
NGP_CELL_317,2022,21.05029,79.14046,Ward 8 (Gandhibagh),24.69,-3.76,0.389,-0.127,-0.438,0.089,Tree,0.85,28.91,184.67,292.6,4577.5,130.7,189.2,85.1,Not Significant,Persistent
NGP_CELL_317,2023,21.05029,79.14046,Ward 8 (Gandhibagh),27.59,-1.64,0.198,0.152,-0.296,0.179,Built-up,0.82,51.23,179.41,292.6,4577.5,130.7,189.2,94.7,Not Significant,Persistent
NGP_CELL_317,2024,21.05029,79.14046,Ward 8 (Gandhibagh),22.66,-3.95,0.397,-0.073,-0.372,0.125,Bare,0.79,33.38,66.16,292.6,4577.5,130.7,189.2,98.8,Cold Spot,Emerging
NGP_CELL_318,2019,21.06684,79.05884,Ward 5 (Dhantoli),23.65,-4.17,0.352,-0.052,-0.564,0.16,Tree,0.69,41.39,40.41,289.0,2953.0,464.5,84.0,99.3,Cold Spot,Persistent
NGP_CELL_318,2020,21.06684,79.05884,Ward 5 (Dhantoli),26.75,-3.26,0.304,-0.076,-0.518,0.092,Crop,0.87,28.16,113.52,289.0,2953.0,464.5,84.0,93.1,Cold Spot,Persistent
NGP_CELL_318,2021,21.06684,79.05884,Ward 5 (Dhantoli),25.33,-4.02,0.361,0.058,-0.375,0.15,Grass,0.9,45.59,163.88,289.0,2953.0,464.5,84.0,90.5,Cold Spot,Sporadic
NGP_CELL_318,2022,21.06684,79.05884,Ward 5 (Dhantoli),26.34,-2.94,0.275,-0.009,-0.38,0.098,Crop,0.91,32.63,71.54,289.0,2953.0,464.5,84.0,87.2,Not Significant,Persistent
NGP_CELL_318,2023,21.06684,79.05884,Ward 5 (Dhantoli),28.23,-1.32,0.188,0.073,-0.339,0.191,Built-up,0.66,53.46,137.17,289.0,2953.0,464.5,84.0,86.8,Cold Spot,Diminishing
NGP_CELL_318,2024,21.06684,79.05884,Ward 5 (Dhantoli),27.43,-1.56,0.138,0.219,-0.451,0.125,Built-up,0.74,59.63,85.87,289.0,2953.0,464.5,84.0,88.5,Not Significant,Sporadic
NGP_CELL_319,2019,21.13623,79.06995,Ward 5 (Dhantoli),27.59,-2.21,0.324,0.161,-0.254,0.225,Built-up,0.71,52.12,169.52,298.6,3225.1,925.7,671.1,86.4,Cold Spot,Sporadic
NGP_CELL_319,2020,21.13623,79.06995,Ward 5 (Dhantoli),33.12,-0.07,0.144,0.355,-0.49,0.237,Built-up,0.66,69.43,162.62,298.6,3225.1,925.7,671.1,88.5,Hot Spot,Persistent
NGP_CELL_319,2021,21.13623,79.06995,Ward 5 (Dhantoli),32.7,-0.33,0.115,0.232,-0.279,0.133,Built-up,0.81,64.72,173.82,298.6,3225.1,925.7,671.1,98.5,Cold Spot,Emerging
NGP_CELL_319,2022,21.13623,79.06995,Ward 5 (Dhantoli),28.49,-1.86,0.311,0.09,-0.568,0.142,Grass,0.9,42.44,47.62,298.6,3225.1,925.7,671.1,98.0,Not Significant,Persistent
NGP_CELL_319,2023,21.13623,79.06995,Ward 5 (Dhantoli),29.03,-0.92,0.265,0.256,-0.38,0.199,Built-up,0.9,63.84,191.96,298.6,3225.1,925.7,671.1,96.8,Cold Spot,Sporadic
NGP_CELL_319,2024,21.13623,79.06995,Ward 5 (Dhantoli),23.59,-3.49,0.341,-0.122,-0.438,0.177,Grass,0.91,31.66,191.93,298.6,3225.1,925.7,671.1,88.0,Not Significant,Persistent
NGP_CELL_320,2019,21.08268,79.1145,Ward 2 (Ashinagar),22.92,-4.54,0.467,-0.196,-0.284,0.124,Bare,0.87,20.45,91.22,300.0,2587.5,113.8,765.3,88.2,Cold Spot,Persistent
NGP_CELL_320,2020,21.08268,79.1145,Ward 2 (Ashinagar),26.19,-3.53,0.328,-0.059,-0.267,0.086,Grass,0.92,43.67,136.65,300.0,2587.5,113.8,765.3,88.1,Not Significant,Persistent
NGP_CELL_320,2021,21.08268,79.1145,Ward 2 (Ashinagar),31.47,-0.95,0.121,0.238,-0.333,0.136,Built-up,0.72,66.69,169.83,300.0,2587.5,113.8,765.3,89.4,Not Significant,Persistent
NGP_CELL_320,2022,21.08268,79.1145,Ward 2 (Ashinagar),25.79,-3.21,0.354,0.014,-0.515,0.115,Bare,0.91,48.53,97.51,300.0,2587.5,113.8,765.3,89.4,Not Significant,Sporadic
NGP_CELL_320,2023,21.08268,79.1145,Ward 2 (Ashinagar),21.51,-4.68,0.4,-0.16,-0.349,0.119,Bare,0.94,32.28,106.35,300.0,2587.5,113.8,765.3,100.0,Not Significant,Persistent
NGP_CELL_320,2024,21.08268,79.1145,Ward 2 (Ashinagar),27.48,-1.54,0.159,0.107,-0.238,0.223,Built-up,0.8,56.39,133.41,300.0,2587.5,113.8,765.3,90.0,Cold Spot,Persistent
NGP_CELL_321,2019,21.0999,79.08354,Ward 1 (Lakadganj),27.62,-2.19,0.29,0.049,-0.218,0.121,Bare,0.73,47.26,152.98,290.8,4924.1,220.0,358.7,91.4,Cold Spot,Diminishing
NGP_CELL_321,2020,21.0999,79.08354,Ward 1 (Lakadganj),25.23,-4.01,0.408,-0.082,-0.548,0.091,Grass,0.76,24.42,101.41,290.8,4924.1,220.0,358.7,89.2,Not Significant,Persistent
NGP_CELL_321,2021,21.0999,79.08354,Ward 1 (Lakadganj),31.39,-0.99,0.238,0.189,-0.568,0.126,Tree,0.79,49.47,77.84,290.8,4924.1,220.0,358.7,98.5,Not Significant,Persistent
NGP_CELL_321,2022,21.0999,79.08354,Ward 1 (Lakadganj),25.63,-3.29,0.238,-0.091,-0.329,0.094,Tree,0.87,35.32,100.86,290.8,4924.1,220.0,358.7,86.8,Cold Spot,Persistent
NGP_CELL_321,2023,21.0999,79.08354,Ward 1 (Lakadganj),24.23,-3.32,0.286,-0.078,-0.599,0.153,Grass,0.93,33.72,169.1,290.8,4924.1,220.0,358.7,95.8,Cold Spot,Diminishing
NGP_CELL_321,2024,21.0999,79.08354,Ward 1 (Lakadganj),24.18,-3.19,0.353,-0.105,-0.354,0.169,Tree,0.96,27.91,146.62,290.8,4924.1,220.0,358.7,85.9,Not Significant,Persistent
NGP_CELL_322,2019,21.06169,79.09859,Ward 9 (Nehru Nagar),28.13,-1.94,0.21,0.052,-0.361,0.093,Grass,0.97,42.86,91.23,291.3,437.6,808.3,258.3,92.6,Not Significant,Persistent
NGP_CELL_322,2020,21.06169,79.09859,Ward 9 (Nehru Nagar),30.03,-1.62,0.379,0.119,-0.49,0.169,Grass,0.91,43.63,156.39,291.3,437.6,808.3,258.3,88.0,Not Significant,Diminishing
NGP_CELL_322,2021,21.06169,79.09859,Ward 9 (Nehru Nagar),27.41,-2.98,0.206,0.07,-0.322,0.12,Built-up,0.74,52.91,152.74,291.3,437.6,808.3,258.3,89.5,Not Significant,Emerging
NGP_CELL_322,2022,21.06169,79.09859,Ward 9 (Nehru Nagar),32.35,0.07,0.201,0.356,-0.261,0.17,Built-up,0.78,78.42,163.71,291.3,437.6,808.3,258.3,91.9,Not Significant,Persistent
NGP_CELL_322,2023,21.06169,79.09859,Ward 9 (Nehru Nagar),23.89,-3.49,0.324,-0.095,-0.4,0.115,Crop,0.91,25.08,123.2,291.3,437.6,808.3,258.3,94.2,Hot Spot,Diminishing
NGP_CELL_322,2024,21.06169,79.09859,Ward 9 (Nehru Nagar),25.55,-2.51,0.299,0.116,-0.316,0.196,Built-up,0.7,55.79,121.81,291.3,437.6,808.3,258.3,92.2,Not Significant,Emerging
NGP_CELL_323,2019,21.09606,79.01462,Ward 8 (Gandhibagh),28.42,-1.79,0.162,0.037,-0.567,0.221,Built-up,0.8,53.23,86.91,281.3,3358.3,705.0,203.8,94.2,Not Significant,Emerging
NGP_CELL_323,2020,21.09606,79.01462,Ward 8 (Gandhibagh),30.37,-1.45,0.223,0.048,-0.392,0.129,Built-up,0.85,52.13,179.56,281.3,3358.3,705.0,203.8,87.8,Not Significant,Persistent
NGP_CELL_323,2021,21.09606,79.01462,Ward 8 (Gandhibagh),29.61,-1.88,0.281,0.057,-0.422,0.09,Crop,0.94,48.68,126.78,281.3,3358.3,705.0,203.8,93.3,Not Significant,Persistent
NGP_CELL_323,2022,21.09606,79.01462,Ward 8 (Gandhibagh),29.85,-1.18,0.133,0.191,-0.211,0.122,Built-up,0.96,68.04,203.64,281.3,3358.3,705.0,203.8,96.0,Not Significant,Persistent
NGP_CELL_323,2023,21.09606,79.01462,Ward 8 (Gandhibagh),27.79,-1.54,0.229,0.107,-0.509,0.087,Bare,0.77,41.34,171.29,281.3,3358.3,705.0,203.8,87.3,Not Significant,Sporadic
NGP_CELL_323,2024,21.09606,79.01462,Ward 8 (Gandhibagh),24.03,-3.27,0.353,-0.051,-0.467,0.134,Crop,0.89,25.67,101.01,281.3,3358.3,705.0,203.8,97.2,Cold Spot,Persistent
NGP_CELL_324,2019,21.15275,79.12911,Ward 3 (Dharampeth),30.26,-0.87,0.133,0.193,-0.529,0.158,Built-up,0.73,68.46,57.22,301.3,3902.5,1963.4,342.4,97.0,Cold Spot,Emerging
NGP_CELL_324,2020,21.15275,79.12911,Ward 3 (Dharampeth),23.69,-4.79,0.492,-0.284,-0.405,0.115,Tree,0.79,13.73,169.82,301.3,3902.5,1963.4,342.4,99.1,Not Significant,Sporadic
NGP_CELL_324,2021,21.15275,79.12911,Ward 3 (Dharampeth),29.85,-1.76,0.221,0.14,-0.422,0.216,Built-up,0.85,61.61,113.47,301.3,3902.5,1963.4,342.4,93.1,Not Significant,Persistent
NGP_CELL_324,2022,21.15275,79.12911,Ward 3 (Dharampeth),26.12,-3.04,0.31,-0.072,-0.43,0.173,Crop,0.8,24.07,190.71,301.3,3902.5,1963.4,342.4,87.4,Cold Spot,Sporadic
NGP_CELL_324,2023,21.15275,79.12911,Ward 3 (Dharampeth),26.95,-1.96,0.252,0.142,-0.396,0.141,Grass,0.94,46.81,134.64,301.3,3902.5,1963.4,342.4,86.1,Cold Spot,Emerging
NGP_CELL_324,2024,21.15275,79.12911,Ward 3 (Dharampeth),24.74,-2.91,0.431,-0.073,-0.263,0.082,Bare,0.74,28.77,83.72,301.3,3902.5,1963.4,342.4,88.5,Not Significant,Persistent
NGP_CELL_325,2019,21.19079,79.04113,Ward 5 (Dhantoli),27.59,-2.21,0.227,0.114,-0.478,0.158,Crop,0.74,43.16,41.54,303.9,2843.4,492.3,57.5,90.4,Cold Spot,Emerging
NGP_CELL_325,2020,21.19079,79.04113,Ward 5 (Dhantoli),26.22,-3.52,0.292,-0.018,-0.414,0.164,Crop,0.78,47.27,47.7,303.9,2843.4,492.3,57.5,87.7,Cold Spot,Persistent
NGP_CELL_325,2021,21.19079,79.04113,Ward 5 (Dhantoli),26.13,-3.62,0.355,-0.016,-0.246,0.168,Bare,0.79,37.6,203.6,303.9,2843.4,492.3,57.5,88.4,Cold Spot,Sporadic
NGP_CELL_325,2022,21.19079,79.04113,Ward 5 (Dhantoli),24.15,-4.03,0.351,-0.169,-0.393,0.16,Crop,0.69,32.12,173.82,303.9,2843.4,492.3,57.5,95.1,Not Significant,Sporadic
NGP_CELL_325,2023,21.19079,79.04113,Ward 5 (Dhantoli),25.41,-2.73,0.225,-0.086,-0.467,0.133,Tree,0.68,37.64,86.45,303.9,2843.4,492.3,57.5,98.5,Cold Spot,Persistent
NGP_CELL_325,2024,21.19079,79.04113,Ward 5 (Dhantoli),23.37,-3.6,0.387,-0.081,-0.303,0.122,Bare,0.79,34.73,95.53,303.9,2843.4,492.3,57.5,88.7,Not Significant,Persistent
NGP_CELL_326,2019,21.09446,79.14935,Ward 10 (Sanjay Gandhi Nagar),26.04,-2.98,0.271,0.114,-0.37,0.096,Tree,0.8,42.25,40.26,288.4,465.3,1236.6,282.3,92.2,Cold Spot,Emerging
NGP_CELL_326,2020,21.09446,79.14935,Ward 10 (Sanjay Gandhi Nagar),24.24,-4.51,0.426,-0.269,-0.347,0.117,Grass,0.85,22.23,129.37,288.4,465.3,1236.6,282.3,98.6,Cold Spot,Persistent
NGP_CELL_326,2021,21.09446,79.14935,Ward 10 (Sanjay Gandhi Nagar),33.94,0.29,0.086,0.421,-0.56,0.151,Built-up,0.72,74.75,37.59,288.4,465.3,1236.6,282.3,96.8,Not Significant,Persistent
NGP_CELL_326,2022,21.09446,79.14935,Ward 10 (Sanjay Gandhi Nagar),22.54,-4.83,0.377,-0.189,-0.493,0.107,Tree,0.87,18.81,62.22,288.4,465.3,1236.6,282.3,97.9,Hot Spot,Persistent
NGP_CELL_326,2023,21.09446,79.14935,Ward 10 (Sanjay Gandhi Nagar),28.22,-1.32,0.285,0.228,-0.274,0.249,Built-up,0.83,60.41,108.18,288.4,465.3,1236.6,282.3,91.2,Hot Spot,Emerging
NGP_CELL_326,2024,21.09446,79.14935,Ward 10 (Sanjay Gandhi Nagar),22.63,-3.97,0.349,-0.172,-0.346,0.165,Crop,0.77,28.02,87.88,288.4,465.3,1236.6,282.3,88.4,Not Significant,Emerging
NGP_CELL_327,2019,21.13469,79.05485,Ward 9 (Nehru Nagar),24.15,-3.92,0.314,-0.059,-0.206,0.095,Bare,0.96,30.75,66.41,309.2,3114.5,99.6,284.6,88.4,Not Significant,Persistent
NGP_CELL_327,2020,21.13469,79.05485,Ward 9 (Nehru Nagar),25.33,-3.96,0.237,-0.116,-0.263,0.121,Grass,0.93,33.06,96.73,309.2,3114.5,99.6,284.6,96.2,Cold Spot,Sporadic
NGP_CELL_327,2021,21.13469,79.05485,Ward 9 (Nehru Nagar),25.4,-3.98,0.47,-0.18,-0.597,0.163,Crop,0.87,18.63,180.92,309.2,3114.5,99.6,284.6,92.2,Not Significant,Persistent
NGP_CELL_327,2022,21.13469,79.05485,Ward 9 (Nehru Nagar),25.96,-3.13,0.408,-0.02,-0.248,0.129,Crop,0.66,36.08,184.57,309.2,3114.5,99.6,284.6,87.5,Cold Spot,Sporadic
NGP_CELL_327,2023,21.13469,79.05485,Ward 9 (Nehru Nagar),27.75,-1.56,0.083,0.178,-0.303,0.191,Built-up,0.93,67.69,64.49,309.2,3114.5,99.6,284.6,96.1,Not Significant,Diminishing
NGP_CELL_327,2024,21.13469,79.05485,Ward 9 (Nehru Nagar),29.97,-0.3,0.116,0.166,-0.296,0.226,Built-up,0.76,65.5,165.4,309.2,3114.5,99.6,284.6,92.8,Not Significant,Persistent
NGP_CELL_328,2019,21.07671,79.05421,Ward 10 (Sanjay Gandhi Nagar),28.53,-1.74,0.305,0.1,-0.347,0.097,Bare,0.74,43.2,133.41,319.7,2115.1,504.7,230.5,87.6,Not Significant,Emerging
NGP_CELL_328,2020,21.07671,79.05421,Ward 10 (Sanjay Gandhi Nagar),24.11,-4.57,0.334,-0.247,-0.275,0.081,Crop,0.88,21.92,50.01,319.7,2115.1,504.7,230.5,93.0,Not Significant,Emerging
NGP_CELL_328,2021,21.07671,79.05421,Ward 10 (Sanjay Gandhi Nagar),25.3,-4.03,0.383,-0.149,-0.379,0.158,Grass,0.71,26.44,106.71,319.7,2115.1,504.7,230.5,96.6,Cold Spot,Emerging
NGP_CELL_328,2022,21.07671,79.05421,Ward 10 (Sanjay Gandhi Nagar),29.69,-1.26,0.141,0.184,-0.444,0.21,Built-up,0.92,63.75,107.1,319.7,2115.1,504.7,230.5,90.4,Cold Spot,Emerging
NGP_CELL_328,2023,21.07671,79.05421,Ward 10 (Sanjay Gandhi Nagar),30.79,-0.04,0.191,0.251,-0.473,0.204,Built-up,0.73,61.26,69.83,319.7,2115.1,504.7,230.5,93.9,Not Significant,Emerging
NGP_CELL_328,2024,21.07671,79.05421,Ward 10 (Sanjay Gandhi Nagar),21.95,-4.31,0.344,-0.152,-0.221,0.105,Grass,0.68,31.75,57.49,319.7,2115.1,504.7,230.5,92.5,Cold Spot,Persistent
NGP_CELL_329,2019,21.09002,79.07131,Ward 7 (Mangalwari),28.94,-1.53,0.301,0.122,-0.547,0.135,Built-up,0.8,53.81,85.9,293.2,538.3,1456.0,680.5,93.1,Not Significant,Persistent
NGP_CELL_329,2020,21.09002,79.07131,Ward 7 (Mangalwari),25.94,-3.66,0.421,-0.032,-0.569,0.111,Crop,0.81,29.78,106.66,293.2,538.3,1456.0,680.5,95.1,Not Significant,Sporadic
NGP_CELL_329,2021,21.09002,79.07131,Ward 7 (Mangalwari),26.43,-3.47,0.402,-0.124,-0.406,0.162,Bare,0.79,18.25,111.8,293.2,538.3,1456.0,680.5,98.5,Cold Spot,Sporadic
NGP_CELL_329,2022,21.09002,79.07131,Ward 7 (Mangalwari),28.76,-1.72,0.284,0.086,-0.493,0.082,Grass,0.85,42.98,130.32,293.2,538.3,1456.0,680.5,91.1,Not Significant,Persistent
NGP_CELL_329,2023,21.09002,79.07131,Ward 7 (Mangalwari),24.31,-3.28,0.295,-0.064,-0.224,0.131,Crop,0.75,38.6,83.67,293.2,538.3,1456.0,680.5,95.9,Hot Spot,Sporadic
NGP_CELL_329,2024,21.09002,79.07131,Ward 7 (Mangalwari),27.11,-1.73,0.164,0.158,-0.481,0.115,Grass,0.95,49.53,223.02,293.2,538.3,1456.0,680.5,90.5,Not Significant,Persistent
NGP_CELL_330,2019,21.0663,79.11675,Ward 4 (Hanuman Nagar),21.01,-5.49,0.499,-0.32,-0.297,0.094,Grass,0.77,15.06,81.48,292.0,1534.2,1164.7,773.2,90.3,Cold Spot,Sporadic
NGP_CELL_330,2020,21.0663,79.11675,Ward 4 (Hanuman Nagar),30.74,-1.26,0.177,0.241,-0.347,0.211,Built-up,0.9,63.85,136.03,292.0,1534.2,1164.7,773.2,90.2,Not Significant,Persistent
NGP_CELL_330,2021,21.0663,79.11675,Ward 4 (Hanuman Nagar),28.63,-2.37,0.25,0.086,-0.447,0.122,Grass,0.67,47.09,126.13,292.0,1534.2,1164.7,773.2,98.1,Not Significant,Emerging
NGP_CELL_330,2022,21.0663,79.11675,Ward 4 (Hanuman Nagar),30.17,-1.02,0.245,0.206,-0.354,0.144,Built-up,0.74,64.89,137.95,292.0,1534.2,1164.7,773.2,98.6,Not Significant,Sporadic
NGP_CELL_330,2023,21.0663,79.11675,Ward 4 (Hanuman Nagar),23.93,-3.47,0.359,-0.045,-0.429,0.085,Crop,0.96,32.71,44.85,292.0,1534.2,1164.7,773.2,98.3,Not Significant,Persistent
NGP_CELL_330,2024,21.0663,79.11675,Ward 4 (Hanuman Nagar),26.47,-2.04,0.268,0.104,-0.391,0.246,Built-up,0.92,55.09,181.14,292.0,1534.2,1164.7,773.2,98.8,Cold Spot,Diminishing
NGP_CELL_331,2019,21.1882,79.03914,Ward 2 (Ashinagar),25.99,-3.0,0.329,0.056,-0.275,0.111,Crop,0.65,42.77,47.38,306.3,1930.6,2998.8,325.5,95.4,Not Significant,Persistent
NGP_CELL_331,2020,21.1882,79.03914,Ward 2 (Ashinagar),29.42,-1.92,0.186,0.036,-0.284,0.134,Built-up,0.8,51.91,56.07,306.3,1930.6,2998.8,325.5,88.1,Not Significant,Persistent
NGP_CELL_331,2021,21.1882,79.03914,Ward 2 (Ashinagar),33.62,0.13,0.171,0.348,-0.235,0.212,Built-up,0.75,74.87,93.74,306.3,1930.6,2998.8,325.5,94.9,Not Significant,Persistent
NGP_CELL_331,2022,21.1882,79.03914,Ward 2 (Ashinagar),26.01,-3.1,0.418,-0.07,-0.503,0.153,Crop,0.66,26.89,192.03,306.3,1930.6,2998.8,325.5,87.8,Not Significant,Emerging
NGP_CELL_331,2023,21.1882,79.03914,Ward 2 (Ashinagar),27.82,-1.52,0.174,0.186,-0.333,0.191,Built-up,0.96,64.38,153.57,306.3,1930.6,2998.8,325.5,88.9,Not Significant,Sporadic
NGP_CELL_331,2024,21.1882,79.03914,Ward 2 (Ashinagar),24.9,-2.83,0.223,-0.077,-0.342,0.146,Crop,0.75,42.25,92.59,306.3,1930.6,2998.8,325.5,94.9,Not Significant,Emerging
NGP_CELL_332,2019,21.17157,79.11763,Ward 3 (Dharampeth),27.12,-2.44,0.336,0.074,-0.401,0.142,Tree,0.69,49.9,147.86,298.2,3377.5,2063.9,699.9,96.4,Not Significant,Persistent
NGP_CELL_332,2020,21.17157,79.11763,Ward 3 (Dharampeth),29.67,-1.79,0.282,0.132,-0.264,0.215,Built-up,0.67,50.82,47.42,298.2,3377.5,2063.9,699.9,91.9,Not Significant,Persistent
NGP_CELL_332,2021,21.17157,79.11763,Ward 3 (Dharampeth),30.65,-1.36,0.257,0.234,-0.305,0.217,Built-up,0.95,60.08,195.32,298.2,3377.5,2063.9,699.9,88.9,Not Significant,Sporadic
NGP_CELL_332,2022,21.17157,79.11763,Ward 3 (Dharampeth),30.83,-0.69,0.235,0.316,-0.3,0.166,Built-up,0.79,64.4,200.25,298.2,3377.5,2063.9,699.9,95.2,Cold Spot,Persistent
NGP_CELL_332,2023,21.17157,79.11763,Ward 3 (Dharampeth),23.85,-3.51,0.399,-0.036,-0.389,0.108,Tree,0.73,39.48,202.03,298.2,3377.5,2063.9,699.9,89.7,Not Significant,Persistent
NGP_CELL_332,2024,21.17157,79.11763,Ward 3 (Dharampeth),27.76,-1.4,0.223,0.082,-0.417,0.131,Crop,0.94,44.63,79.94,298.2,3377.5,2063.9,699.9,89.0,Cold Spot,Persistent
NGP_CELL_333,2019,21.12434,79.0086,Ward 6 (Satranjipura),30.26,-0.87,0.174,0.277,-0.549,0.162,Built-up,0.95,68.8,147.7,293.4,830.5,2212.3,618.5,91.6,Not Significant,Sporadic
NGP_CELL_333,2020,21.12434,79.0086,Ward 6 (Satranjipura),23.68,-4.79,0.452,-0.274,-0.456,0.12,Tree,0.93,19.71,151.97,293.4,830.5,2212.3,618.5,89.9,Not Significant,Sporadic
NGP_CELL_333,2021,21.12434,79.0086,Ward 6 (Satranjipura),31.92,-0.72,0.166,0.2,-0.245,0.183,Built-up,0.92,66.77,205.52,293.4,830.5,2212.3,618.5,95.4,Not Significant,Persistent
NGP_CELL_333,2022,21.12434,79.0086,Ward 6 (Satranjipura),22.21,-5.0,0.296,-0.261,-0.359,0.089,Tree,0.78,22.07,98.08,293.4,830.5,2212.3,618.5,87.4,Not Significant,Persistent
NGP_CELL_333,2023,21.12434,79.0086,Ward 6 (Satranjipura),27.32,-1.77,0.215,0.167,-0.304,0.188,Built-up,0.85,57.47,196.41,293.4,830.5,2212.3,618.5,88.6,Not Significant,Persistent
NGP_CELL_333,2024,21.12434,79.0086,Ward 6 (Satranjipura),28.6,-0.98,0.183,0.259,-0.417,0.171,Built-up,0.66,62.83,66.06,293.4,830.5,2212.3,618.5,91.8,Not Significant,Persistent
NGP_CELL_334,2019,21.16757,79.09995,Ward 6 (Satranjipura),22.61,-4.7,0.451,-0.259,-0.276,0.154,Crop,0.67,17.03,34.91,303.1,4238.0,2480.6,726.2,94.4,Cold Spot,Persistent
NGP_CELL_334,2020,21.16757,79.09995,Ward 6 (Satranjipura),22.85,-5.21,0.513,-0.324,-0.43,0.164,Tree,0.93,13.27,135.59,303.1,4238.0,2480.6,726.2,88.8,Not Significant,Persistent
NGP_CELL_334,2021,21.16757,79.09995,Ward 6 (Satranjipura),29.3,-2.03,0.343,0.031,-0.304,0.095,Bare,0.72,35.92,149.36,303.1,4238.0,2480.6,726.2,86.4,Not Significant,Persistent
NGP_CELL_334,2022,21.16757,79.09995,Ward 6 (Satranjipura),28.04,-2.08,0.21,-0.016,-0.44,0.106,Tree,0.96,48.02,56.71,303.1,4238.0,2480.6,726.2,94.6,Not Significant,Sporadic
NGP_CELL_334,2023,21.16757,79.09995,Ward 6 (Satranjipura),23.51,-3.68,0.368,-0.071,-0.242,0.175,Crop,0.88,34.19,173.85,303.1,4238.0,2480.6,726.2,97.3,Cold Spot,Persistent
NGP_CELL_334,2024,21.16757,79.09995,Ward 6 (Satranjipura),29.79,-0.38,0.169,0.244,-0.41,0.148,Built-up,0.79,59.05,214.33,303.1,4238.0,2480.6,726.2,96.6,Not Significant,Persistent
NGP_CELL_335,2019,21.14475,79.01357,Ward 6 (Satranjipura),27.44,-2.28,-0.06,-0.152,0.6,0.162,Water,0.97,19.41,179.46,285.5,123.8,2591.2,268.1,96.4,Not Significant,Persistent
NGP_CELL_335,2020,21.14475,79.01357,Ward 6 (Satranjipura),28.84,-2.21,0.342,0.129,-0.309,0.235,Built-up,0.82,50.36,111.02,285.5,123.8,2591.2,268.1,94.5,Hot Spot,Persistent
NGP_CELL_335,2021,21.14475,79.01357,Ward 6 (Satranjipura),27.64,-2.86,-0.073,-0.188,0.426,0.139,Water,0.75,22.94,171.68,285.5,123.8,2591.2,268.1,96.7,Not Significant,Persistent
NGP_CELL_335,2022,21.14475,79.01357,Ward 6 (Satranjipura),28.41,-1.9,-0.092,0.048,0.791,0.163,Water,0.66,37.11,90.9,285.5,123.8,2591.2,268.1,85.5,Not Significant,Persistent
NGP_CELL_335,2023,21.14475,79.01357,Ward 6 (Satranjipura),32.74,0.94,0.052,0.504,-0.369,0.229,Built-up,0.83,81.1,226.53,285.5,123.8,2591.2,268.1,87.4,Cold Spot,Persistent
NGP_CELL_335,2024,21.14475,79.01357,Ward 6 (Satranjipura),27.84,-1.36,0.288,0.183,-0.56,0.198,Built-up,0.97,50.78,155.61,285.5,123.8,2591.2,268.1,94.7,Not Significant,Emerging
NGP_CELL_336,2019,21.07958,79.05535,Ward 8 (Gandhibagh),29.67,-1.16,0.263,0.214,-0.527,0.136,Built-up,0.9,54.96,174.88,284.0,874.3,1050.1,265.1,89.1,Not Significant,Sporadic
NGP_CELL_336,2020,21.07958,79.05535,Ward 8 (Gandhibagh),32.06,-0.6,0.177,0.323,-0.48,0.218,Built-up,0.76,67.91,183.57,284.0,874.3,1050.1,265.1,86.1,Not Significant,Persistent
NGP_CELL_336,2021,21.07958,79.05535,Ward 8 (Gandhibagh),25.95,-3.71,0.344,-0.142,-0.509,0.126,Grass,0.91,31.15,177.33,284.0,874.3,1050.1,265.1,99.3,Cold Spot,Emerging
NGP_CELL_336,2022,21.07958,79.05535,Ward 8 (Gandhibagh),33.54,0.66,0.03,0.473,-0.402,0.166,Built-up,0.75,78.45,193.86,284.0,874.3,1050.1,265.1,91.2,Not Significant,Persistent
NGP_CELL_336,2023,21.07958,79.05535,Ward 8 (Gandhibagh),26.57,-2.15,0.276,0.101,-0.351,0.172,Built-up,0.91,57.86,113.57,284.0,874.3,1050.1,265.1,96.6,Not Significant,Persistent
NGP_CELL_336,2024,21.07958,79.05535,Ward 8 (Gandhibagh),25.23,-2.67,0.276,0.039,-0.291,0.171,Grass,0.82,35.99,209.15,284.0,874.3,1050.1,265.1,91.5,Not Significant,Emerging
NGP_CELL_337,2019,21.18051,79.00591,Ward 1 (Lakadganj),26.88,-2.56,0.252,-0.13,-0.439,0.142,Bare,0.75,36.7,94.15,282.4,2443.2,509.9,504.5,88.4,Not Significant,Sporadic
NGP_CELL_337,2020,21.18051,79.00591,Ward 1 (Lakadganj),30.9,-1.18,0.262,0.195,-0.576,0.189,Built-up,0.73,64.39,47.99,282.4,2443.2,509.9,504.5,92.4,Hot Spot,Persistent
NGP_CELL_337,2021,21.18051,79.00591,Ward 1 (Lakadganj),29.77,-1.79,0.349,0.074,-0.328,0.136,Crop,0.93,46.82,210.41,282.4,2443.2,509.9,504.5,99.9,Cold Spot,Sporadic
NGP_CELL_337,2022,21.18051,79.00591,Ward 1 (Lakadganj),23.96,-4.13,0.274,-0.16,-0.335,0.103,Tree,0.67,25.47,176.2,282.4,2443.2,509.9,504.5,99.0,Cold Spot,Persistent
NGP_CELL_337,2023,21.18051,79.00591,Ward 1 (Lakadganj),23.77,-3.55,0.316,-0.067,-0.468,0.151,Tree,0.83,38.43,45.68,282.4,2443.2,509.9,504.5,93.4,Cold Spot,Persistent
NGP_CELL_337,2024,21.18051,79.00591,Ward 1 (Lakadganj),30.13,-0.21,0.167,0.337,-0.378,0.126,Built-up,0.71,65.33,119.54,282.4,2443.2,509.9,504.5,93.8,Hot Spot,Persistent
NGP_CELL_338,2019,21.17745,79.00166,Ward 9 (Nehru Nagar),30.01,-1.0,0.236,0.323,-0.586,0.188,Built-up,0.91,69.93,64.6,292.6,3943.0,1121.1,287.8,92.0,Not Significant,Diminishing
NGP_CELL_338,2020,21.17745,79.00166,Ward 9 (Nehru Nagar),32.43,-0.42,0.125,0.388,-0.538,0.159,Built-up,0.95,69.19,24.87,292.6,3943.0,1121.1,287.8,90.4,Not Significant,Persistent
NGP_CELL_338,2021,21.17745,79.00166,Ward 9 (Nehru Nagar),28.19,-2.59,0.276,0.016,-0.244,0.136,Bare,0.8,42.46,80.98,292.6,3943.0,1121.1,287.8,89.4,Cold Spot,Emerging
NGP_CELL_338,2022,21.17745,79.00166,Ward 9 (Nehru Nagar),29.09,-1.56,0.21,0.106,-0.203,0.173,Built-up,0.91,50.99,78.27,292.6,3943.0,1121.1,287.8,86.6,Not Significant,Persistent
NGP_CELL_338,2023,21.17745,79.00166,Ward 9 (Nehru Nagar),27.3,-1.78,0.284,0.129,-0.294,0.22,Built-up,0.77,58.94,34.87,292.6,3943.0,1121.1,287.8,91.3,Not Significant,Emerging
NGP_CELL_338,2024,21.17745,79.00166,Ward 9 (Nehru Nagar),26.1,-2.23,0.304,0.064,-0.534,0.236,Built-up,0.79,54.01,92.17,292.6,3943.0,1121.1,287.8,99.9,Cold Spot,Persistent
NGP_CELL_339,2019,21.08282,79.12357,Ward 2 (Ashinagar),30.94,-0.53,0.18,0.295,-0.381,0.227,Built-up,0.65,66.78,175.07,318.8,3535.3,1938.2,739.0,85.3,Not Significant,Persistent
NGP_CELL_339,2020,21.08282,79.12357,Ward 2 (Ashinagar),28.11,-2.57,0.428,0.002,-0.446,0.092,Crop,0.91,33.18,34.1,318.8,3535.3,1938.2,739.0,93.5,Not Significant,Emerging
NGP_CELL_339,2021,21.08282,79.12357,Ward 2 (Ashinagar),32.34,-0.51,0.12,0.221,-0.265,0.183,Built-up,0.89,58.1,168.76,318.8,3535.3,1938.2,739.0,92.4,Not Significant,Sporadic
NGP_CELL_339,2022,21.08282,79.12357,Ward 2 (Ashinagar),30.19,-1.01,0.221,0.335,-0.418,0.24,Built-up,0.76,71.12,104.83,318.8,3535.3,1938.2,739.0,92.4,Not Significant,Persistent
NGP_CELL_339,2023,21.08282,79.12357,Ward 2 (Ashinagar),30.5,-0.18,0.139,0.372,-0.379,0.14,Built-up,0.91,72.94,166.12,318.8,3535.3,1938.2,739.0,99.0,Not Significant,Sporadic
NGP_CELL_339,2024,21.08282,79.12357,Ward 2 (Ashinagar),28.34,-1.11,0.139,0.245,-0.469,0.144,Built-up,0.91,63.93,98.21,318.8,3535.3,1938.2,739.0,92.2,Not Significant,Emerging
NGP_CELL_340,2019,21.11562,79.08095,Ward 9 (Nehru Nagar),24.12,-3.94,0.405,-0.188,-0.315,0.148,Grass,0.92,20.03,156.22,298.9,3958.9,2905.8,402.3,91.6,Not Significant,Diminishing
NGP_CELL_340,2020,21.11562,79.08095,Ward 9 (Nehru Nagar),25.45,-3.91,0.277,-0.159,-0.217,0.158,Crop,0.97,33.71,103.88,298.9,3958.9,2905.8,402.3,87.2,Cold Spot,Persistent
NGP_CELL_340,2021,21.11562,79.08095,Ward 9 (Nehru Nagar),30.83,-1.27,0.324,0.135,-0.461,0.191,Built-up,0.72,53.15,79.0,298.9,3958.9,2905.8,402.3,93.7,Not Significant,Persistent
NGP_CELL_340,2022,21.11562,79.08095,Ward 9 (Nehru Nagar),25.49,-3.36,0.371,-0.05,-0.215,0.082,Bare,0.84,34.99,139.11,298.9,3958.9,2905.8,402.3,88.0,Not Significant,Emerging
NGP_CELL_340,2023,21.11562,79.08095,Ward 9 (Nehru Nagar),24.3,-3.28,0.335,-0.07,-0.235,0.089,Crop,0.92,37.91,164.72,298.9,3958.9,2905.8,402.3,99.9,Not Significant,Diminishing
NGP_CELL_340,2024,21.11562,79.08095,Ward 9 (Nehru Nagar),22.09,-4.24,0.402,-0.251,-0.423,0.161,Tree,0.79,22.87,186.23,298.9,3958.9,2905.8,402.3,89.5,Not Significant,Sporadic
NGP_CELL_341,2019,21.05476,79.08873,Ward 4 (Hanuman Nagar),27.74,-2.13,0.307,0.109,-0.293,0.177,Grass,0.89,42.05,36.93,310.4,3582.5,2180.7,49.1,96.3,Not Significant,Sporadic
NGP_CELL_341,2020,21.05476,79.08873,Ward 4 (Hanuman Nagar),31.4,-0.93,0.144,0.186,-0.368,0.227,Built-up,0.92,58.72,65.67,310.4,3582.5,2180.7,49.1,89.7,Cold Spot,Persistent
NGP_CELL_341,2021,21.05476,79.08873,Ward 4 (Hanuman Nagar),32.97,-0.19,0.075,0.349,-0.43,0.136,Built-up,0.86,71.57,90.77,310.4,3582.5,2180.7,49.1,88.4,Not Significant,Sporadic
NGP_CELL_341,2022,21.05476,79.08873,Ward 4 (Hanuman Nagar),28.96,-1.62,0.192,0.113,-0.246,0.144,Built-up,0.71,58.23,83.86,310.4,3582.5,2180.7,49.1,92.8,Not Significant,Emerging
NGP_CELL_341,2023,21.05476,79.08873,Ward 4 (Hanuman Nagar),27.5,-1.68,0.255,0.051,-0.241,0.168,Bare,0.69,44.13,124.78,310.4,3582.5,2180.7,49.1,88.3,Cold Spot,Persistent
NGP_CELL_341,2024,21.05476,79.08873,Ward 4 (Hanuman Nagar),22.5,-4.03,0.427,-0.24,-0.435,0.1,Crop,0.75,21.87,63.09,310.4,3582.5,2180.7,49.1,95.5,Cold Spot,Sporadic
NGP_CELL_342,2019,21.06347,79.14152,Ward 1 (Lakadganj),24.48,-3.76,0.392,-0.142,-0.223,0.111,Crop,0.94,34.25,183.93,313.3,1261.4,1384.6,130.3,99.7,Not Significant,Persistent
NGP_CELL_342,2020,21.06347,79.14152,Ward 1 (Lakadganj),32.49,-0.39,0.134,0.287,-0.266,0.23,Built-up,0.88,62.58,149.6,313.3,1261.4,1384.6,130.3,91.2,Not Significant,Diminishing
NGP_CELL_342,2021,21.06347,79.14152,Ward 1 (Lakadganj),32.54,-0.41,0.241,0.291,-0.257,0.122,Built-up,0.92,68.27,49.4,313.3,1261.4,1384.6,130.3,86.9,Not Significant,Persistent
NGP_CELL_342,2022,21.06347,79.14152,Ward 1 (Lakadganj),31.38,-0.41,0.104,0.357,-0.354,0.222,Built-up,0.72,66.53,161.23,313.3,1261.4,1384.6,130.3,93.0,Not Significant,Persistent
NGP_CELL_342,2023,21.06347,79.14152,Ward 1 (Lakadganj),26.85,-2.01,0.187,0.057,-0.434,0.153,Built-up,0.73,52.36,152.67,313.3,1261.4,1384.6,130.3,97.8,Cold Spot,Persistent
NGP_CELL_342,2024,21.06347,79.14152,Ward 1 (Lakadganj),30.26,-0.15,0.073,0.337,-0.201,0.219,Built-up,0.75,83.59,83.77,313.3,1261.4,1384.6,130.3,88.6,Not Significant,Persistent
NGP_CELL_343,2019,21.06342,79.0638,Ward 9 (Nehru Nagar),25.93,-3.04,0.436,-0.116,-0.561,0.099,Bare,0.96,24.68,78.47,283.6,2596.8,1547.0,503.7,97.9,Not Significant,Persistent
NGP_CELL_343,2020,21.06342,79.0638,Ward 9 (Nehru Nagar),29.85,-1.7,0.164,0.112,-0.34,0.21,Built-up,0.65,54.51,122.39,283.6,2596.8,1547.0,503.7,89.6,Not Significant,Persistent
NGP_CELL_343,2021,21.06342,79.0638,Ward 9 (Nehru Nagar),25.5,-3.93,0.275,-0.074,-0.262,0.175,Bare,0.91,26.77,50.03,283.6,2596.8,1547.0,503.7,96.4,Cold Spot,Persistent
NGP_CELL_343,2022,21.06342,79.0638,Ward 9 (Nehru Nagar),31.0,-0.6,0.178,0.261,-0.349,0.143,Built-up,0.81,68.68,108.54,283.6,2596.8,1547.0,503.7,90.7,Not Significant,Diminishing
NGP_CELL_343,2023,21.06342,79.0638,Ward 9 (Nehru Nagar),23.17,-3.85,0.316,-0.155,-0.465,0.166,Tree,0.96,23.5,67.41,283.6,2596.8,1547.0,503.7,88.4,Not Significant,Persistent
NGP_CELL_343,2024,21.06342,79.0638,Ward 9 (Nehru Nagar),31.07,0.26,0.165,0.468,-0.59,0.214,Built-up,0.77,77.28,177.88,283.6,2596.8,1547.0,503.7,88.7,Not Significant,Persistent
NGP_CELL_344,2019,21.07809,79.10396,Ward 7 (Mangalwari),24.6,-3.7,0.436,-0.236,-0.6,0.169,Tree,0.74,16.63,69.74,296.4,3632.8,301.7,604.9,88.1,Not Significant,Emerging
NGP_CELL_344,2020,21.07809,79.10396,Ward 7 (Mangalwari),22.83,-5.21,0.356,-0.221,-0.463,0.093,Tree,0.72,21.57,34.44,296.4,3632.8,301.7,604.9,93.6,Cold Spot,Emerging
NGP_CELL_344,2021,21.07809,79.10396,Ward 7 (Mangalwari),30.24,-1.56,0.119,0.253,-0.403,0.246,Built-up,0.73,60.0,79.8,296.4,3632.8,301.7,604.9,86.4,Not Significant,Sporadic
NGP_CELL_344,2022,21.07809,79.10396,Ward 7 (Mangalwari),31.41,-0.4,0.165,0.3,-0.328,0.234,Built-up,0.9,70.44,108.52,296.4,3632.8,301.7,604.9,96.9,Hot Spot,Persistent
NGP_CELL_344,2023,21.07809,79.10396,Ward 7 (Mangalwari),31.9,0.52,0.042,0.408,-0.516,0.215,Built-up,0.95,75.17,112.01,296.4,3632.8,301.7,604.9,94.2,Not Significant,Emerging
NGP_CELL_344,2024,21.07809,79.10396,Ward 7 (Mangalwari),23.03,-3.77,0.312,-0.103,-0.292,0.155,Grass,0.84,29.16,108.58,296.4,3632.8,301.7,604.9,94.9,Not Significant,Persistent
NGP_CELL_345,2019,21.15593,79.11967,Ward 9 (Nehru Nagar),26.47,-2.77,0.349,0.023,-0.271,0.159,Tree,0.92,39.17,181.84,298.3,4846.1,101.7,269.6,86.2,Cold Spot,Persistent
NGP_CELL_345,2020,21.15593,79.11967,Ward 9 (Nehru Nagar),28.18,-2.54,0.35,0.052,-0.331,0.163,Crop,0.76,42.21,124.06,298.3,4846.1,101.7,269.6,98.1,Not Significant,Emerging
NGP_CELL_345,2021,21.15593,79.11967,Ward 9 (Nehru Nagar),25.11,-4.13,0.481,-0.184,-0.495,0.125,Crop,0.7,16.06,173.06,298.3,4846.1,101.7,269.6,95.9,Cold Spot,Diminishing
NGP_CELL_345,2022,21.15593,79.11967,Ward 9 (Nehru Nagar),23.94,-4.14,0.379,-0.139,-0.532,0.113,Tree,0.68,33.62,174.83,298.3,4846.1,101.7,269.6,91.2,Not Significant,Persistent
NGP_CELL_345,2023,21.15593,79.11967,Ward 9 (Nehru Nagar),31.24,0.19,0.032,0.408,-0.396,0.241,Built-up,0.9,82.03,208.97,298.3,4846.1,101.7,269.6,96.4,Not Significant,Sporadic
NGP_CELL_345,2024,21.15593,79.11967,Ward 9 (Nehru Nagar),21.8,-4.38,0.438,-0.206,-0.506,0.113,Tree,0.93,28.85,101.69,298.3,4846.1,101.7,269.6,94.4,Cold Spot,Persistent
NGP_CELL_346,2019,21.08064,79.1283,Ward 5 (Dhantoli),23.6,-4.2,0.378,-0.326,-0.344,0.092,Crop,0.86,16.78,69.58,301.3,4928.2,1597.0,578.0,95.6,Cold Spot,Persistent
NGP_CELL_346,2020,21.08064,79.1283,Ward 5 (Dhantoli),26.53,-3.37,0.337,-0.069,-0.292,0.103,Grass,0.95,37.98,199.52,301.3,4928.2,1597.0,578.0,92.8,Cold Spot,Persistent
NGP_CELL_346,2021,21.08064,79.1283,Ward 5 (Dhantoli),24.27,-4.55,0.418,-0.279,-0.356,0.152,Tree,0.81,18.39,155.65,301.3,4928.2,1597.0,578.0,95.5,Cold Spot,Emerging
NGP_CELL_346,2022,21.08064,79.1283,Ward 5 (Dhantoli),25.96,-3.13,0.241,-0.047,-0.311,0.121,Bare,0.83,42.75,116.16,301.3,4928.2,1597.0,578.0,97.0,Not Significant,Persistent
NGP_CELL_346,2023,21.08064,79.1283,Ward 5 (Dhantoli),25.66,-2.6,0.296,-0.013,-0.305,0.094,Crop,0.88,35.91,152.53,301.3,4928.2,1597.0,578.0,90.1,Not Significant,Emerging
NGP_CELL_346,2024,21.08064,79.1283,Ward 5 (Dhantoli),27.13,-1.72,0.365,0.001,-0.479,0.164,Crop,0.87,38.65,164.9,301.3,4928.2,1597.0,578.0,90.2,Cold Spot,Emerging
NGP_CELL_347,2019,21.07035,79.11962,Ward 8 (Gandhibagh),23.36,-4.32,0.362,-0.272,-0.324,0.099,Tree,0.94,15.68,147.99,310.8,2000.4,2505.8,395.9,91.6,Not Significant,Persistent
NGP_CELL_347,2020,21.07035,79.11962,Ward 8 (Gandhibagh),32.56,-0.35,0.208,0.291,-0.475,0.156,Built-up,0.88,61.82,161.02,310.8,2000.4,2505.8,395.9,89.5,Not Significant,Persistent
NGP_CELL_347,2021,21.07035,79.11962,Ward 8 (Gandhibagh),28.47,-2.45,0.18,0.16,-0.26,0.15,Crop,0.69,49.22,175.95,310.8,2000.4,2505.8,395.9,90.9,Cold Spot,Sporadic
NGP_CELL_347,2022,21.07035,79.11962,Ward 8 (Gandhibagh),27.34,-2.44,0.293,0.105,-0.595,0.084,Crop,0.68,48.39,199.18,310.8,2000.4,2505.8,395.9,95.2,Not Significant,Sporadic
NGP_CELL_347,2023,21.07035,79.11962,Ward 8 (Gandhibagh),24.81,-3.03,0.283,-0.031,-0.457,0.161,Crop,0.89,35.02,170.53,310.8,2000.4,2505.8,395.9,90.1,Not Significant,Sporadic
NGP_CELL_347,2024,21.07035,79.11962,Ward 8 (Gandhibagh),23.42,-3.57,0.27,-0.045,-0.323,0.154,Crop,0.68,42.16,158.47,310.8,2000.4,2505.8,395.9,92.2,Cold Spot,Emerging
NGP_CELL_348,2019,21.10583,79.14245,Ward 5 (Dhantoli),23.42,-4.29,0.402,-0.138,-0.446,0.121,Tree,0.87,34.96,113.62,318.0,2876.5,2530.4,210.7,90.1,Cold Spot,Persistent
NGP_CELL_348,2020,21.10583,79.14245,Ward 5 (Dhantoli),31.72,-0.77,0.206,0.347,-0.429,0.21,Built-up,0.77,65.95,146.05,318.0,2876.5,2530.4,210.7,94.0,Hot Spot,Sporadic
NGP_CELL_348,2021,21.10583,79.14245,Ward 5 (Dhantoli),27.4,-2.98,0.366,-0.044,-0.597,0.178,Tree,0.85,33.02,82.11,318.0,2876.5,2530.4,210.7,95.7,Cold Spot,Persistent
NGP_CELL_348,2022,21.10583,79.14245,Ward 5 (Dhantoli),24.06,-4.08,0.469,-0.084,-0.532,0.116,Crop,0.83,24.38,68.41,318.0,2876.5,2530.4,210.7,86.1,Cold Spot,Emerging
NGP_CELL_348,2023,21.10583,79.14245,Ward 5 (Dhantoli),28.35,-1.26,0.192,0.186,-0.56,0.191,Built-up,0.82,63.68,150.25,318.0,2876.5,2530.4,210.7,88.1,Not Significant,Sporadic
NGP_CELL_348,2024,21.10583,79.14245,Ward 5 (Dhantoli),24.53,-3.02,0.319,0.095,-0.318,0.154,Crop,0.9,46.98,217.02,318.0,2876.5,2530.4,210.7,88.1,Not Significant,Persistent
NGP_CELL_349,2019,21.08246,79.08138,Ward 10 (Sanjay Gandhi Nagar),25.29,-3.35,-0.032,-0.291,0.418,0.156,Water,0.87,11.78,132.86,295.5,143.2,2712.9,18.1,90.6,Not Significant,Sporadic
NGP_CELL_349,2020,21.08246,79.08138,Ward 10 (Sanjay Gandhi Nagar),28.02,-2.62,-0.264,-0.164,0.481,0.085,Water,0.87,18.71,61.07,295.5,143.2,2712.9,18.1,86.5,Not Significant,Persistent
NGP_CELL_349,2021,21.08246,79.08138,Ward 10 (Sanjay Gandhi Nagar),29.29,-2.04,-0.012,-0.086,0.565,0.168,Water,0.95,33.08,138.37,295.5,143.2,2712.9,18.1,85.4,Not Significant,Sporadic
NGP_CELL_349,2022,21.08246,79.08138,Ward 10 (Sanjay Gandhi Nagar),27.41,-2.4,-0.024,-0.062,0.797,0.154,Water,0.72,30.56,156.09,295.5,143.2,2712.9,18.1,95.0,Not Significant,Persistent
NGP_CELL_349,2023,21.08246,79.08138,Ward 10 (Sanjay Gandhi Nagar),31.88,0.51,0.085,0.386,-0.505,0.131,Built-up,0.71,72.75,49.37,295.5,143.2,2712.9,18.1,97.7,Hot Spot,Sporadic
NGP_CELL_349,2024,21.08246,79.08138,Ward 10 (Sanjay Gandhi Nagar),27.62,-1.47,-0.148,0.026,0.657,0.106,Water,0.86,36.08,68.16,295.5,143.2,2712.9,18.1,93.4,Cold Spot,Emerging
NGP_CELL_350,2019,21.10845,79.01476,Ward 4 (Hanuman Nagar),29.9,-1.05,0.194,0.213,-0.219,0.178,Built-up,0.98,57.1,91.5,288.5,3469.4,2478.5,646.3,99.4,Not Significant,Sporadic
NGP_CELL_350,2020,21.10845,79.01476,Ward 4 (Hanuman Nagar),27.04,-3.11,0.226,-0.034,-0.265,0.135,Crop,0.65,36.65,58.29,288.5,3469.4,2478.5,646.3,86.5,Not Significant,Sporadic
NGP_CELL_350,2021,21.10845,79.01476,Ward 4 (Hanuman Nagar),24.93,-4.22,0.403,-0.219,-0.273,0.085,Crop,0.95,19.14,71.11,288.5,3469.4,2478.5,646.3,98.1,Not Significant,Persistent
NGP_CELL_350,2022,21.10845,79.01476,Ward 4 (Hanuman Nagar),30.66,-0.78,0.182,0.15,-0.585,0.184,Built-up,0.71,63.96,198.93,288.5,3469.4,2478.5,646.3,88.2,Hot Spot,Persistent
NGP_CELL_350,2023,21.10845,79.01476,Ward 4 (Hanuman Nagar),24.34,-3.26,0.284,0.001,-0.4,0.169,Bare,0.87,47.37,66.3,288.5,3469.4,2478.5,646.3,86.4,Not Significant,Diminishing
NGP_CELL_350,2024,21.10845,79.01476,Ward 4 (Hanuman Nagar),23.48,-3.54,0.33,-0.11,-0.509,0.17,Crop,0.89,38.21,196.47,288.5,3469.4,2478.5,646.3,92.8,Not Significant,Emerging
NGP_CELL_351,2019,21.19154,79.13637,Ward 3 (Dharampeth),31.13,-0.44,0.215,0.286,-0.35,0.243,Built-up,0.73,59.34,80.19,292.7,3012.3,2026.3,399.7,93.9,Hot Spot,Emerging
NGP_CELL_351,2020,21.19154,79.13637,Ward 3 (Dharampeth),25.58,-3.84,0.45,-0.183,-0.276,0.128,Bare,0.82,29.16,71.44,292.7,3012.3,2026.3,399.7,87.2,Not Significant,Persistent
NGP_CELL_351,2021,21.19154,79.13637,Ward 3 (Dharampeth),27.13,-3.12,0.393,-0.107,-0.255,0.116,Grass,0.91,31.16,89.72,292.7,3012.3,2026.3,399.7,91.0,Not Significant,Persistent
NGP_CELL_351,2022,21.19154,79.13637,Ward 3 (Dharampeth),26.47,-2.87,0.41,-0.137,-0.547,0.145,Crop,0.88,21.6,54.72,292.7,3012.3,2026.3,399.7,97.4,Not Significant,Emerging
NGP_CELL_351,2023,21.19154,79.13637,Ward 3 (Dharampeth),24.0,-3.43,0.247,-0.146,-0.375,0.159,Tree,0.96,34.73,103.16,292.7,3012.3,2026.3,399.7,91.1,Cold Spot,Emerging
NGP_CELL_351,2024,21.19154,79.13637,Ward 3 (Dharampeth),29.17,-0.7,0.027,0.337,-0.24,0.14,Built-up,0.94,80.1,139.26,292.7,3012.3,2026.3,399.7,86.4,Not Significant,Persistent
NGP_CELL_352,2019,21.12961,79.09789,Ward 5 (Dhantoli),22.83,-4.58,0.333,-0.288,-0.258,0.131,Tree,0.87,15.2,184.05,291.7,2309.9,803.4,41.1,99.3,Not Significant,Emerging
NGP_CELL_352,2020,21.12961,79.09789,Ward 5 (Dhantoli),30.49,-1.39,0.103,0.117,-0.365,0.233,Built-up,0.91,61.45,136.03,291.7,2309.9,803.4,41.1,94.8,Not Significant,Sporadic
NGP_CELL_352,2021,21.12961,79.09789,Ward 5 (Dhantoli),29.46,-1.95,0.276,0.161,-0.377,0.212,Built-up,0.92,61.36,208.02,291.7,2309.9,803.4,41.1,89.7,Not Significant,Sporadic
NGP_CELL_352,2022,21.12961,79.09789,Ward 5 (Dhantoli),30.84,-0.69,0.111,0.284,-0.592,0.177,Built-up,0.77,71.18,100.38,291.7,2309.9,803.4,41.1,88.4,Hot Spot,Persistent
NGP_CELL_352,2023,21.12961,79.09789,Ward 5 (Dhantoli),24.76,-3.05,0.312,0.002,-0.45,0.097,Grass,0.83,31.79,92.48,291.7,2309.9,803.4,41.1,94.7,Hot Spot,Sporadic
NGP_CELL_352,2024,21.12961,79.09789,Ward 5 (Dhantoli),22.29,-4.13,0.293,-0.129,-0.241,0.112,Grass,0.7,33.08,230.6,291.7,2309.9,803.4,41.1,89.9,Not Significant,Persistent
NGP_CELL_353,2019,21.07909,79.06329,Ward 4 (Hanuman Nagar),31.58,-0.21,0.097,0.324,-0.338,0.142,Built-up,0.85,67.41,46.28,309.0,2685.6,2943.6,196.1,98.4,Cold Spot,Diminishing
NGP_CELL_353,2020,21.07909,79.06329,Ward 4 (Hanuman Nagar),24.57,-4.35,0.401,-0.201,-0.394,0.118,Tree,0.77,23.68,62.66,309.0,2685.6,2943.6,196.1,99.6,Not Significant,Sporadic
NGP_CELL_353,2021,21.07909,79.06329,Ward 4 (Hanuman Nagar),29.18,-2.09,0.344,0.09,-0.485,0.179,Tree,0.7,49.52,63.04,309.0,2685.6,2943.6,196.1,89.7,Not Significant,Emerging
NGP_CELL_353,2022,21.07909,79.06329,Ward 4 (Hanuman Nagar),27.45,-2.38,0.23,0.058,-0.464,0.122,Built-up,0.83,50.46,154.13,309.0,2685.6,2943.6,196.1,97.8,Not Significant,Persistent
NGP_CELL_353,2023,21.07909,79.06329,Ward 4 (Hanuman Nagar),26.74,-2.06,0.215,0.027,-0.354,0.152,Bare,0.9,40.78,107.35,309.0,2685.6,2943.6,196.1,96.6,Cold Spot,Sporadic
NGP_CELL_353,2024,21.07909,79.06329,Ward 4 (Hanuman Nagar),27.83,-1.36,0.119,0.13,-0.257,0.221,Built-up,0.92,57.89,179.71,309.0,2685.6,2943.6,196.1,95.1,Cold Spot,Persistent
NGP_CELL_354,2019,21.12258,79.01585,Ward 3 (Dharampeth),23.58,-4.21,0.466,-0.116,-0.212,0.109,Grass,0.79,21.42,186.63,298.3,495.0,2297.5,305.9,97.2,Hot Spot,Persistent
NGP_CELL_354,2020,21.12258,79.01585,Ward 3 (Dharampeth),28.53,-2.37,0.138,0.1,-0.235,0.216,Built-up,0.95,54.57,86.69,298.3,495.0,2297.5,305.9,87.3,Not Significant,Persistent
NGP_CELL_354,2021,21.12258,79.01585,Ward 3 (Dharampeth),31.79,-0.79,0.27,0.278,-0.33,0.132,Built-up,0.86,58.9,168.15,298.3,495.0,2297.5,305.9,92.2,Not Significant,Persistent
NGP_CELL_354,2022,21.12258,79.01585,Ward 3 (Dharampeth),28.64,-1.79,0.32,0.238,-0.537,0.213,Built-up,0.86,54.07,141.11,298.3,495.0,2297.5,305.9,93.0,Not Significant,Persistent
NGP_CELL_354,2023,21.12258,79.01585,Ward 3 (Dharampeth),26.4,-2.23,0.328,-0.063,-0.437,0.117,Tree,0.94,34.96,196.29,298.3,495.0,2297.5,305.9,92.0,Not Significant,Persistent
NGP_CELL_354,2024,21.12258,79.01585,Ward 3 (Dharampeth),27.14,-1.71,0.169,0.079,-0.35,0.246,Built-up,0.71,54.2,168.67,298.3,495.0,2297.5,305.9,92.8,Cold Spot,Persistent
NGP_CELL_355,2019,21.17352,79.05275,Ward 9 (Nehru Nagar),23.99,-4.01,0.414,-0.165,-0.593,0.152,Bare,0.81,25.04,79.39,311.6,1511.7,214.1,791.1,93.5,Hot Spot,Sporadic
NGP_CELL_355,2020,21.17352,79.05275,Ward 9 (Nehru Nagar),26.26,-3.5,0.427,-0.01,-0.596,0.085,Tree,0.81,29.36,176.7,311.6,1511.7,214.1,791.1,97.5,Cold Spot,Sporadic
NGP_CELL_355,2021,21.17352,79.05275,Ward 9 (Nehru Nagar),25.01,-4.18,0.328,-0.122,-0.444,0.106,Crop,0.65,31.09,29.3,311.6,1511.7,214.1,791.1,87.0,Not Significant,Persistent
NGP_CELL_355,2022,21.17352,79.05275,Ward 9 (Nehru Nagar),24.93,-3.64,0.42,-0.109,-0.528,0.143,Tree,0.81,19.69,95.64,311.6,1511.7,214.1,791.1,88.0,Not Significant,Emerging
NGP_CELL_355,2023,21.17352,79.05275,Ward 9 (Nehru Nagar),21.76,-4.55,0.479,-0.26,-0.364,0.109,Tree,0.72,24.0,118.67,311.6,1511.7,214.1,791.1,92.9,Not Significant,Sporadic
NGP_CELL_355,2024,21.17352,79.05275,Ward 9 (Nehru Nagar),27.4,-1.58,0.245,0.233,-0.353,0.17,Built-up,0.9,60.5,170.71,311.6,1511.7,214.1,791.1,95.0,Hot Spot,Emerging
NGP_CELL_356,2019,21.1409,79.03159,Ward 4 (Hanuman Nagar),24.66,-3.67,0.287,0.019,-0.269,0.1,Crop,0.65,38.8,156.98,315.0,1060.3,232.5,483.7,95.0,Cold Spot,Sporadic
NGP_CELL_356,2020,21.1409,79.03159,Ward 4 (Hanuman Nagar),28.71,-2.27,0.19,-0.048,-0.439,0.086,Grass,0.96,44.3,87.16,315.0,1060.3,232.5,483.7,89.6,Cold Spot,Emerging
NGP_CELL_356,2021,21.1409,79.03159,Ward 4 (Hanuman Nagar),30.78,-1.29,0.255,0.211,-0.423,0.234,Built-up,0.92,61.92,167.34,315.0,1060.3,232.5,483.7,92.5,Not Significant,Persistent
NGP_CELL_356,2022,21.1409,79.03159,Ward 4 (Hanuman Nagar),29.62,-1.29,0.258,0.263,-0.502,0.175,Built-up,0.96,61.61,90.4,315.0,1060.3,232.5,483.7,99.9,Hot Spot,Sporadic
NGP_CELL_356,2023,21.1409,79.03159,Ward 4 (Hanuman Nagar),30.58,-0.14,0.008,0.459,-0.422,0.21,Built-up,0.94,79.14,49.49,315.0,1060.3,232.5,483.7,94.4,Not Significant,Emerging
NGP_CELL_356,2024,21.1409,79.03159,Ward 4 (Hanuman Nagar),29.85,-0.35,0.175,0.362,-0.385,0.157,Built-up,0.71,67.24,106.64,315.0,1060.3,232.5,483.7,90.3,Not Significant,Persistent
NGP_CELL_357,2019,21.13075,79.04112,Ward 4 (Hanuman Nagar),25.36,-3.32,0.333,-0.211,-0.525,0.096,Bare,0.66,14.98,147.44,303.4,476.5,2919.7,41.4,97.5,Not Significant,Persistent
NGP_CELL_357,2020,21.13075,79.04112,Ward 4 (Hanuman Nagar),32.47,-0.39,0.231,0.296,-0.398,0.238,Built-up,0.68,63.27,110.9,303.4,476.5,2919.7,41.4,86.3,Not Significant,Persistent
NGP_CELL_357,2021,21.13075,79.04112,Ward 4 (Hanuman Nagar),29.8,-1.78,0.28,0.054,-0.299,0.09,Crop,0.9,43.28,86.14,303.4,476.5,2919.7,41.4,96.4,Not Significant,Persistent
NGP_CELL_357,2022,21.13075,79.04112,Ward 4 (Hanuman Nagar),28.67,-1.77,0.204,0.172,-0.3,0.238,Built-up,0.92,55.52,60.77,303.4,476.5,2919.7,41.4,91.3,Cold Spot,Sporadic
NGP_CELL_357,2023,21.13075,79.04112,Ward 4 (Hanuman Nagar),21.65,-4.61,0.365,-0.136,-0.471,0.081,Crop,0.93,36.1,152.5,303.4,476.5,2919.7,41.4,97.2,Not Significant,Persistent
NGP_CELL_357,2024,21.13075,79.04112,Ward 4 (Hanuman Nagar),25.33,-2.62,0.242,-0.054,-0.261,0.142,Bare,0.76,34.33,151.14,303.4,476.5,2919.7,41.4,93.3,Not Significant,Sporadic
NGP_CELL_358,2019,21.14668,79.11959,Ward 4 (Hanuman Nagar),23.97,-4.02,0.393,-0.086,-0.539,0.179,Crop,0.66,39.14,123.86,305.5,2662.3,553.7,100.7,85.8,Not Significant,Emerging
NGP_CELL_358,2020,21.14668,79.11959,Ward 4 (Hanuman Nagar),25.32,-3.97,0.409,-0.094,-0.556,0.122,Crop,0.8,24.28,167.47,305.5,2662.3,553.7,100.7,91.4,Not Significant,Sporadic
NGP_CELL_358,2021,21.14668,79.11959,Ward 4 (Hanuman Nagar),24.83,-4.27,0.428,-0.171,-0.496,0.089,Tree,0.79,25.71,137.29,305.5,2662.3,553.7,100.7,99.5,Cold Spot,Emerging
NGP_CELL_358,2022,21.14668,79.11959,Ward 4 (Hanuman Nagar),29.6,-1.31,0.081,0.145,-0.513,0.221,Built-up,0.73,64.13,175.76,305.5,2662.3,553.7,100.7,87.9,Not Significant,Sporadic
NGP_CELL_358,2023,21.14668,79.11959,Ward 4 (Hanuman Nagar),31.74,0.44,0.111,0.402,-0.417,0.194,Built-up,0.72,77.24,212.68,305.5,2662.3,553.7,100.7,99.3,Not Significant,Persistent
NGP_CELL_358,2024,21.14668,79.11959,Ward 4 (Hanuman Nagar),25.34,-2.61,0.253,0.173,-0.337,0.17,Built-up,0.76,65.59,178.62,305.5,2662.3,553.7,100.7,98.1,Not Significant,Persistent
NGP_CELL_359,2019,21.15813,79.0936,Ward 10 (Sanjay Gandhi Nagar),27.09,-2.45,0.32,-0.003,-0.437,0.119,Crop,0.68,37.79,84.79,305.7,843.4,2012.6,314.5,98.8,Not Significant,Sporadic
NGP_CELL_359,2020,21.15813,79.0936,Ward 10 (Sanjay Gandhi Nagar),23.93,-4.67,0.464,-0.212,-0.295,0.131,Tree,0.67,23.6,179.73,305.7,843.4,2012.6,314.5,91.8,Not Significant,Sporadic
NGP_CELL_359,2021,21.15813,79.0936,Ward 10 (Sanjay Gandhi Nagar),22.81,-5.27,0.489,-0.238,-0.358,0.13,Grass,0.88,21.59,193.38,305.7,843.4,2012.6,314.5,95.1,Cold Spot,Persistent
NGP_CELL_359,2022,21.15813,79.0936,Ward 10 (Sanjay Gandhi Nagar),26.98,-2.62,0.353,0.033,-0.307,0.146,Tree,0.69,41.18,45.95,305.7,843.4,2012.6,314.5,92.1,Cold Spot,Sporadic
NGP_CELL_359,2023,21.15813,79.0936,Ward 10 (Sanjay Gandhi Nagar),23.51,-3.68,0.433,-0.056,-0.355,0.153,Tree,0.75,32.11,209.07,305.7,843.4,2012.6,314.5,90.2,Not Significant,Persistent
NGP_CELL_359,2024,21.15813,79.0936,Ward 10 (Sanjay Gandhi Nagar),23.33,-3.61,0.361,-0.147,-0.408,0.137,Tree,0.92,23.22,175.34,305.7,843.4,2012.6,314.5,94.0,Not Significant,Persistent
NGP_CELL_360,2019,21.08218,79.00858,Ward 3 (Dharampeth),26.3,-2.85,0.308,-0.107,-0.202,0.153,Tree,0.65,29.89,143.0,302.0,565.1,1096.8,144.6,95.6,Cold Spot,Emerging
NGP_CELL_360,2020,21.08218,79.00858,Ward 3 (Dharampeth),29.52,-1.87,0.188,0.094,-0.324,0.137,Tree,0.65,45.71,55.59,302.0,565.1,1096.8,144.6,95.3,Not Significant,Persistent
NGP_CELL_360,2021,21.08218,79.00858,Ward 3 (Dharampeth),27.98,-2.69,0.314,0.129,-0.546,0.179,Built-up,0.95,56.91,188.07,302.0,565.1,1096.8,144.6,95.9,Cold Spot,Sporadic
NGP_CELL_360,2022,21.08218,79.00858,Ward 3 (Dharampeth),25.78,-3.21,0.346,-0.056,-0.253,0.135,Tree,0.93,26.96,148.9,302.0,565.1,1096.8,144.6,98.7,Not Significant,Sporadic
NGP_CELL_360,2023,21.08218,79.00858,Ward 3 (Dharampeth),29.45,-0.71,0.081,0.305,-0.464,0.209,Built-up,0.95,74.88,117.57,302.0,565.1,1096.8,144.6,87.1,Not Significant,Persistent
NGP_CELL_360,2024,21.08218,79.00858,Ward 3 (Dharampeth),28.16,-1.2,0.197,0.218,-0.54,0.168,Built-up,0.68,56.96,170.22,302.0,565.1,1096.8,144.6,98.1,Not Significant,Persistent
NGP_CELL_361,2019,21.06193,79.03865,Ward 8 (Gandhibagh),28.44,-1.78,0.27,0.081,-0.352,0.142,Tree,0.82,49.05,196.45,295.9,3230.8,1193.3,705.3,94.8,Not Significant,Sporadic
NGP_CELL_361,2020,21.06193,79.03865,Ward 8 (Gandhibagh),25.95,-3.66,0.297,-0.133,-0.221,0.1,Bare,0.72,23.08,84.17,295.9,3230.8,1193.3,705.3,98.0,Not Significant,Emerging
NGP_CELL_361,2021,21.06193,79.03865,Ward 8 (Gandhibagh),31.5,-0.93,0.145,0.319,-0.459,0.163,Built-up,0.92,65.03,147.57,295.9,3230.8,1193.3,705.3,95.3,Not Significant,Sporadic
NGP_CELL_361,2022,21.06193,79.03865,Ward 8 (Gandhibagh),27.33,-2.44,0.184,0.083,-0.45,0.238,Built-up,0.78,54.01,45.86,295.9,3230.8,1193.3,705.3,86.7,Not Significant,Diminishing
NGP_CELL_361,2023,21.06193,79.03865,Ward 8 (Gandhibagh),23.61,-3.63,0.403,-0.097,-0.328,0.093,Crop,0.92,30.09,137.46,295.9,3230.8,1193.3,705.3,89.8,Not Significant,Persistent
NGP_CELL_361,2024,21.06193,79.03865,Ward 8 (Gandhibagh),28.56,-1.0,0.104,0.197,-0.461,0.198,Built-up,0.73,66.4,85.69,295.9,3230.8,1193.3,705.3,91.1,Cold Spot,Sporadic
NGP_CELL_362,2019,21.10069,79.06685,Ward 9 (Nehru Nagar),28.37,-1.82,0.231,0.156,-0.274,0.208,Built-up,0.68,56.1,157.2,289.1,54.9,2344.0,678.0,89.3,Cold Spot,Persistent
NGP_CELL_362,2020,21.10069,79.06685,Ward 9 (Nehru Nagar),29.97,-1.64,0.24,0.196,-0.393,0.121,Built-up,0.76,55.44,175.18,289.1,54.9,2344.0,678.0,98.8,Cold Spot,Sporadic
NGP_CELL_362,2021,21.10069,79.06685,Ward 9 (Nehru Nagar),28.15,-2.61,-0.228,-0.161,0.757,0.133,Water,0.67,18.32,126.31,289.1,54.9,2344.0,678.0,95.2,Cold Spot,Persistent
NGP_CELL_362,2022,21.10069,79.06685,Ward 9 (Nehru Nagar),29.53,-1.34,0.301,0.246,-0.475,0.132,Built-up,0.88,57.32,30.15,289.1,54.9,2344.0,678.0,96.4,Not Significant,Persistent
NGP_CELL_362,2023,21.10069,79.06685,Ward 9 (Nehru Nagar),26.16,-2.35,-0.112,0.016,0.717,0.143,Water,0.89,38.62,156.06,289.1,54.9,2344.0,678.0,86.8,Not Significant,Diminishing
NGP_CELL_362,2024,21.10069,79.06685,Ward 9 (Nehru Nagar),27.07,-1.75,-0.185,0.055,0.436,0.126,Water,0.66,42.72,150.38,289.1,54.9,2344.0,678.0,99.9,Not Significant,Emerging
NGP_CELL_363,2019,21.12995,79.00656,Ward 2 (Ashinagar),26.54,-2.73,0.342,0.025,-0.594,0.142,Crop,0.83,35.39,161.83,310.8,3721.6,2530.9,533.3,90.7,Not Significant,Persistent
NGP_CELL_363,2020,21.12995,79.00656,Ward 2 (Ashinagar),25.28,-3.99,0.34,-0.241,-0.568,0.145,Tree,0.89,17.8,137.52,310.8,3721.6,2530.9,533.3,89.5,Cold Spot,Emerging
NGP_CELL_363,2021,21.12995,79.00656,Ward 2 (Ashinagar),27.92,-2.72,0.25,-0.049,-0.254,0.171,Grass,0.93,44.01,178.12,310.8,3721.6,2530.9,533.3,89.2,Hot Spot,Persistent
NGP_CELL_363,2022,21.12995,79.00656,Ward 2 (Ashinagar),22.44,-4.89,0.391,-0.165,-0.271,0.15,Grass,0.97,22.41,128.13,310.8,3721.6,2530.9,533.3,87.7,Cold Spot,Sporadic
NGP_CELL_363,2023,21.12995,79.00656,Ward 2 (Ashinagar),22.33,-4.27,0.447,-0.142,-0.385,0.084,Tree,0.87,25.28,122.68,310.8,3721.6,2530.9,533.3,90.2,Not Significant,Persistent
NGP_CELL_363,2024,21.12995,79.00656,Ward 2 (Ashinagar),26.65,-1.95,0.209,0.121,-0.423,0.133,Crop,0.76,43.37,43.96,310.8,3721.6,2530.9,533.3,94.5,Not Significant,Persistent
NGP_CELL_364,2019,21.05805,79.12984,Ward 7 (Mangalwari),29.48,-1.26,0.176,0.276,-0.471,0.139,Built-up,0.87,63.85,21.51,302.8,2591.9,2070.5,520.6,91.8,Not Significant,Persistent
NGP_CELL_364,2020,21.05805,79.12984,Ward 7 (Mangalwari),29.38,-1.94,0.349,0.104,-0.473,0.103,Crop,0.71,47.0,204.44,302.8,2591.9,2070.5,520.6,90.7,Not Significant,Emerging
NGP_CELL_364,2021,21.05805,79.12984,Ward 7 (Mangalwari),30.18,-1.59,0.211,0.176,-0.514,0.171,Built-up,0.68,55.89,71.02,302.8,2591.9,2070.5,520.6,91.5,Not Significant,Emerging
NGP_CELL_364,2022,21.05805,79.12984,Ward 7 (Mangalwari),29.6,-1.31,0.13,0.152,-0.471,0.172,Built-up,0.9,63.95,66.61,302.8,2591.9,2070.5,520.6,97.4,Not Significant,Sporadic
NGP_CELL_364,2023,21.05805,79.12984,Ward 7 (Mangalwari),32.67,0.9,0.07,0.404,-0.46,0.209,Built-up,0.67,83.17,157.36,302.8,2591.9,2070.5,520.6,91.0,Cold Spot,Persistent
NGP_CELL_364,2024,21.05805,79.12984,Ward 7 (Mangalwari),30.3,-0.13,0.155,0.392,-0.495,0.194,Built-up,0.96,84.08,78.77,302.8,2591.9,2070.5,520.6,91.2,Hot Spot,Emerging
NGP_CELL_365,2019,21.06486,79.09096,Ward 2 (Ashinagar),25.24,-3.38,-0.016,-0.265,0.527,0.151,Water,0.91,18.89,72.15,314.8,146.5,2079.3,59.3,87.0,Cold Spot,Persistent
NGP_CELL_365,2020,21.06486,79.09096,Ward 2 (Ashinagar),28.49,-2.39,-0.292,-0.073,0.791,0.13,Water,0.88,25.17,56.81,314.8,146.5,2079.3,59.3,89.7,Cold Spot,Persistent
NGP_CELL_365,2021,21.06486,79.09096,Ward 2 (Ashinagar),30.37,-1.5,-0.174,-0.021,0.579,0.127,Water,0.81,41.8,117.72,314.8,146.5,2079.3,59.3,91.5,Not Significant,Diminishing
NGP_CELL_365,2022,21.06486,79.09096,Ward 2 (Ashinagar),28.05,-2.08,-0.149,-0.14,0.407,0.123,Water,0.79,18.93,46.44,314.8,146.5,2079.3,59.3,91.2,Not Significant,Persistent
NGP_CELL_365,2023,21.06486,79.09096,Ward 2 (Ashinagar),25.88,-2.49,-0.203,-0.244,0.555,0.168,Water,0.9,23.05,131.01,314.8,146.5,2079.3,59.3,90.6,Cold Spot,Diminishing
NGP_CELL_365,2024,21.06486,79.09096,Ward 2 (Ashinagar),25.93,-2.31,-0.18,-0.106,0.592,0.137,Water,0.78,31.03,44.6,314.8,146.5,2079.3,59.3,87.8,Not Significant,Persistent
NGP_CELL_366,2019,21.1601,79.08358,Ward 10 (Sanjay Gandhi Nagar),27.74,-2.13,0.352,0.128,-0.331,0.084,Tree,0.7,43.43,175.79,311.8,920.7,1043.2,53.8,88.1,Not Significant,Emerging
NGP_CELL_366,2020,21.1601,79.08358,Ward 10 (Sanjay Gandhi Nagar),29.01,-2.13,0.253,0.159,-0.541,0.135,Bare,0.77,49.15,71.63,311.8,920.7,1043.2,53.8,90.2,Not Significant,Persistent
NGP_CELL_366,2021,21.1601,79.08358,Ward 10 (Sanjay Gandhi Nagar),30.03,-1.67,0.157,0.132,-0.388,0.212,Built-up,0.86,52.85,44.35,311.8,920.7,1043.2,53.8,88.5,Cold Spot,Persistent
NGP_CELL_366,2022,21.1601,79.08358,Ward 10 (Sanjay Gandhi Nagar),31.87,-0.17,0.17,0.381,-0.248,0.181,Built-up,0.79,76.85,212.45,311.8,920.7,1043.2,53.8,92.6,Hot Spot,Persistent
NGP_CELL_366,2023,21.1601,79.08358,Ward 10 (Sanjay Gandhi Nagar),26.79,-2.04,0.204,0.024,-0.319,0.099,Grass,0.65,41.44,189.14,311.8,920.7,1043.2,53.8,87.1,Cold Spot,Persistent
NGP_CELL_366,2024,21.1601,79.08358,Ward 10 (Sanjay Gandhi Nagar),22.59,-3.99,0.338,-0.212,-0.371,0.119,Bare,0.93,26.36,158.51,311.8,920.7,1043.2,53.8,90.2,Cold Spot,Sporadic
NGP_CELL_367,2019,21.16138,79.02008,Ward 1 (Lakadganj),22.47,-4.76,0.413,-0.27,-0.519,0.088,Grass,0.85,19.76,22.3,280.2,797.2,1305.0,535.0,90.8,Not Significant,Diminishing
NGP_CELL_367,2020,21.16138,79.02008,Ward 1 (Lakadganj),29.19,-2.04,0.359,0.133,-0.338,0.113,Crop,0.76,47.37,39.31,280.2,797.2,1305.0,535.0,86.5,Not Significant,Persistent
NGP_CELL_367,2021,21.16138,79.02008,Ward 1 (Lakadganj),27.73,-2.82,0.272,-0.014,-0.432,0.159,Crop,0.92,31.65,84.7,280.2,797.2,1305.0,535.0,89.8,Not Significant,Sporadic
NGP_CELL_367,2022,21.16138,79.02008,Ward 1 (Lakadganj),33.97,0.88,0.033,0.415,-0.323,0.236,Built-up,0.75,73.94,207.1,280.2,797.2,1305.0,535.0,95.2,Not Significant,Sporadic
NGP_CELL_367,2023,21.16138,79.02008,Ward 1 (Lakadganj),31.66,0.4,0.064,0.452,-0.414,0.216,Built-up,0.92,75.56,100.98,280.2,797.2,1305.0,535.0,94.3,Not Significant,Diminishing
NGP_CELL_367,2024,21.16138,79.02008,Ward 1 (Lakadganj),29.0,-0.78,0.183,0.247,-0.465,0.129,Built-up,0.92,68.92,92.5,280.2,797.2,1305.0,535.0,96.6,Not Significant,Emerging
NGP_CELL_368,2019,21.15741,79.05597,Ward 2 (Ashinagar),25.73,-3.13,0.352,-0.067,-0.335,0.122,Bare,0.79,41.54,70.51,292.7,3215.9,1824.3,468.4,88.1,Not Significant,Persistent
NGP_CELL_368,2020,21.15741,79.05597,Ward 2 (Ashinagar),30.83,-1.21,0.133,0.239,-0.556,0.202,Built-up,0.76,67.59,103.34,292.7,3215.9,1824.3,468.4,98.7,Not Significant,Emerging
NGP_CELL_368,2021,21.15741,79.05597,Ward 2 (Ashinagar),29.73,-1.82,0.256,0.183,-0.461,0.203,Built-up,0.77,51.02,137.79,292.7,3215.9,1824.3,468.4,94.7,Not Significant,Persistent
NGP_CELL_368,2022,21.15741,79.05597,Ward 2 (Ashinagar),27.24,-2.48,0.206,0.059,-0.479,0.115,Bare,0.88,41.3,63.42,292.7,3215.9,1824.3,468.4,90.9,Cold Spot,Sporadic
NGP_CELL_368,2023,21.15741,79.05597,Ward 2 (Ashinagar),23.45,-3.71,0.405,-0.083,-0.463,0.17,Crop,0.89,26.81,179.68,292.7,3215.9,1824.3,468.4,92.5,Not Significant,Diminishing
NGP_CELL_368,2024,21.15741,79.05597,Ward 2 (Ashinagar),22.85,-3.86,0.318,-0.116,-0.221,0.106,Crop,0.79,29.81,99.23,292.7,3215.9,1824.3,468.4,94.4,Not Significant,Persistent
NGP_CELL_369,2019,21.11175,79.05482,Ward 7 (Mangalwari),30.41,-0.79,0.136,0.221,-0.411,0.218,Built-up,0.85,57.56,89.5,284.2,4656.5,1707.7,792.2,89.0,Hot Spot,Persistent
NGP_CELL_369,2020,21.11175,79.05482,Ward 7 (Mangalwari),27.65,-2.81,0.244,-0.05,-0.294,0.088,Grass,0.67,35.59,28.95,284.2,4656.5,1707.7,792.2,99.3,Not Significant,Sporadic
NGP_CELL_369,2021,21.11175,79.05482,Ward 7 (Mangalwari),28.42,-2.47,0.148,0.079,-0.201,0.234,Built-up,0.81,55.6,57.18,284.2,4656.5,1707.7,792.2,98.8,Cold Spot,Persistent
NGP_CELL_369,2022,21.11175,79.05482,Ward 7 (Mangalwari),24.79,-3.71,0.449,-0.056,-0.396,0.153,Tree,0.8,26.62,143.22,284.2,4656.5,1707.7,792.2,88.5,Not Significant,Persistent
NGP_CELL_369,2023,21.11175,79.05482,Ward 7 (Mangalwari),29.83,-0.52,0.217,0.332,-0.386,0.146,Built-up,0.92,72.27,56.46,284.2,4656.5,1707.7,792.2,92.6,Not Significant,Sporadic
NGP_CELL_369,2024,21.11175,79.05482,Ward 7 (Mangalwari),26.22,-2.17,0.344,-0.059,-0.362,0.136,Tree,0.9,26.64,102.22,284.2,4656.5,1707.7,792.2,97.0,Not Significant,Sporadic
NGP_CELL_370,2019,21.0574,79.07427,Ward 8 (Gandhibagh),24.88,-3.56,0.36,-0.153,-0.595,0.158,Tree,0.92,24.35,188.8,299.6,2671.6,2347.3,452.0,85.2,Not Significant,Persistent
NGP_CELL_370,2020,21.0574,79.07427,Ward 8 (Gandhibagh),25.29,-3.99,0.354,-0.127,-0.512,0.121,Tree,0.98,25.96,53.24,299.6,2671.6,2347.3,452.0,86.9,Not Significant,Persistent
NGP_CELL_370,2021,21.0574,79.07427,Ward 8 (Gandhibagh),32.55,-0.4,0.184,0.284,-0.341,0.131,Built-up,0.65,59.35,204.03,299.6,2671.6,2347.3,452.0,85.1,Cold Spot,Sporadic
NGP_CELL_370,2022,21.0574,79.07427,Ward 8 (Gandhibagh),32.24,0.01,0.098,0.371,-0.283,0.239,Built-up,0.83,73.0,206.1,299.6,2671.6,2347.3,452.0,90.4,Hot Spot,Persistent
NGP_CELL_370,2023,21.0574,79.07427,Ward 8 (Gandhibagh),27.36,-1.75,0.214,0.214,-0.46,0.217,Built-up,0.65,56.86,179.07,299.6,2671.6,2347.3,452.0,86.4,Not Significant,Persistent
NGP_CELL_370,2024,21.0574,79.07427,Ward 8 (Gandhibagh),30.66,0.05,0.092,0.395,-0.28,0.146,Built-up,0.69,77.87,103.19,299.6,2671.6,2347.3,452.0,89.4,Hot Spot,Persistent
NGP_CELL_371,2019,21.11422,79.1446,Ward 9 (Nehru Nagar),25.48,-3.26,0.332,-0.115,-0.522,0.172,Grass,0.76,25.39,81.46,311.3,1634.3,437.8,206.9,90.2,Cold Spot,Persistent
NGP_CELL_371,2020,21.11422,79.1446,Ward 9 (Nehru Nagar),31.3,-0.98,0.146,0.285,-0.258,0.217,Built-up,0.67,63.29,34.23,311.3,1634.3,437.8,206.9,98.7,Not Significant,Sporadic
NGP_CELL_371,2021,21.11422,79.1446,Ward 9 (Nehru Nagar),27.04,-3.16,0.293,-0.095,-0.532,0.083,Grass,0.66,26.59,211.09,311.3,1634.3,437.8,206.9,95.0,Not Significant,Persistent
NGP_CELL_371,2022,21.11422,79.1446,Ward 9 (Nehru Nagar),30.41,-0.9,0.166,0.266,-0.597,0.157,Built-up,0.98,73.36,65.49,311.3,1634.3,437.8,206.9,98.3,Not Significant,Emerging
NGP_CELL_371,2023,21.11422,79.1446,Ward 9 (Nehru Nagar),29.38,-0.74,0.207,0.4,-0.336,0.145,Built-up,0.97,75.5,186.66,311.3,1634.3,437.8,206.9,86.4,Not Significant,Sporadic
NGP_CELL_371,2024,21.11422,79.1446,Ward 9 (Nehru Nagar),28.14,-1.21,0.119,0.243,-0.464,0.191,Built-up,0.82,56.75,41.43,311.3,1634.3,437.8,206.9,93.3,Not Significant,Emerging
NGP_CELL_372,2019,21.16847,79.00375,Ward 6 (Satranjipura),25.04,-3.48,0.37,-0.104,-0.383,0.146,Bare,0.75,26.55,132.65,285.8,3162.2,983.4,152.7,91.9,Cold Spot,Persistent
NGP_CELL_372,2020,21.16847,79.00375,Ward 6 (Satranjipura),25.3,-3.98,0.375,-0.17,-0.537,0.179,Tree,0.82,15.62,75.01,285.8,3162.2,983.4,152.7,98.6,Not Significant,Sporadic
NGP_CELL_372,2021,21.16847,79.00375,Ward 6 (Satranjipura),32.55,-0.41,0.146,0.382,-0.558,0.225,Built-up,0.83,68.25,182.56,285.8,3162.2,983.4,152.7,86.2,Not Significant,Sporadic
NGP_CELL_372,2022,21.16847,79.00375,Ward 6 (Satranjipura),25.73,-3.24,0.316,0.015,-0.439,0.106,Grass,0.78,42.85,64.33,285.8,3162.2,983.4,152.7,99.9,Not Significant,Persistent
NGP_CELL_372,2023,21.16847,79.00375,Ward 6 (Satranjipura),30.06,-0.4,0.202,0.283,-0.312,0.242,Built-up,0.66,73.09,120.49,285.8,3162.2,983.4,152.7,93.1,Not Significant,Sporadic
NGP_CELL_372,2024,21.16847,79.00375,Ward 6 (Satranjipura),28.01,-1.27,0.159,0.053,-0.337,0.159,Built-up,0.66,50.9,84.19,285.8,3162.2,983.4,152.7,97.9,Not Significant,Persistent
NGP_CELL_373,2019,21.09048,79.04805,Ward 6 (Satranjipura),28.3,-1.85,0.291,0.027,-0.256,0.117,Grass,0.97,39.02,154.69,301.2,1388.5,2805.7,501.1,92.8,Cold Spot,Diminishing
NGP_CELL_373,2020,21.09048,79.04805,Ward 6 (Satranjipura),29.46,-1.9,0.187,0.145,-0.501,0.164,Bare,0.98,47.25,53.11,301.2,1388.5,2805.7,501.1,87.5,Cold Spot,Persistent
NGP_CELL_373,2021,21.09048,79.04805,Ward 6 (Satranjipura),31.04,-1.16,0.103,0.225,-0.381,0.142,Built-up,0.84,64.11,51.81,301.2,1388.5,2805.7,501.1,91.1,Not Significant,Persistent
NGP_CELL_373,2022,21.09048,79.04805,Ward 6 (Satranjipura),30.45,-0.88,0.199,0.297,-0.442,0.239,Built-up,0.91,72.59,47.95,301.2,1388.5,2805.7,501.1,94.9,Hot Spot,Persistent
NGP_CELL_373,2023,21.09048,79.04805,Ward 6 (Satranjipura),21.98,-4.44,0.385,-0.2,-0.218,0.094,Crop,0.77,29.79,135.32,301.2,1388.5,2805.7,501.1,92.4,Not Significant,Persistent
NGP_CELL_373,2024,21.09048,79.04805,Ward 6 (Satranjipura),25.2,-2.68,0.21,-0.0,-0.394,0.15,Bare,0.81,41.79,188.0,301.2,1388.5,2805.7,501.1,92.8,Cold Spot,Persistent
NGP_CELL_374,2019,21.06384,79.06489,Ward 8 (Gandhibagh),23.37,-4.32,0.401,-0.18,-0.592,0.132,Bare,0.97,17.98,196.23,287.8,4100.7,2250.6,793.6,95.6,Cold Spot,Sporadic
NGP_CELL_374,2020,21.06384,79.06489,Ward 8 (Gandhibagh),29.09,-2.09,0.207,0.098,-0.259,0.153,Tree,0.73,44.01,68.71,287.8,4100.7,2250.6,793.6,94.7,Not Significant,Persistent
NGP_CELL_374,2021,21.06384,79.06489,Ward 8 (Gandhibagh),28.48,-2.44,0.266,0.062,-0.399,0.144,Built-up,0.82,55.14,118.33,287.8,4100.7,2250.6,793.6,90.4,Not Significant,Emerging
NGP_CELL_374,2022,21.06384,79.06489,Ward 8 (Gandhibagh),29.56,-1.32,0.246,0.288,-0.338,0.15,Built-up,0.7,65.6,100.31,287.8,4100.7,2250.6,793.6,88.4,Not Significant,Persistent
NGP_CELL_374,2023,21.06384,79.06489,Ward 8 (Gandhibagh),31.99,0.56,0.009,0.376,-0.476,0.154,Built-up,0.66,80.72,189.83,287.8,4100.7,2250.6,793.6,98.6,Not Significant,Emerging
NGP_CELL_374,2024,21.06384,79.06489,Ward 8 (Gandhibagh),25.09,-2.74,0.39,0.099,-0.202,0.095,Tree,0.85,40.47,76.0,287.8,4100.7,2250.6,793.6,91.4,Not Significant,Sporadic
NGP_CELL_375,2019,21.1837,79.03821,Ward 1 (Lakadganj),27.87,-2.06,0.327,-0.042,-0.51,0.179,Crop,0.86,36.7,173.12,315.5,4037.3,632.1,126.8,88.3,Not Significant,Persistent
NGP_CELL_375,2020,21.1837,79.03821,Ward 1 (Lakadganj),22.35,-5.45,0.472,-0.252,-0.246,0.093,Crop,0.95,23.97,25.92,315.5,4037.3,632.1,126.8,85.0,Cold Spot,Sporadic
NGP_CELL_375,2021,21.1837,79.03821,Ward 1 (Lakadganj),31.88,-0.74,0.278,0.285,-0.532,0.171,Built-up,0.95,62.2,150.33,315.5,4037.3,632.1,126.8,95.2,Not Significant,Emerging
NGP_CELL_375,2022,21.1837,79.03821,Ward 1 (Lakadganj),29.05,-1.58,0.222,0.224,-0.323,0.212,Built-up,0.7,58.36,76.81,315.5,4037.3,632.1,126.8,89.6,Not Significant,Persistent
NGP_CELL_375,2023,21.1837,79.03821,Ward 1 (Lakadganj),30.45,-0.21,0.138,0.32,-0.428,0.162,Built-up,0.95,74.79,154.55,315.5,4037.3,632.1,126.8,86.9,Not Significant,Sporadic
NGP_CELL_375,2024,21.1837,79.03821,Ward 1 (Lakadganj),23.35,-3.6,0.437,-0.099,-0.55,0.095,Crop,0.66,28.41,212.75,315.5,4037.3,632.1,126.8,96.6,Not Significant,Sporadic
NGP_CELL_376,2019,21.06586,79.02972,Ward 6 (Satranjipura),23.21,-4.39,0.476,-0.25,-0.409,0.109,Bare,0.85,12.19,46.07,301.1,1730.3,2353.0,153.3,99.3,Not Significant,Emerging
NGP_CELL_376,2020,21.06586,79.02972,Ward 6 (Satranjipura),31.24,-1.01,0.249,0.226,-0.343,0.172,Built-up,0.81,68.62,164.19,301.1,1730.3,2353.0,153.3,94.1,Not Significant,Persistent
NGP_CELL_376,2021,21.06586,79.02972,Ward 6 (Satranjipura),26.1,-3.63,0.281,-0.078,-0.424,0.108,Tree,0.83,30.4,196.87,301.1,1730.3,2353.0,153.3,87.9,Not Significant,Emerging
NGP_CELL_376,2022,21.06586,79.02972,Ward 6 (Satranjipura),28.35,-1.93,0.231,0.158,-0.42,0.214,Built-up,0.97,59.86,121.19,301.1,1730.3,2353.0,153.3,99.4,Not Significant,Sporadic
NGP_CELL_376,2023,21.06586,79.02972,Ward 6 (Satranjipura),24.48,-3.19,0.319,-0.049,-0.475,0.131,Tree,0.98,42.34,195.92,301.1,1730.3,2353.0,153.3,95.0,Not Significant,Persistent
NGP_CELL_376,2024,21.06586,79.02972,Ward 6 (Satranjipura),27.07,-1.74,0.161,0.155,-0.597,0.121,Built-up,0.88,58.41,53.0,301.1,1730.3,2353.0,153.3,93.1,Not Significant,Emerging
NGP_CELL_377,2019,21.15826,79.13819,Ward 10 (Sanjay Gandhi Nagar),30.34,-0.83,0.097,0.252,-0.599,0.149,Built-up,0.92,69.99,162.75,300.6,713.6,1155.6,458.8,89.4,Not Significant,Emerging
NGP_CELL_377,2020,21.15826,79.13819,Ward 10 (Sanjay Gandhi Nagar),29.3,-1.98,0.262,0.1,-0.331,0.089,Crop,0.75,46.52,27.14,300.6,713.6,1155.6,458.8,97.0,Not Significant,Persistent
NGP_CELL_377,2021,21.15826,79.13819,Ward 10 (Sanjay Gandhi Nagar),29.84,-1.76,0.31,0.1,-0.581,0.093,Tree,0.96,40.07,54.31,300.6,713.6,1155.6,458.8,93.3,Not Significant,Persistent
NGP_CELL_377,2022,21.15826,79.13819,Ward 10 (Sanjay Gandhi Nagar),24.42,-3.9,0.404,-0.137,-0.445,0.146,Tree,0.81,21.26,141.41,300.6,713.6,1155.6,458.8,95.6,Not Significant,Emerging
NGP_CELL_377,2023,21.15826,79.13819,Ward 10 (Sanjay Gandhi Nagar),30.42,-0.22,0.187,0.268,-0.562,0.21,Built-up,0.7,70.23,193.43,300.6,713.6,1155.6,458.8,92.2,Not Significant,Persistent
NGP_CELL_377,2024,21.15826,79.13819,Ward 10 (Sanjay Gandhi Nagar),24.42,-3.07,0.439,-0.108,-0.589,0.08,Crop,0.73,31.03,80.3,300.6,713.6,1155.6,458.8,96.9,Cold Spot,Emerging
NGP_CELL_378,2019,21.09466,79.1395,Ward 5 (Dhantoli),27.31,-2.35,0.267,0.046,-0.592,0.101,Tree,0.79,42.9,144.93,287.7,1084.7,791.2,462.1,94.7,Cold Spot,Persistent
NGP_CELL_378,2020,21.09466,79.1395,Ward 5 (Dhantoli),25.92,-3.67,0.3,-0.108,-0.271,0.154,Bare,0.92,33.25,60.33,287.7,1084.7,791.2,462.1,95.6,Cold Spot,Persistent
NGP_CELL_378,2021,21.09466,79.1395,Ward 5 (Dhantoli),30.79,-1.29,0.242,0.229,-0.315,0.208,Built-up,0.83,59.39,173.25,287.7,1084.7,791.2,462.1,85.6,Not Significant,Persistent
NGP_CELL_378,2022,21.09466,79.1395,Ward 5 (Dhantoli),29.67,-1.27,0.128,0.141,-0.338,0.208,Built-up,0.76,62.7,96.77,287.7,1084.7,791.2,462.1,92.4,Not Significant,Sporadic
NGP_CELL_378,2023,21.09466,79.1395,Ward 5 (Dhantoli),29.66,-0.6,0.055,0.207,-0.457,0.159,Built-up,0.74,69.57,121.43,287.7,1084.7,791.2,462.1,90.5,Not Significant,Persistent
NGP_CELL_378,2024,21.09466,79.1395,Ward 5 (Dhantoli),29.1,-0.73,0.177,0.299,-0.525,0.164,Built-up,0.79,74.11,99.52,287.7,1084.7,791.2,462.1,94.4,Not Significant,Diminishing
NGP_CELL_379,2019,21.19805,79.05657,Ward 5 (Dhantoli),25.34,-3.33,0.455,-0.199,-0.309,0.128,Tree,0.79,26.66,95.15,288.0,2042.4,1634.8,147.1,96.8,Cold Spot,Persistent
NGP_CELL_379,2020,21.19805,79.05657,Ward 5 (Dhantoli),24.73,-4.26,0.489,-0.144,-0.235,0.086,Tree,0.89,21.09,126.47,288.0,2042.4,1634.8,147.1,87.8,Hot Spot,Persistent
NGP_CELL_379,2021,21.19805,79.05657,Ward 5 (Dhantoli),27.56,-2.9,0.325,0.051,-0.331,0.091,Grass,0.81,49.29,106.69,288.0,2042.4,1634.8,147.1,87.8,Not Significant,Diminishing
NGP_CELL_379,2022,21.19805,79.05657,Ward 5 (Dhantoli),29.36,-1.43,0.138,0.138,-0.467,0.191,Built-up,0.71,57.95,207.09,288.0,2042.4,1634.8,147.1,90.7,Cold Spot,Sporadic
NGP_CELL_379,2023,21.19805,79.05657,Ward 5 (Dhantoli),23.76,-3.55,0.437,-0.151,-0.309,0.107,Tree,0.91,26.61,47.91,288.0,2042.4,1634.8,147.1,87.8,Not Significant,Persistent
NGP_CELL_379,2024,21.19805,79.05657,Ward 5 (Dhantoli),29.74,-0.41,0.043,0.365,-0.42,0.153,Built-up,0.7,72.04,102.07,288.0,2042.4,1634.8,147.1,85.3,Not Significant,Sporadic
NGP_CELL_380,2019,21.06603,79.11317,Ward 10 (Sanjay Gandhi Nagar),30.53,-0.74,0.191,0.338,-0.569,0.179,Built-up,0.69,65.24,196.06,294.8,3563.2,2779.2,496.9,88.7,Not Significant,Emerging
NGP_CELL_380,2020,21.06603,79.11317,Ward 10 (Sanjay Gandhi Nagar),33.42,0.08,0.085,0.295,-0.382,0.168,Built-up,0.9,65.46,101.84,294.8,3563.2,2779.2,496.9,98.4,Not Significant,Persistent
NGP_CELL_380,2021,21.06603,79.11317,Ward 10 (Sanjay Gandhi Nagar),28.89,-2.23,0.172,0.128,-0.54,0.131,Built-up,0.71,57.2,49.44,294.8,3563.2,2779.2,496.9,97.8,Hot Spot,Sporadic
NGP_CELL_380,2022,21.06603,79.11317,Ward 10 (Sanjay Gandhi Nagar),28.4,-1.91,0.196,0.1,-0.595,0.173,Built-up,0.86,52.56,64.67,294.8,3563.2,2779.2,496.9,88.5,Cold Spot,Emerging
NGP_CELL_380,2023,21.06603,79.11317,Ward 10 (Sanjay Gandhi Nagar),28.95,-0.96,0.217,0.304,-0.29,0.247,Built-up,0.73,67.7,70.24,294.8,3563.2,2779.2,496.9,88.4,Not Significant,Emerging
NGP_CELL_380,2024,21.06603,79.11317,Ward 10 (Sanjay Gandhi Nagar),24.51,-3.03,0.242,-0.101,-0.555,0.135,Crop,0.97,39.8,217.35,294.8,3563.2,2779.2,496.9,90.2,Not Significant,Sporadic
NGP_CELL_381,2019,21.0861,79.11449,Ward 6 (Satranjipura),29.86,-1.07,0.14,0.126,-0.47,0.184,Built-up,0.71,59.37,84.8,305.0,3148.2,5.3,736.9,86.5,Not Significant,Sporadic
NGP_CELL_381,2020,21.0861,79.11449,Ward 6 (Satranjipura),32.78,-0.24,0.224,0.249,-0.307,0.18,Built-up,0.72,65.11,125.69,305.0,3148.2,5.3,736.9,86.9,Not Significant,Persistent
NGP_CELL_381,2021,21.0861,79.11449,Ward 6 (Satranjipura),29.58,-1.89,0.294,0.193,-0.578,0.196,Built-up,0.73,58.07,119.18,305.0,3148.2,5.3,736.9,92.3,Not Significant,Persistent
NGP_CELL_381,2022,21.0861,79.11449,Ward 6 (Satranjipura),31.67,-0.27,0.21,0.298,-0.547,0.241,Built-up,0.94,74.21,165.36,305.0,3148.2,5.3,736.9,91.4,Not Significant,Persistent
NGP_CELL_381,2023,21.0861,79.11449,Ward 6 (Satranjipura),23.36,-3.75,0.425,-0.11,-0.306,0.107,Crop,0.95,25.14,155.78,305.0,3148.2,5.3,736.9,85.7,Not Significant,Sporadic
NGP_CELL_381,2024,21.0861,79.11449,Ward 6 (Satranjipura),29.71,-0.42,0.138,0.337,-0.288,0.173,Built-up,0.91,70.02,75.58,305.0,3148.2,5.3,736.9,87.2,Not Significant,Persistent
NGP_CELL_382,2019,21.17404,79.06565,Ward 6 (Satranjipura),21.04,-5.48,0.495,-0.37,-0.591,0.144,Grass,0.81,12.55,168.08,291.3,4061.2,2925.5,730.8,87.0,Not Significant,Persistent
NGP_CELL_382,2020,21.17404,79.06565,Ward 6 (Satranjipura),25.62,-3.82,0.241,-0.062,-0.256,0.166,Crop,0.81,39.02,27.56,291.3,4061.2,2925.5,730.8,97.4,Cold Spot,Persistent
NGP_CELL_382,2021,21.17404,79.06565,Ward 6 (Satranjipura),28.87,-2.25,0.201,0.052,-0.545,0.161,Crop,0.69,42.07,36.75,291.3,4061.2,2925.5,730.8,87.1,Cold Spot,Sporadic
NGP_CELL_382,2022,21.17404,79.06565,Ward 6 (Satranjipura),24.78,-3.71,0.43,-0.123,-0.359,0.17,Crop,0.77,30.52,166.65,291.3,4061.2,2925.5,730.8,97.5,Cold Spot,Persistent
NGP_CELL_382,2023,21.17404,79.06565,Ward 6 (Satranjipura),31.56,0.35,0.146,0.39,-0.276,0.156,Built-up,0.77,76.18,54.88,291.3,4061.2,2925.5,730.8,92.8,Not Significant,Persistent
NGP_CELL_382,2024,21.17404,79.06565,Ward 6 (Satranjipura),23.88,-3.34,0.374,-0.161,-0.313,0.097,Crop,0.9,23.5,126.48,291.3,4061.2,2925.5,730.8,91.9,Cold Spot,Emerging
NGP_CELL_383,2019,21.13879,79.01825,Ward 2 (Ashinagar),29.98,-1.01,0.288,0.141,-0.334,0.237,Built-up,0.92,52.15,91.55,286.7,2935.8,572.9,221.6,98.3,Cold Spot,Emerging
NGP_CELL_383,2020,21.13879,79.01825,Ward 2 (Ashinagar),28.48,-2.39,0.386,-0.016,-0.395,0.137,Tree,0.74,38.73,195.92,286.7,2935.8,572.9,221.6,94.9,Cold Spot,Emerging
NGP_CELL_383,2021,21.13879,79.01825,Ward 2 (Ashinagar),30.35,-1.51,0.102,0.248,-0.274,0.227,Built-up,0.74,69.56,44.24,286.7,2935.8,572.9,221.6,94.0,Not Significant,Persistent
NGP_CELL_383,2022,21.13879,79.01825,Ward 2 (Ashinagar),31.76,-0.23,0.137,0.379,-0.576,0.143,Built-up,0.78,76.02,106.77,286.7,2935.8,572.9,221.6,88.4,Not Significant,Persistent
NGP_CELL_383,2023,21.13879,79.01825,Ward 2 (Ashinagar),29.52,-0.67,0.29,0.276,-0.321,0.249,Built-up,0.65,60.44,39.6,286.7,2935.8,572.9,221.6,90.3,Not Significant,Sporadic
NGP_CELL_383,2024,21.13879,79.01825,Ward 2 (Ashinagar),30.84,0.14,0.17,0.335,-0.444,0.219,Built-up,0.97,67.86,41.05,286.7,2935.8,572.9,221.6,86.8,Hot Spot,Persistent
NGP_CELL_384,2019,21.13875,79.04856,Ward 6 (Satranjipura),27.43,-2.28,0.278,0.04,-0.377,0.119,Crop,0.77,47.6,47.72,296.2,3859.3,428.5,127.9,89.6,Not Significant,Persistent
NGP_CELL_384,2020,21.13875,79.04856,Ward 6 (Satranjipura),28.6,-2.33,0.226,0.056,-0.398,0.129,Tree,0.67,37.82,161.84,296.2,3859.3,428.5,127.9,97.2,Cold Spot,Emerging
NGP_CELL_384,2021,21.13875,79.04856,Ward 6 (Satranjipura),29.96,-1.7,0.24,0.126,-0.245,0.121,Crop,0.93,45.02,36.53,296.2,3859.3,428.5,127.9,98.1,Cold Spot,Emerging
NGP_CELL_384,2022,21.13875,79.04856,Ward 6 (Satranjipura),21.7,-5.26,0.483,-0.278,-0.254,0.13,Bare,0.93,20.14,160.61,296.2,3859.3,428.5,127.9,89.1,Not Significant,Sporadic
NGP_CELL_384,2023,21.13875,79.04856,Ward 6 (Satranjipura),28.96,-0.95,0.153,0.196,-0.39,0.209,Built-up,0.94,64.88,85.78,296.2,3859.3,428.5,127.9,85.6,Cold Spot,Emerging
NGP_CELL_384,2024,21.13875,79.04856,Ward 6 (Satranjipura),22.31,-4.13,0.395,-0.112,-0.538,0.128,Crop,0.72,27.29,208.47,296.2,3859.3,428.5,127.9,91.1,Not Significant,Persistent
NGP_CELL_385,2019,21.06597,79.14462,Ward 10 (Sanjay Gandhi Nagar),27.72,-2.14,0.353,0.112,-0.341,0.129,Bare,0.87,45.51,101.41,283.9,702.7,578.1,292.1,85.8,Not Significant,Emerging
NGP_CELL_385,2020,21.06597,79.14462,Ward 10 (Sanjay Gandhi Nagar),27.81,-2.73,0.447,-0.134,-0.361,0.097,Bare,0.8,23.41,148.39,283.9,702.7,578.1,292.1,98.1,Not Significant,Sporadic
NGP_CELL_385,2021,21.06597,79.14462,Ward 10 (Sanjay Gandhi Nagar),27.91,-2.73,0.356,-0.032,-0.402,0.161,Grass,0.78,40.9,188.02,283.9,702.7,578.1,292.1,90.7,Cold Spot,Persistent
NGP_CELL_385,2022,21.06597,79.14462,Ward 10 (Sanjay Gandhi Nagar),29.57,-1.32,0.271,0.18,-0.514,0.144,Built-up,0.96,57.73,194.62,283.9,702.7,578.1,292.1,99.3,Not Significant,Persistent
NGP_CELL_385,2023,21.06597,79.14462,Ward 10 (Sanjay Gandhi Nagar),22.43,-4.22,0.399,-0.119,-0.458,0.159,Crop,0.8,32.57,71.22,283.9,702.7,578.1,292.1,85.7,Cold Spot,Sporadic
NGP_CELL_385,2024,21.06597,79.14462,Ward 10 (Sanjay Gandhi Nagar),28.66,-0.95,0.135,0.292,-0.429,0.231,Built-up,0.7,68.09,105.23,283.9,702.7,578.1,292.1,94.3,Not Significant,Persistent
NGP_CELL_386,2019,21.07252,79.08871,Ward 2 (Ashinagar),24.19,-3.91,0.335,-0.13,-0.444,0.168,Crop,0.96,17.84,143.86,294.6,1376.7,599.0,160.6,86.6,Not Significant,Persistent
NGP_CELL_386,2020,21.07252,79.08871,Ward 2 (Ashinagar),27.54,-2.86,0.387,-0.061,-0.425,0.166,Crop,0.87,30.13,149.94,294.6,1376.7,599.0,160.6,90.9,Not Significant,Persistent
NGP_CELL_386,2021,21.07252,79.08871,Ward 2 (Ashinagar),30.32,-1.52,0.089,0.263,-0.556,0.168,Built-up,0.88,66.39,88.61,294.6,1376.7,599.0,160.6,87.8,Hot Spot,Emerging
NGP_CELL_386,2022,21.07252,79.08871,Ward 2 (Ashinagar),32.77,0.28,0.071,0.32,-0.317,0.246,Built-up,0.73,80.84,164.14,294.6,1376.7,599.0,160.6,97.9,Not Significant,Diminishing
NGP_CELL_386,2023,21.07252,79.08871,Ward 2 (Ashinagar),29.16,-0.85,0.214,0.268,-0.312,0.143,Built-up,0.94,73.23,177.26,294.6,1376.7,599.0,160.6,97.5,Not Significant,Sporadic
NGP_CELL_386,2024,21.07252,79.08871,Ward 2 (Ashinagar),27.69,-1.43,0.187,0.252,-0.444,0.166,Built-up,0.77,72.16,147.59,294.6,1376.7,599.0,160.6,95.9,Not Significant,Sporadic
NGP_CELL_387,2019,21.07181,79.00896,Ward 5 (Dhantoli),30.17,-0.92,0.181,0.195,-0.456,0.243,Built-up,0.93,54.01,82.52,304.3,1061.3,2551.2,440.0,97.9,Cold Spot,Sporadic
NGP_CELL_387,2020,21.07181,79.00896,Ward 5 (Dhantoli),33.09,-0.09,0.051,0.351,-0.269,0.19,Built-up,0.66,72.6,168.56,304.3,1061.3,2551.2,440.0,93.0,Not Significant,Emerging
NGP_CELL_387,2021,21.07181,79.00896,Ward 5 (Dhantoli),27.8,-2.78,0.324,0.02,-0.363,0.141,Tree,0.78,43.96,122.7,304.3,1061.3,2551.2,440.0,96.2,Not Significant,Persistent
NGP_CELL_387,2022,21.07181,79.00896,Ward 5 (Dhantoli),24.94,-3.64,0.282,-0.146,-0.485,0.171,Tree,0.76,24.51,183.74,304.3,1061.3,2551.2,440.0,90.0,Not Significant,Persistent
NGP_CELL_387,2023,21.07181,79.00896,Ward 5 (Dhantoli),24.52,-3.17,0.306,-0.132,-0.227,0.179,Grass,0.67,30.13,72.35,304.3,1061.3,2551.2,440.0,96.6,Cold Spot,Diminishing
NGP_CELL_387,2024,21.07181,79.00896,Ward 5 (Dhantoli),28.1,-1.23,0.172,0.315,-0.48,0.154,Built-up,0.84,72.05,184.44,304.3,1061.3,2551.2,440.0,96.1,Cold Spot,Persistent
NGP_CELL_388,2019,21.09118,79.0358,Ward 9 (Nehru Nagar),22.64,-4.68,0.512,-0.299,-0.437,0.118,Crop,0.89,15.75,25.6,290.4,3305.1,312.6,18.0,88.3,Not Significant,Persistent
NGP_CELL_388,2020,21.09118,79.0358,Ward 9 (Nehru Nagar),29.75,-1.76,0.246,0.208,-0.287,0.125,Built-up,0.82,66.08,26.66,290.4,3305.1,312.6,18.0,92.3,Not Significant,Emerging
NGP_CELL_388,2021,21.09118,79.0358,Ward 9 (Nehru Nagar),24.21,-4.58,0.486,-0.289,-0.332,0.117,Crop,0.95,17.76,27.74,290.4,3305.1,312.6,18.0,86.4,Not Significant,Persistent
NGP_CELL_388,2022,21.09118,79.0358,Ward 9 (Nehru Nagar),26.48,-2.87,0.227,-0.05,-0.511,0.105,Grass,0.81,39.64,165.04,290.4,3305.1,312.6,18.0,93.1,Cold Spot,Persistent
NGP_CELL_388,2023,21.09118,79.0358,Ward 9 (Nehru Nagar),31.78,0.46,0.042,0.449,-0.247,0.194,Built-up,0.96,84.48,163.7,290.4,3305.1,312.6,18.0,91.7,Not Significant,Emerging
NGP_CELL_388,2024,21.09118,79.0358,Ward 9 (Nehru Nagar),30.62,0.03,0.124,0.45,-0.355,0.227,Built-up,0.71,78.88,107.34,290.4,3305.1,312.6,18.0,88.8,Not Significant,Persistent
NGP_CELL_389,2019,21.1318,79.06503,Ward 5 (Dhantoli),23.77,-4.11,0.3,-0.258,-0.504,0.175,Crop,0.98,21.98,27.96,292.7,1213.3,2226.2,778.7,85.0,Not Significant,Persistent
NGP_CELL_389,2020,21.1318,79.06503,Ward 5 (Dhantoli),26.3,-3.48,0.374,-0.047,-0.504,0.177,Crop,0.69,41.75,38.8,292.7,1213.3,2226.2,778.7,92.1,Not Significant,Diminishing
NGP_CELL_389,2021,21.1318,79.06503,Ward 5 (Dhantoli),30.86,-1.25,0.14,0.215,-0.351,0.171,Built-up,0.67,56.07,89.14,292.7,1213.3,2226.2,778.7,89.1,Not Significant,Sporadic
NGP_CELL_389,2022,21.1318,79.06503,Ward 5 (Dhantoli),30.54,-0.84,0.204,0.104,-0.22,0.233,Built-up,0.88,51.11,90.96,292.7,1213.3,2226.2,778.7,98.0,Cold Spot,Persistent
NGP_CELL_389,2023,21.1318,79.06503,Ward 5 (Dhantoli),26.22,-2.32,0.328,0.05,-0.522,0.091,Grass,0.82,44.42,194.04,292.7,1213.3,2226.2,778.7,88.1,Not Significant,Persistent
NGP_CELL_389,2024,21.1318,79.06503,Ward 5 (Dhantoli),25.75,-2.4,0.25,-0.02,-0.311,0.132,Grass,0.98,35.32,61.02,292.7,1213.3,2226.2,778.7,91.3,Not Significant,Sporadic
NGP_CELL_390,2019,21.05433,79.04711,Ward 2 (Ashinagar),25.96,-3.02,0.333,-0.008,-0.303,0.129,Tree,0.75,34.47,152.06,314.5,3454.2,1976.2,178.2,88.8,Not Significant,Persistent
NGP_CELL_390,2020,21.05433,79.04711,Ward 2 (Ashinagar),28.24,-2.51,0.246,0.061,-0.255,0.175,Grass,0.89,40.91,201.66,314.5,3454.2,1976.2,178.2,91.7,Not Significant,Persistent
NGP_CELL_390,2021,21.05433,79.04711,Ward 2 (Ashinagar),29.76,-1.8,0.122,0.109,-0.511,0.213,Built-up,0.77,56.24,186.17,314.5,3454.2,1976.2,178.2,89.4,Cold Spot,Emerging
NGP_CELL_390,2022,21.05433,79.04711,Ward 2 (Ashinagar),25.28,-3.47,0.352,-0.017,-0.415,0.133,Crop,0.76,39.57,75.08,314.5,3454.2,1976.2,178.2,99.5,Not Significant,Emerging
NGP_CELL_390,2023,21.05433,79.04711,Ward 2 (Ashinagar),22.27,-4.3,0.293,-0.18,-0.416,0.139,Crop,0.93,23.68,61.19,314.5,3454.2,1976.2,178.2,96.4,Cold Spot,Persistent
NGP_CELL_390,2024,21.05433,79.04711,Ward 2 (Ashinagar),27.23,-1.67,0.211,0.16,-0.211,0.126,Built-up,0.69,58.84,152.22,314.5,3454.2,1976.2,178.2,89.5,Not Significant,Sporadic
NGP_CELL_391,2019,21.17374,79.0114,Ward 6 (Satranjipura),23.91,-4.04,0.355,-0.125,-0.289,0.104,Bare,0.8,20.15,46.17,300.2,4984.0,1130.6,706.9,88.1,Cold Spot,Persistent
NGP_CELL_391,2020,21.17374,79.0114,Ward 6 (Satranjipura),31.64,-0.81,0.199,0.383,-0.594,0.135,Built-up,0.87,73.09,182.34,300.2,4984.0,1130.6,706.9,85.4,Hot Spot,Diminishing
NGP_CELL_391,2021,21.17374,79.0114,Ward 6 (Satranjipura),32.68,-0.34,0.196,0.36,-0.548,0.249,Built-up,0.86,66.8,48.72,300.2,4984.0,1130.6,706.9,88.8,Not Significant,Persistent
NGP_CELL_391,2022,21.17374,79.0114,Ward 6 (Satranjipura),31.16,-0.52,0.236,0.363,-0.595,0.166,Built-up,0.75,66.78,132.33,300.2,4984.0,1130.6,706.9,89.5,Not Significant,Persistent
NGP_CELL_391,2023,21.17374,79.0114,Ward 6 (Satranjipura),28.54,-1.16,0.186,0.231,-0.533,0.215,Built-up,0.81,68.24,114.94,300.2,4984.0,1130.6,706.9,93.7,Cold Spot,Persistent
NGP_CELL_391,2024,21.17374,79.0114,Ward 6 (Satranjipura),26.83,-1.87,0.14,0.095,-0.339,0.203,Built-up,0.8,52.29,98.15,300.2,4984.0,1130.6,706.9,96.8,Not Significant,Persistent
NGP_CELL_392,2019,21.09638,79.13054,Ward 2 (Ashinagar),27.55,-2.22,0.23,0.007,-0.258,0.157,Bare,0.84,48.85,70.15,299.2,265.1,2043.4,434.0,87.5,Not Significant,Sporadic
NGP_CELL_392,2020,21.09638,79.13054,Ward 2 (Ashinagar),26.25,-3.51,0.321,-0.128,-0.519,0.17,Grass,0.67,29.65,154.32,299.2,265.1,2043.4,434.0,96.2,Cold Spot,Persistent
NGP_CELL_392,2021,21.09638,79.13054,Ward 2 (Ashinagar),32.88,-0.24,0.124,0.262,-0.393,0.187,Built-up,0.73,61.18,160.53,299.2,265.1,2043.4,434.0,96.1,Not Significant,Emerging
NGP_CELL_392,2022,21.09638,79.13054,Ward 2 (Ashinagar),28.81,-1.7,0.126,0.085,-0.515,0.15,Built-up,0.85,58.17,75.81,299.2,265.1,2043.4,434.0,89.9,Cold Spot,Emerging
NGP_CELL_392,2023,21.09638,79.13054,Ward 2 (Ashinagar),28.91,-0.98,0.182,0.32,-0.284,0.216,Built-up,0.86,74.78,92.2,299.2,265.1,2043.4,434.0,97.0,Not Significant,Diminishing
NGP_CELL_392,2024,21.09638,79.13054,Ward 2 (Ashinagar),27.77,-1.39,0.279,0.202,-0.36,0.196,Built-up,0.73,57.82,72.15,299.2,265.1,2043.4,434.0,94.6,Not Significant,Sporadic
NGP_CELL_393,2019,21.08456,79.08817,Ward 1 (Lakadganj),29.76,-1.12,0.122,0.19,-0.279,0.245,Built-up,0.74,55.86,67.08,305.4,571.2,2780.6,384.3,94.5,Not Significant,Sporadic
NGP_CELL_393,2020,21.08456,79.08817,Ward 1 (Lakadganj),29.09,-2.09,0.338,0.076,-0.575,0.176,Crop,0.77,44.51,204.47,305.4,571.2,2780.6,384.3,94.7,Not Significant,Persistent
NGP_CELL_393,2021,21.08456,79.08817,Ward 1 (Lakadganj),32.83,-0.27,0.124,0.303,-0.499,0.238,Built-up,0.82,72.46,171.99,305.4,571.2,2780.6,384.3,93.5,Not Significant,Persistent
NGP_CELL_393,2022,21.08456,79.08817,Ward 1 (Lakadganj),30.31,-0.95,0.166,0.26,-0.308,0.145,Built-up,0.8,63.51,28.87,305.4,571.2,2780.6,384.3,88.9,Cold Spot,Persistent
NGP_CELL_393,2023,21.08456,79.08817,Ward 1 (Lakadganj),26.49,-2.19,0.326,-0.021,-0.254,0.163,Crop,0.72,36.03,112.38,305.4,571.2,2780.6,384.3,89.5,Not Significant,Sporadic
NGP_CELL_393,2024,21.08456,79.08817,Ward 1 (Lakadganj),26.33,-2.11,0.218,0.135,-0.503,0.172,Built-up,0.7,57.03,173.0,305.4,571.2,2780.6,384.3,90.9,Cold Spot,Persistent
NGP_CELL_394,2019,21.14506,79.00386,Ward 8 (Gandhibagh),25.84,-3.08,0.298,0.026,-0.334,0.087,Grass,0.72,32.83,159.5,300.9,4523.1,2705.3,159.2,85.5,Cold Spot,Persistent
NGP_CELL_394,2020,21.14506,79.00386,Ward 8 (Gandhibagh),29.71,-1.78,0.297,0.138,-0.45,0.199,Built-up,0.65,59.45,154.03,300.9,4523.1,2705.3,159.2,99.8,Cold Spot,Persistent
NGP_CELL_394,2021,21.14506,79.00386,Ward 8 (Gandhibagh),29.06,-2.15,0.432,-0.038,-0.516,0.144,Tree,0.69,29.08,159.37,300.9,4523.1,2705.3,159.2,87.9,Not Significant,Persistent
NGP_CELL_394,2022,21.14506,79.00386,Ward 8 (Gandhibagh),32.01,-0.1,0.184,0.323,-0.593,0.13,Built-up,0.92,72.85,40.87,300.9,4523.1,2705.3,159.2,94.1,Cold Spot,Emerging
NGP_CELL_394,2023,21.14506,79.00386,Ward 8 (Gandhibagh),30.23,-0.32,0.089,0.237,-0.399,0.24,Built-up,0.96,71.33,63.02,300.9,4523.1,2705.3,159.2,92.4,Hot Spot,Persistent
NGP_CELL_394,2024,21.14506,79.00386,Ward 8 (Gandhibagh),21.3,-4.63,0.419,-0.249,-0.23,0.131,Bare,0.86,20.73,210.36,300.9,4523.1,2705.3,159.2,92.2,Not Significant,Persistent
NGP_CELL_395,2019,21.17812,79.12935,Ward 5 (Dhantoli),26.24,-2.88,0.394,0.042,-0.51,0.099,Grass,0.96,39.94,159.7,283.8,4878.3,1280.6,3.8,98.7,Cold Spot,Sporadic
NGP_CELL_395,2020,21.17812,79.12935,Ward 5 (Dhantoli),25.54,-3.86,0.37,-0.245,-0.531,0.122,Crop,0.96,19.74,110.3,283.8,4878.3,1280.6,3.8,91.8,Not Significant,Persistent
NGP_CELL_395,2021,21.17812,79.12935,Ward 5 (Dhantoli),31.38,-0.99,0.142,0.209,-0.342,0.185,Built-up,0.72,58.64,132.36,283.8,4878.3,1280.6,3.8,90.7,Cold Spot,Persistent
NGP_CELL_395,2022,21.17812,79.12935,Ward 5 (Dhantoli),25.46,-3.37,0.249,-0.163,-0.362,0.172,Tree,0.79,31.86,115.39,283.8,4878.3,1280.6,3.8,99.2,Not Significant,Sporadic
NGP_CELL_395,2023,21.17812,79.12935,Ward 5 (Dhantoli),28.1,-1.38,0.269,0.172,-0.324,0.147,Built-up,0.82,55.78,183.0,283.8,4878.3,1280.6,3.8,94.2,Cold Spot,Persistent
NGP_CELL_395,2024,21.17812,79.12935,Ward 5 (Dhantoli),30.55,-0.0,0.196,0.307,-0.295,0.231,Built-up,0.76,61.2,99.72,283.8,4878.3,1280.6,3.8,92.6,Not Significant,Persistent
NGP_CELL_396,2019,21.15816,79.06324,Ward 8 (Gandhibagh),25.0,-3.5,0.352,-0.091,-0.49,0.167,Tree,0.74,25.86,138.37,284.3,873.5,2435.7,208.4,99.6,Cold Spot,Sporadic
NGP_CELL_396,2020,21.15816,79.06324,Ward 8 (Gandhibagh),29.31,-1.98,0.249,0.124,-0.555,0.203,Built-up,0.96,53.46,112.18,284.3,873.5,2435.7,208.4,88.2,Cold Spot,Sporadic
NGP_CELL_396,2021,21.15816,79.06324,Ward 8 (Gandhibagh),24.83,-4.26,0.437,-0.2,-0.336,0.139,Tree,0.68,29.02,159.77,284.3,873.5,2435.7,208.4,97.3,Not Significant,Sporadic
NGP_CELL_396,2022,21.15816,79.06324,Ward 8 (Gandhibagh),30.36,-0.93,0.241,0.138,-0.3,0.139,Grass,0.69,49.25,107.16,284.3,873.5,2435.7,208.4,91.7,Cold Spot,Sporadic
NGP_CELL_396,2023,21.15816,79.06324,Ward 8 (Gandhibagh),24.53,-3.17,0.307,-0.034,-0.53,0.106,Crop,0.87,45.78,39.27,284.3,873.5,2435.7,208.4,96.5,Not Significant,Persistent
NGP_CELL_396,2024,21.15816,79.06324,Ward 8 (Gandhibagh),30.4,-0.08,0.122,0.406,-0.366,0.152,Built-up,0.78,79.7,205.95,284.3,873.5,2435.7,208.4,96.9,Not Significant,Persistent
NGP_CELL_397,2019,21.1387,79.11971,Ward 6 (Satranjipura),24.87,-3.56,0.429,-0.079,-0.548,0.126,Bare,0.66,31.56,136.79,312.3,4881.6,234.3,750.6,92.3,Cold Spot,Emerging
NGP_CELL_397,2020,21.1387,79.11971,Ward 6 (Satranjipura),25.94,-3.66,0.391,-0.12,-0.445,0.09,Bare,0.9,23.41,181.45,312.3,4881.6,234.3,750.6,90.9,Cold Spot,Persistent
NGP_CELL_397,2021,21.1387,79.11971,Ward 6 (Satranjipura),25.79,-3.79,0.415,-0.028,-0.331,0.175,Crop,0.95,33.44,97.54,312.3,4881.6,234.3,750.6,87.6,Cold Spot,Emerging
NGP_CELL_397,2022,21.1387,79.11971,Ward 6 (Satranjipura),31.01,-0.6,0.086,0.333,-0.477,0.152,Built-up,0.68,65.82,59.29,312.3,4881.6,234.3,750.6,98.6,Hot Spot,Emerging
NGP_CELL_397,2023,21.1387,79.11971,Ward 6 (Satranjipura),28.46,-1.2,0.221,0.33,-0.284,0.229,Built-up,0.95,75.06,33.79,312.3,4881.6,234.3,750.6,94.0,Not Significant,Persistent
NGP_CELL_397,2024,21.1387,79.11971,Ward 6 (Satranjipura),29.57,-0.49,0.13,0.314,-0.335,0.201,Built-up,0.81,65.77,41.1,312.3,4881.6,234.3,750.6,95.0,Not Significant,Persistent
NGP_CELL_398,2019,21.14247,79.00984,Ward 8 (Gandhibagh),22.54,-4.73,0.341,-0.314,-0.281,0.122,Bare,0.72,15.41,64.22,300.3,1913.8,1428.9,131.8,92.0,Not Significant,Emerging
NGP_CELL_398,2020,21.14247,79.00984,Ward 8 (Gandhibagh),25.64,-3.81,0.323,-0.204,-0.31,0.136,Grass,0.75,28.24,177.64,300.3,1913.8,1428.9,131.8,88.7,Not Significant,Persistent
NGP_CELL_398,2021,21.14247,79.00984,Ward 8 (Gandhibagh),27.5,-2.93,0.306,-0.153,-0.283,0.17,Tree,0.71,34.43,167.59,300.3,1913.8,1428.9,131.8,91.9,Cold Spot,Persistent
NGP_CELL_398,2022,21.14247,79.00984,Ward 8 (Gandhibagh),27.3,-2.45,0.305,0.054,-0.429,0.21,Built-up,0.97,52.46,202.75,300.3,1913.8,1428.9,131.8,91.6,Not Significant,Diminishing
NGP_CELL_398,2023,21.14247,79.00984,Ward 8 (Gandhibagh),27.52,-1.67,0.269,0.155,-0.204,0.154,Built-up,0.97,52.89,69.84,300.3,1913.8,1428.9,131.8,93.3,Not Significant,Persistent
NGP_CELL_398,2024,21.14247,79.00984,Ward 8 (Gandhibagh),24.74,-2.91,0.239,0.031,-0.41,0.17,Bare,0.81,44.13,133.07,300.3,1913.8,1428.9,131.8,88.2,Cold Spot,Emerging
NGP_CELL_399,2019,21.14903,79.0532,Ward 8 (Gandhibagh),28.94,-1.53,0.147,0.145,-0.526,0.171,Built-up,0.75,58.11,28.38,289.1,688.2,718.6,733.3,95.1,Cold Spot,Persistent
NGP_CELL_399,2020,21.14903,79.0532,Ward 8 (Gandhibagh),25.57,-3.85,0.354,-0.09,-0.512,0.124,Crop,0.79,40.48,36.21,289.1,688.2,718.6,733.3,86.2,Not Significant,Emerging
NGP_CELL_399,2021,21.14903,79.0532,Ward 8 (Gandhibagh),28.11,-2.63,0.24,0.007,-0.476,0.106,Bare,0.83,41.18,153.98,289.1,688.2,718.6,733.3,99.4,Cold Spot,Emerging
NGP_CELL_399,2022,21.14903,79.0532,Ward 8 (Gandhibagh),32.0,-0.11,0.193,0.406,-0.577,0.225,Built-up,0.77,73.65,128.52,289.1,688.2,718.6,733.3,86.6,Not Significant,Persistent
NGP_CELL_399,2023,21.14903,79.0532,Ward 8 (Gandhibagh),31.16,0.15,0.078,0.303,-0.303,0.147,Built-up,0.87,78.57,210.0,289.1,688.2,718.6,733.3,99.2,Not Significant,Emerging
NGP_CELL_399,2024,21.14903,79.0532,Ward 8 (Gandhibagh),26.19,-2.19,0.269,0.115,-0.258,0.249,Built-up,0.77,57.54,227.77,289.1,688.2,718.6,733.3,95.5,Not Significant,Persistent
NGP_CELL_400,2019,21.14414,79.07675,Ward 4 (Hanuman Nagar),22.25,-4.88,0.422,-0.304,-0.568,0.14,Tree,0.9,12.46,79.56,280.1,3465.8,1773.7,648.1,94.1,Not Significant,Sporadic
NGP_CELL_400,2020,21.14414,79.07675,Ward 4 (Hanuman Nagar),26.94,-3.16,0.273,-0.048,-0.204,0.118,Grass,0.97,27.57,87.8,280.1,3465.8,1773.7,648.1,99.2,Not Significant,Persistent
NGP_CELL_400,2021,21.14414,79.07675,Ward 4 (Hanuman Nagar),24.04,-4.66,0.492,-0.175,-0.282,0.177,Tree,0.89,16.01,171.76,280.1,3465.8,1773.7,648.1,92.0,Not Significant,Sporadic
NGP_CELL_400,2022,21.14414,79.07675,Ward 4 (Hanuman Nagar),28.76,-1.72,0.249,0.269,-0.31,0.182,Built-up,0.82,57.34,79.08,280.1,3465.8,1773.7,648.1,96.3,Not Significant,Persistent
NGP_CELL_400,2023,21.14414,79.07675,Ward 4 (Hanuman Nagar),26.24,-2.31,0.31,0.071,-0.356,0.15,Built-up,0.82,54.09,205.6,280.1,3465.8,1773.7,648.1,88.3,Not Significant,Persistent
NGP_CELL_400,2024,21.14414,79.07675,Ward 4 (Hanuman Nagar),30.06,-0.25,0.094,0.22,-0.521,0.201,Built-up,0.97,66.95,49.61,280.1,3465.8,1773.7,648.1,97.3,Not Significant,Persistent
NGP_CELL_401,2019,21.06732,79.02292,Ward 5 (Dhantoli),24.46,-3.77,0.431,-0.174,-0.479,0.162,Tree,0.65,25.08,81.38,311.6,3241.5,2464.8,781.4,90.8,Not Significant,Emerging
NGP_CELL_401,2020,21.06732,79.02292,Ward 5 (Dhantoli),26.71,-3.28,0.394,-0.081,-0.452,0.111,Tree,0.65,40.35,152.8,311.6,3241.5,2464.8,781.4,87.3,Not Significant,Sporadic
NGP_CELL_401,2021,21.06732,79.02292,Ward 5 (Dhantoli),27.48,-2.94,0.337,-0.099,-0.2,0.127,Bare,0.82,23.15,114.87,311.6,3241.5,2464.8,781.4,98.7,Not Significant,Persistent
NGP_CELL_401,2022,21.06732,79.02292,Ward 5 (Dhantoli),30.01,-1.1,0.225,0.151,-0.522,0.208,Built-up,0.68,51.08,98.97,311.6,3241.5,2464.8,781.4,98.5,Cold Spot,Persistent
NGP_CELL_401,2023,21.06732,79.02292,Ward 5 (Dhantoli),31.71,0.42,0.177,0.416,-0.412,0.211,Built-up,0.85,75.12,83.99,311.6,3241.5,2464.8,781.4,89.0,Not Significant,Persistent
NGP_CELL_401,2024,21.06732,79.02292,Ward 5 (Dhantoli),25.18,-2.69,0.332,0.061,-0.4,0.096,Grass,0.84,40.5,67.32,311.6,3241.5,2464.8,781.4,89.8,Not Significant,Emerging
NGP_CELL_402,2019,21.13222,79.0408,Ward 2 (Ashinagar),27.61,-2.19,0.142,0.086,-0.499,0.162,Built-up,0.86,56.5,70.82,294.4,2282.6,1960.1,295.0,98.0,Not Significant,Sporadic
NGP_CELL_402,2020,21.13222,79.0408,Ward 2 (Ashinagar),28.06,-2.6,0.181,0.011,-0.325,0.132,Crop,0.65,46.42,126.22,294.4,2282.6,1960.1,295.0,89.9,Cold Spot,Sporadic
NGP_CELL_402,2021,21.13222,79.0408,Ward 2 (Ashinagar),32.12,-0.62,0.147,0.26,-0.583,0.179,Built-up,0.7,69.79,71.76,294.4,2282.6,1960.1,295.0,93.8,Not Significant,Persistent
NGP_CELL_402,2022,21.13222,79.0408,Ward 2 (Ashinagar),28.78,-1.72,0.227,0.122,-0.286,0.092,Crop,0.95,49.34,164.62,294.4,2282.6,1960.1,295.0,92.8,Not Significant,Persistent
NGP_CELL_402,2023,21.13222,79.0408,Ward 2 (Ashinagar),25.1,-2.88,0.285,-0.027,-0.447,0.105,Tree,0.84,38.91,81.14,294.4,2282.6,1960.1,295.0,88.7,Not Significant,Diminishing
NGP_CELL_402,2024,21.13222,79.0408,Ward 2 (Ashinagar),23.29,-3.63,0.365,0.019,-0.324,0.166,Tree,0.65,32.62,47.93,294.4,2282.6,1960.1,295.0,87.2,Cold Spot,Persistent
NGP_CELL_403,2019,21.19335,79.04503,Ward 6 (Satranjipura),24.97,-3.51,0.422,-0.128,-0.439,0.149,Bare,0.75,31.33,190.83,294.6,2016.8,814.5,174.0,91.2,Cold Spot,Persistent
NGP_CELL_403,2020,21.19335,79.04503,Ward 6 (Satranjipura),29.87,-1.7,0.175,0.161,-0.212,0.11,Tree,0.69,47.08,85.86,294.6,2016.8,814.5,174.0,87.9,Not Significant,Sporadic
NGP_CELL_403,2021,21.19335,79.04503,Ward 6 (Satranjipura),26.23,-3.57,0.493,-0.183,-0.466,0.123,Tree,0.94,21.22,86.87,294.6,2016.8,814.5,174.0,85.3,Not Significant,Persistent
NGP_CELL_403,2022,21.19335,79.04503,Ward 6 (Satranjipura),23.22,-4.49,0.399,-0.195,-0.208,0.095,Bare,0.88,29.58,59.4,294.6,2016.8,814.5,174.0,97.5,Cold Spot,Persistent
NGP_CELL_403,2023,21.19335,79.04503,Ward 6 (Satranjipura),27.55,-1.66,0.231,0.192,-0.582,0.185,Built-up,0.9,66.96,37.82,294.6,2016.8,814.5,174.0,91.0,Cold Spot,Persistent
NGP_CELL_403,2024,21.19335,79.04503,Ward 6 (Satranjipura),26.78,-1.89,0.248,0.145,-0.432,0.232,Built-up,0.94,56.11,172.9,294.6,2016.8,814.5,174.0,99.9,Not Significant,Emerging
NGP_CELL_404,2019,21.0646,79.14317,Ward 4 (Hanuman Nagar),28.58,-1.71,0.25,0.179,-0.3,0.193,Built-up,0.67,60.85,57.65,291.2,2165.9,1695.6,371.0,88.7,Not Significant,Persistent
NGP_CELL_404,2020,21.0646,79.14317,Ward 4 (Hanuman Nagar),27.26,-3.0,0.244,-0.11,-0.398,0.14,Crop,0.97,35.13,55.98,291.2,2165.9,1695.6,371.0,97.3,Not Significant,Emerging
NGP_CELL_404,2021,21.0646,79.14317,Ward 4 (Hanuman Nagar),25.28,-4.04,0.506,-0.136,-0.233,0.093,Grass,0.87,17.0,191.83,291.2,2165.9,1695.6,371.0,96.4,Cold Spot,Persistent
NGP_CELL_404,2022,21.0646,79.14317,Ward 4 (Hanuman Nagar),27.45,-2.38,0.229,0.099,-0.38,0.111,Grass,0.83,46.67,100.93,291.2,2165.9,1695.6,371.0,90.7,Cold Spot,Sporadic
NGP_CELL_404,2023,21.0646,79.14317,Ward 4 (Hanuman Nagar),30.75,-0.06,0.203,0.349,-0.356,0.215,Built-up,0.96,70.55,213.48,291.2,2165.9,1695.6,371.0,91.1,Not Significant,Diminishing
NGP_CELL_404,2024,21.0646,79.14317,Ward 4 (Hanuman Nagar),22.54,-4.01,0.277,-0.148,-0.378,0.163,Crop,0.9,30.44,175.71,291.2,2165.9,1695.6,371.0,98.1,Cold Spot,Persistent
NGP_CELL_405,2019,21.08492,79.14182,Ward 9 (Nehru Nagar),24.21,-3.89,0.422,-0.102,-0.41,0.158,Tree,0.88,32.62,132.28,290.0,852.2,1680.6,669.4,94.4,Not Significant,Emerging
NGP_CELL_405,2020,21.08492,79.14182,Ward 9 (Nehru Nagar),26.03,-3.61,0.285,-0.017,-0.339,0.128,Crop,0.87,32.72,173.61,290.0,852.2,1680.6,669.4,94.7,Cold Spot,Persistent
NGP_CELL_405,2021,21.08492,79.14182,Ward 9 (Nehru Nagar),33.54,0.09,0.097,0.335,-0.301,0.124,Built-up,0.86,73.18,158.22,290.0,852.2,1680.6,669.4,99.1,Not Significant,Diminishing
NGP_CELL_405,2022,21.08492,79.14182,Ward 9 (Nehru Nagar),24.43,-3.89,0.273,-0.157,-0.477,0.095,Crop,0.84,26.25,46.56,290.0,852.2,1680.6,669.4,87.2,Not Significant,Diminishing
NGP_CELL_405,2023,21.08492,79.14182,Ward 9 (Nehru Nagar),25.9,-2.48,0.252,0.163,-0.364,0.123,Built-up,0.87,58.35,99.14,290.0,852.2,1680.6,669.4,91.6,Cold Spot,Persistent
NGP_CELL_405,2024,21.08492,79.14182,Ward 9 (Nehru Nagar),23.95,-3.31,0.279,-0.103,-0.271,0.083,Crop,0.74,24.31,173.85,290.0,852.2,1680.6,669.4,85.9,Not Significant,Persistent
NGP_CELL_406,2019,21.11385,79.02762,Ward 4 (Hanuman Nagar),24.11,-3.94,0.414,-0.153,-0.51,0.135,Crop,0.92,32.13,137.55,315.0,3168.2,2584.0,476.1,89.5,Not Significant,Persistent
NGP_CELL_406,2020,21.11385,79.02762,Ward 4 (Hanuman Nagar),30.72,-1.27,0.196,0.315,-0.328,0.18,Built-up,0.81,71.28,160.06,315.0,3168.2,2584.0,476.1,86.2,Hot Spot,Persistent
NGP_CELL_406,2021,21.11385,79.02762,Ward 4 (Hanuman Nagar),23.98,-4.69,0.372,-0.199,-0.492,0.122,Bare,0.92,26.45,60.38,315.0,3168.2,2584.0,476.1,87.0,Not Significant,Persistent
NGP_CELL_406,2022,21.11385,79.02762,Ward 4 (Hanuman Nagar),26.84,-2.69,0.356,0.119,-0.248,0.083,Tree,0.97,48.22,151.15,315.0,3168.2,2584.0,476.1,95.9,Not Significant,Emerging
NGP_CELL_406,2023,21.11385,79.02762,Ward 4 (Hanuman Nagar),24.43,-3.22,0.311,0.009,-0.557,0.082,Crop,0.66,49.37,145.74,315.0,3168.2,2584.0,476.1,97.8,Not Significant,Emerging
NGP_CELL_406,2024,21.11385,79.02762,Ward 4 (Hanuman Nagar),26.79,-1.88,0.217,0.13,-0.376,0.101,Bare,0.68,48.18,134.73,315.0,3168.2,2584.0,476.1,93.1,Not Significant,Persistent
NGP_CELL_407,2019,21.1191,79.01662,Ward 4 (Hanuman Nagar),25.36,-3.32,0.386,-0.104,-0.495,0.138,Grass,0.84,29.03,31.89,311.4,3869.4,364.3,128.8,94.9,Not Significant,Sporadic
NGP_CELL_407,2020,21.1191,79.01662,Ward 4 (Hanuman Nagar),24.96,-4.15,0.411,-0.15,-0.48,0.125,Tree,0.73,20.77,84.92,311.4,3869.4,364.3,128.8,90.1,Cold Spot,Diminishing
NGP_CELL_407,2021,21.1191,79.01662,Ward 4 (Hanuman Nagar),29.12,-2.12,0.316,0.044,-0.339,0.1,Crop,0.98,44.56,149.74,311.4,3869.4,364.3,128.8,90.6,Cold Spot,Sporadic
NGP_CELL_407,2022,21.1191,79.01662,Ward 4 (Hanuman Nagar),25.31,-3.45,0.376,-0.17,-0.253,0.175,Grass,0.82,24.51,166.72,311.4,3869.4,364.3,128.8,90.7,Not Significant,Persistent
NGP_CELL_407,2023,21.1191,79.01662,Ward 4 (Hanuman Nagar),26.56,-2.15,0.252,0.036,-0.382,0.174,Bare,0.82,36.42,192.73,311.4,3869.4,364.3,128.8,95.1,Not Significant,Persistent
NGP_CELL_407,2024,21.1191,79.01662,Ward 4 (Hanuman Nagar),27.4,-1.58,0.258,0.185,-0.485,0.183,Built-up,0.83,51.59,145.61,311.4,3869.4,364.3,128.8,99.7,Not Significant,Persistent
NGP_CELL_408,2019,21.12984,79.05054,Ward 5 (Dhantoli),25.36,-3.32,0.244,0.011,-0.498,0.154,Grass,0.95,41.79,122.91,309.1,1285.9,509.7,306.5,90.4,Not Significant,Sporadic
NGP_CELL_408,2020,21.12984,79.05054,Ward 5 (Dhantoli),25.44,-3.91,0.269,-0.183,-0.208,0.098,Grass,0.67,28.0,196.12,309.1,1285.9,509.7,306.5,91.7,Cold Spot,Persistent
NGP_CELL_408,2021,21.12984,79.05054,Ward 5 (Dhantoli),29.03,-2.17,0.327,0.024,-0.431,0.1,Tree,0.92,32.82,86.87,309.1,1285.9,509.7,306.5,94.9,Not Significant,Persistent
NGP_CELL_408,2022,21.12984,79.05054,Ward 5 (Dhantoli),28.6,-1.81,0.256,0.194,-0.382,0.248,Built-up,0.89,56.21,47.12,309.1,1285.9,509.7,306.5,98.3,Not Significant,Persistent
NGP_CELL_408,2023,21.12984,79.05054,Ward 5 (Dhantoli),24.6,-3.13,0.332,-0.065,-0.287,0.15,Crop,0.68,40.3,152.3,309.1,1285.9,509.7,306.5,98.1,Not Significant,Emerging
NGP_CELL_408,2024,21.12984,79.05054,Ward 5 (Dhantoli),26.57,-2.0,0.167,0.12,-0.586,0.101,Bare,0.92,47.02,131.77,309.1,1285.9,509.7,306.5,85.5,Cold Spot,Persistent
NGP_CELL_409,2019,21.12524,79.00423,Ward 5 (Dhantoli),22.13,-4.94,0.438,-0.343,-0.455,0.155,Tree,0.72,11.93,90.45,282.0,1941.7,1931.1,324.9,95.4,Not Significant,Emerging
NGP_CELL_409,2020,21.12524,79.00423,Ward 5 (Dhantoli),33.32,0.03,0.233,0.397,-0.381,0.185,Built-up,0.89,70.84,141.77,282.0,1941.7,1931.1,324.9,89.4,Hot Spot,Persistent
NGP_CELL_409,2021,21.12524,79.00423,Ward 5 (Dhantoli),25.24,-4.06,0.34,-0.177,-0.26,0.126,Crop,0.75,31.03,50.71,282.0,1941.7,1931.1,324.9,90.4,Not Significant,Persistent
NGP_CELL_409,2022,21.12524,79.00423,Ward 5 (Dhantoli),28.29,-1.96,0.296,0.154,-0.571,0.152,Built-up,0.89,55.16,167.95,282.0,1941.7,1931.1,324.9,93.7,Not Significant,Persistent
NGP_CELL_409,2023,21.12524,79.00423,Ward 5 (Dhantoli),24.38,-3.24,0.307,-0.085,-0.347,0.133,Tree,0.88,38.33,95.6,282.0,1941.7,1931.1,324.9,85.4,Not Significant,Sporadic
NGP_CELL_409,2024,21.12524,79.00423,Ward 5 (Dhantoli),26.87,-1.84,0.291,0.147,-0.528,0.138,Built-up,0.85,53.13,173.42,282.0,1941.7,1931.1,324.9,94.8,Not Significant,Emerging
NGP_CELL_410,2019,21.16937,79.02525,Ward 7 (Mangalwari),24.04,-3.98,0.376,-0.098,-0.208,0.15,Bare,0.91,36.4,185.67,309.3,217.7,296.0,625.7,98.3,Cold Spot,Persistent
NGP_CELL_410,2020,21.16937,79.02525,Ward 7 (Mangalwari),25.97,-3.65,0.289,-0.22,-0.263,0.177,Tree,0.94,23.94,153.97,309.3,217.7,296.0,625.7,89.9,Cold Spot,Sporadic
NGP_CELL_410,2021,21.16937,79.02525,Ward 7 (Mangalwari),23.69,-4.84,0.377,-0.259,-0.475,0.123,Bare,0.88,17.24,164.97,309.3,217.7,296.0,625.7,99.1,Cold Spot,Persistent
NGP_CELL_410,2022,21.16937,79.02525,Ward 7 (Mangalwari),31.71,-0.25,0.184,0.374,-0.329,0.156,Built-up,0.97,70.02,106.24,309.3,217.7,296.0,625.7,99.1,Hot Spot,Persistent
NGP_CELL_410,2023,21.16937,79.02525,Ward 7 (Mangalwari),25.83,-2.52,0.238,0.068,-0.465,0.083,Bare,0.74,46.06,56.27,309.3,217.7,296.0,625.7,97.2,Cold Spot,Persistent
NGP_CELL_410,2024,21.16937,79.02525,Ward 7 (Mangalwari),25.42,-2.57,0.3,0.023,-0.593,0.164,Tree,0.85,49.42,43.23,309.3,217.7,296.0,625.7,99.6,Not Significant,Persistent
NGP_CELL_411,2019,21.0683,79.07127,Ward 2 (Ashinagar),30.04,-0.98,0.125,0.356,-0.535,0.226,Built-up,0.96,67.37,193.38,306.7,1140.3,493.4,627.8,85.7,Not Significant,Emerging
NGP_CELL_411,2020,21.0683,79.07127,Ward 2 (Ashinagar),32.26,-0.5,0.156,0.302,-0.411,0.17,Built-up,0.71,68.11,94.08,306.7,1140.3,493.4,627.8,87.5,Not Significant,Persistent
NGP_CELL_411,2021,21.0683,79.07127,Ward 2 (Ashinagar),30.08,-1.64,0.217,0.164,-0.387,0.239,Built-up,0.91,64.18,93.72,306.7,1140.3,493.4,627.8,95.8,Cold Spot,Persistent
NGP_CELL_411,2022,21.0683,79.07127,Ward 2 (Ashinagar),27.81,-2.2,0.287,0.063,-0.234,0.169,Tree,0.73,45.03,186.45,306.7,1140.3,493.4,627.8,94.6,Cold Spot,Diminishing
NGP_CELL_411,2023,21.0683,79.07127,Ward 2 (Ashinagar),26.01,-2.43,0.284,0.015,-0.286,0.139,Tree,0.78,37.74,42.73,306.7,1140.3,493.4,627.8,97.2,Cold Spot,Sporadic
NGP_CELL_411,2024,21.0683,79.07127,Ward 2 (Ashinagar),31.33,0.38,0.05,0.438,-0.228,0.2,Built-up,0.76,82.92,98.92,306.7,1140.3,493.4,627.8,88.2,Not Significant,Persistent
NGP_CELL_412,2019,21.09086,79.05877,Ward 1 (Lakadganj),24.25,-3.88,0.393,-0.115,-0.236,0.17,Tree,0.75,36.84,56.79,280.3,2601.1,934.3,47.9,95.9,Not Significant,Persistent
NGP_CELL_412,2020,21.09086,79.05877,Ward 1 (Lakadganj),31.44,-0.91,0.238,0.239,-0.313,0.159,Built-up,0.83,67.97,150.96,280.3,2601.1,934.3,47.9,87.2,Hot Spot,Emerging
NGP_CELL_412,2021,21.09086,79.05877,Ward 1 (Lakadganj),32.66,-0.35,0.075,0.321,-0.531,0.144,Built-up,0.85,73.03,67.83,280.3,2601.1,934.3,47.9,95.9,Not Significant,Diminishing
NGP_CELL_412,2022,21.09086,79.05877,Ward 1 (Lakadganj),24.28,-3.97,0.437,-0.169,-0.396,0.151,Crop,0.84,19.57,108.84,280.3,2601.1,934.3,47.9,91.5,Not Significant,Persistent
NGP_CELL_412,2023,21.09086,79.05877,Ward 1 (Lakadganj),26.04,-2.41,0.227,0.016,-0.591,0.167,Bare,0.84,39.17,132.09,280.3,2601.1,934.3,47.9,85.6,Not Significant,Sporadic
NGP_CELL_412,2024,21.09086,79.05877,Ward 1 (Lakadganj),21.98,-4.29,0.351,-0.166,-0.336,0.139,Grass,0.72,28.46,153.06,280.3,2601.1,934.3,47.9,99.2,Not Significant,Sporadic
NGP_CELL_413,2019,21.13637,79.13717,Ward 10 (Sanjay Gandhi Nagar),26.71,-2.64,0.368,-0.055,-0.301,0.117,Grass,0.85,28.61,58.53,295.2,3989.2,1034.9,185.5,88.7,Cold Spot,Persistent
NGP_CELL_413,2020,21.13637,79.13717,Ward 10 (Sanjay Gandhi Nagar),33.23,-0.01,0.176,0.359,-0.33,0.203,Built-up,0.94,70.52,55.23,295.2,3989.2,1034.9,185.5,97.7,Hot Spot,Sporadic
NGP_CELL_413,2021,21.13637,79.13717,Ward 10 (Sanjay Gandhi Nagar),31.4,-0.98,0.199,0.237,-0.556,0.215,Built-up,0.72,67.38,177.39,295.2,3989.2,1034.9,185.5,96.5,Not Significant,Emerging
NGP_CELL_413,2022,21.13637,79.13717,Ward 10 (Sanjay Gandhi Nagar),31.63,-0.29,0.118,0.323,-0.31,0.229,Built-up,0.92,70.74,205.76,295.2,3989.2,1034.9,185.5,97.9,Cold Spot,Persistent
NGP_CELL_413,2023,21.13637,79.13717,Ward 10 (Sanjay Gandhi Nagar),21.45,-4.71,0.42,-0.223,-0.556,0.158,Crop,0.9,16.55,92.8,295.2,3989.2,1034.9,185.5,89.9,Cold Spot,Sporadic
NGP_CELL_413,2024,21.13637,79.13717,Ward 10 (Sanjay Gandhi Nagar),28.91,-0.83,0.246,0.227,-0.56,0.192,Built-up,0.67,68.96,78.14,295.2,3989.2,1034.9,185.5,90.4,Not Significant,Emerging
NGP_CELL_414,2019,21.14887,79.09723,Ward 2 (Ashinagar),26.1,-2.95,0.316,-0.024,-0.215,0.083,Crop,0.68,36.33,134.17,296.7,965.8,2581.3,123.6,88.2,Not Significant,Emerging
NGP_CELL_414,2020,21.14887,79.09723,Ward 2 (Ashinagar),25.3,-3.98,0.389,-0.222,-0.402,0.104,Bare,0.81,26.49,111.32,296.7,965.8,2581.3,123.6,85.8,Cold Spot,Persistent
NGP_CELL_414,2021,21.14887,79.09723,Ward 2 (Ashinagar),28.75,-2.31,0.152,0.179,-0.392,0.148,Crop,0.88,49.81,169.85,296.7,965.8,2581.3,123.6,94.0,Cold Spot,Persistent
NGP_CELL_414,2022,21.14887,79.09723,Ward 2 (Ashinagar),31.14,-0.53,0.224,0.256,-0.224,0.166,Built-up,0.79,63.19,90.57,296.7,965.8,2581.3,123.6,96.4,Not Significant,Sporadic
NGP_CELL_414,2023,21.14887,79.09723,Ward 2 (Ashinagar),30.71,-0.08,0.13,0.306,-0.288,0.126,Built-up,0.78,68.79,210.96,296.7,965.8,2581.3,123.6,85.9,Not Significant,Persistent
NGP_CELL_414,2024,21.14887,79.09723,Ward 2 (Ashinagar),30.22,-0.17,0.161,0.312,-0.396,0.147,Built-up,0.67,63.84,59.44,296.7,965.8,2581.3,123.6,90.2,Not Significant,Persistent
NGP_CELL_415,2019,21.11308,79.10067,Ward 4 (Hanuman Nagar),26.13,-2.93,0.334,0.061,-0.281,0.121,Crop,0.76,48.91,50.71,292.6,3831.5,973.2,192.8,86.0,Not Significant,Persistent
NGP_CELL_415,2020,21.11308,79.10067,Ward 4 (Hanuman Nagar),28.67,-2.3,0.235,0.028,-0.506,0.16,Bare,0.68,34.65,153.94,292.6,3831.5,973.2,192.8,91.1,Not Significant,Persistent
NGP_CELL_415,2021,21.11308,79.10067,Ward 4 (Hanuman Nagar),28.21,-2.58,0.199,-0.016,-0.243,0.119,Crop,0.87,45.07,123.43,292.6,3831.5,973.2,192.8,97.9,Not Significant,Emerging
NGP_CELL_415,2022,21.11308,79.10067,Ward 4 (Hanuman Nagar),27.72,-2.25,0.2,-0.039,-0.234,0.093,Tree,0.91,40.47,177.02,292.6,3831.5,973.2,192.8,99.3,Not Significant,Persistent
NGP_CELL_415,2023,21.11308,79.10067,Ward 4 (Hanuman Nagar),25.27,-2.8,0.214,0.019,-0.26,0.164,Bare,0.83,40.0,156.89,292.6,3831.5,973.2,192.8,92.4,Not Significant,Sporadic
NGP_CELL_415,2024,21.11308,79.10067,Ward 4 (Hanuman Nagar),26.93,-1.81,0.357,0.016,-0.582,0.093,Bare,0.69,41.05,73.67,292.6,3831.5,973.2,192.8,98.0,Not Significant,Persistent
NGP_CELL_416,2019,21.1022,79.14048,Ward 6 (Satranjipura),29.73,-1.13,0.125,0.225,-0.475,0.137,Built-up,0.82,61.39,28.93,319.0,1681.1,746.1,64.0,94.0,Not Significant,Persistent
NGP_CELL_416,2020,21.1022,79.14048,Ward 6 (Satranjipura),29.76,-1.75,0.235,0.143,-0.386,0.116,Tree,0.92,45.22,200.63,319.0,1681.1,746.1,64.0,99.4,Not Significant,Persistent
NGP_CELL_416,2021,21.1022,79.14048,Ward 6 (Satranjipura),27.9,-2.73,0.291,-0.073,-0.536,0.162,Tree,0.92,40.43,163.58,319.0,1681.1,746.1,64.0,86.0,Cold Spot,Diminishing
NGP_CELL_416,2022,21.1022,79.14048,Ward 6 (Satranjipura),27.68,-2.27,0.19,0.067,-0.378,0.241,Built-up,0.93,54.26,198.28,319.0,1681.1,746.1,64.0,94.3,Not Significant,Persistent
NGP_CELL_416,2023,21.1022,79.14048,Ward 6 (Satranjipura),30.82,-0.02,0.072,0.231,-0.297,0.147,Built-up,0.71,72.28,181.0,319.0,1681.1,746.1,64.0,96.4,Not Significant,Persistent
NGP_CELL_416,2024,21.1022,79.14048,Ward 6 (Satranjipura),25.73,-2.42,0.294,0.062,-0.388,0.115,Grass,0.95,43.4,87.32,319.0,1681.1,746.1,64.0,87.2,Not Significant,Persistent
NGP_CELL_417,2019,21.14144,79.08916,Ward 8 (Gandhibagh),28.18,-1.91,0.3,0.169,-0.482,0.175,Built-up,0.97,50.45,98.85,280.1,4696.5,1367.0,83.5,85.1,Cold Spot,Persistent
NGP_CELL_417,2020,21.14144,79.08916,Ward 8 (Gandhibagh),27.16,-3.05,0.267,0.052,-0.378,0.217,Built-up,0.96,50.85,128.84,280.1,4696.5,1367.0,83.5,85.2,Cold Spot,Sporadic
NGP_CELL_417,2021,21.14144,79.08916,Ward 8 (Gandhibagh),27.87,-2.75,0.361,-0.009,-0.349,0.083,Bare,0.76,44.87,192.64,280.1,4696.5,1367.0,83.5,96.9,Cold Spot,Persistent
NGP_CELL_417,2022,21.14144,79.08916,Ward 8 (Gandhibagh),28.55,-1.83,0.196,0.103,-0.395,0.117,Crop,0.7,44.44,218.73,280.1,4696.5,1367.0,83.5,91.7,Not Significant,Persistent
NGP_CELL_417,2023,21.14144,79.08916,Ward 8 (Gandhibagh),27.92,-1.47,0.286,0.238,-0.502,0.202,Built-up,0.72,62.63,205.71,280.1,4696.5,1367.0,83.5,92.6,Not Significant,Persistent
NGP_CELL_417,2024,21.14144,79.08916,Ward 8 (Gandhibagh),26.61,-1.97,0.315,0.152,-0.389,0.176,Built-up,0.72,51.33,128.72,280.1,4696.5,1367.0,83.5,97.0,Cold Spot,Emerging
NGP_CELL_418,2019,21.06116,79.11166,Ward 4 (Hanuman Nagar),25.97,-3.01,0.371,-0.01,-0.438,0.157,Crop,0.96,32.31,140.09,298.6,4190.2,1669.0,637.3,92.9,Cold Spot,Persistent
NGP_CELL_418,2020,21.06116,79.11166,Ward 4 (Hanuman Nagar),29.37,-1.95,0.214,0.04,-0.289,0.152,Built-up,0.7,50.51,87.83,298.6,4190.2,1669.0,637.3,89.3,Cold Spot,Persistent
NGP_CELL_418,2021,21.06116,79.11166,Ward 4 (Hanuman Nagar),28.05,-2.66,0.254,-0.043,-0.495,0.129,Crop,0.87,38.54,104.96,298.6,4190.2,1669.0,637.3,85.6,Not Significant,Sporadic
NGP_CELL_418,2022,21.06116,79.11166,Ward 4 (Hanuman Nagar),26.74,-2.74,0.267,-0.091,-0.23,0.111,Tree,0.73,38.15,86.69,298.6,4190.2,1669.0,637.3,93.6,Cold Spot,Persistent
NGP_CELL_418,2023,21.06116,79.11166,Ward 4 (Hanuman Nagar),29.73,-0.57,0.244,0.343,-0.549,0.245,Built-up,0.87,69.05,195.52,298.6,4190.2,1669.0,637.3,98.9,Cold Spot,Sporadic
NGP_CELL_418,2024,21.06116,79.11166,Ward 4 (Hanuman Nagar),28.35,-1.1,0.218,0.144,-0.505,0.241,Built-up,0.85,59.48,147.91,298.6,4190.2,1669.0,637.3,88.5,Not Significant,Persistent
NGP_CELL_419,2019,21.10764,79.00185,Ward 7 (Mangalwari),22.53,-4.73,0.36,-0.195,-0.32,0.151,Tree,0.97,18.8,196.65,304.1,3882.5,1045.9,421.2,86.1,Not Significant,Emerging
NGP_CELL_419,2020,21.10764,79.00185,Ward 7 (Mangalwari),25.38,-3.94,0.294,-0.154,-0.321,0.166,Grass,0.91,22.62,140.53,304.1,3882.5,1045.9,421.2,97.6,Not Significant,Emerging
NGP_CELL_419,2021,21.10764,79.00185,Ward 7 (Mangalwari),27.27,-3.05,0.347,0.004,-0.243,0.108,Tree,0.75,33.66,173.85,304.1,3882.5,1045.9,421.2,91.1,Not Significant,Diminishing
NGP_CELL_419,2022,21.10764,79.00185,Ward 7 (Mangalwari),32.57,0.18,0.055,0.371,-0.481,0.186,Built-up,0.76,69.55,132.65,304.1,3882.5,1045.9,421.2,88.5,Not Significant,Emerging
NGP_CELL_419,2023,21.10764,79.00185,Ward 7 (Mangalwari),21.27,-4.8,0.294,-0.178,-0.466,0.168,Tree,0.92,29.57,158.62,304.1,3882.5,1045.9,421.2,98.6,Cold Spot,Persistent
NGP_CELL_419,2024,21.10764,79.00185,Ward 7 (Mangalwari),29.34,-0.61,0.167,0.27,-0.498,0.228,Built-up,0.88,63.27,94.47,304.1,3882.5,1045.9,421.2,91.7,Not Significant,Persistent
NGP_CELL_420,2019,21.10705,79.02707,Ward 10 (Sanjay Gandhi Nagar),23.72,-4.14,0.456,-0.17,-0.4,0.159,Tree,0.79,19.64,85.03,289.7,3690.0,2646.2,170.3,88.9,Not Significant,Emerging
NGP_CELL_420,2020,21.10705,79.02707,Ward 10 (Sanjay Gandhi Nagar),23.28,-4.99,0.296,-0.243,-0.282,0.112,Crop,0.76,22.23,37.09,289.7,3690.0,2646.2,170.3,88.4,Not Significant,Sporadic
NGP_CELL_420,2021,21.10705,79.02707,Ward 10 (Sanjay Gandhi Nagar),31.49,-0.94,0.317,0.174,-0.337,0.217,Built-up,0.68,54.02,209.57,289.7,3690.0,2646.2,170.3,85.5,Not Significant,Emerging
NGP_CELL_420,2022,21.10705,79.02707,Ward 10 (Sanjay Gandhi Nagar),28.57,-1.82,0.176,0.057,-0.504,0.174,Built-up,0.96,55.29,197.25,289.7,3690.0,2646.2,170.3,93.7,Not Significant,Persistent
NGP_CELL_420,2023,21.10705,79.02707,Ward 10 (Sanjay Gandhi Nagar),32.02,0.58,0.184,0.403,-0.219,0.138,Built-up,0.92,74.35,164.41,289.7,3690.0,2646.2,170.3,96.9,Not Significant,Emerging
NGP_CELL_420,2024,21.10705,79.02707,Ward 10 (Sanjay Gandhi Nagar),28.59,-0.99,0.215,0.25,-0.597,0.209,Built-up,0.93,64.56,136.89,289.7,3690.0,2646.2,170.3,87.9,Not Significant,Persistent
NGP_CELL_421,2019,21.05353,79.07248,Ward 3 (Dharampeth),28.96,-1.52,0.154,0.16,-0.417,0.181,Built-up,0.98,63.49,50.97,297.0,1051.9,2841.9,4.8,89.5,Not Significant,Emerging
NGP_CELL_421,2020,21.05353,79.07248,Ward 3 (Dharampeth),31.64,-0.81,0.184,0.311,-0.498,0.21,Built-up,0.95,65.07,153.81,297.0,1051.9,2841.9,4.8,91.1,Hot Spot,Persistent
NGP_CELL_421,2021,21.05353,79.07248,Ward 3 (Dharampeth),28.2,-2.58,0.278,-0.013,-0.528,0.165,Crop,0.8,45.91,62.68,297.0,1051.9,2841.9,4.8,91.3,Not Significant,Persistent
NGP_CELL_421,2022,21.05353,79.07248,Ward 3 (Dharampeth),29.38,-1.42,0.201,0.245,-0.233,0.167,Built-up,0.78,67.25,31.71,297.0,1051.9,2841.9,4.8,91.3,Not Significant,Diminishing
NGP_CELL_421,2023,21.05353,79.07248,Ward 3 (Dharampeth),23.37,-3.75,0.39,-0.174,-0.447,0.138,Tree,0.66,27.49,118.08,297.0,1051.9,2841.9,4.8,95.2,Not Significant,Sporadic
NGP_CELL_421,2024,21.05353,79.07248,Ward 3 (Dharampeth),29.58,-0.49,0.229,0.247,-0.21,0.165,Built-up,0.77,68.94,90.26,297.0,1051.9,2841.9,4.8,91.3,Hot Spot,Diminishing
NGP_CELL_422,2019,21.11203,79.01547,Ward 5 (Dhantoli),26.51,-2.75,0.249,0.034,-0.415,0.188,Built-up,0.69,53.11,145.48,311.1,3633.5,2873.8,327.2,87.7,Not Significant,Emerging
NGP_CELL_422,2020,21.11203,79.01547,Ward 5 (Dhantoli),23.87,-4.69,0.346,-0.321,-0.473,0.17,Crop,0.76,14.18,163.71,311.1,3633.5,2873.8,327.2,90.0,Not Significant,Persistent
NGP_CELL_422,2021,21.11203,79.01547,Ward 5 (Dhantoli),32.22,-0.57,0.111,0.317,-0.351,0.198,Built-up,0.67,76.04,138.92,311.1,3633.5,2873.8,327.2,93.7,Not Significant,Persistent
NGP_CELL_422,2022,21.11203,79.01547,Ward 5 (Dhantoli),29.69,-1.26,0.207,0.157,-0.343,0.192,Built-up,0.76,64.02,175.08,311.1,3633.5,2873.8,327.2,85.6,Not Significant,Sporadic
NGP_CELL_422,2023,21.11203,79.01547,Ward 5 (Dhantoli),30.83,-0.02,0.094,0.373,-0.451,0.131,Built-up,0.78,74.98,130.49,311.1,3633.5,2873.8,327.2,92.2,Not Significant,Persistent
NGP_CELL_422,2024,21.11203,79.01547,Ward 5 (Dhantoli),23.44,-3.56,0.403,-0.068,-0.285,0.103,Tree,0.76,38.8,75.58,311.1,3633.5,2873.8,327.2,86.7,Not Significant,Emerging
NGP_CELL_423,2019,21.059,79.00934,Ward 7 (Mangalwari),27.94,-2.03,0.369,0.141,-0.517,0.121,Crop,0.95,44.32,65.03,301.6,351.2,676.8,743.4,92.3,Not Significant,Emerging
NGP_CELL_423,2020,21.059,79.00934,Ward 7 (Mangalwari),26.34,-3.46,0.256,-0.1,-0.226,0.169,Tree,0.79,37.1,29.75,301.6,351.2,676.8,743.4,91.2,Hot Spot,Diminishing
NGP_CELL_423,2021,21.059,79.00934,Ward 7 (Mangalwari),32.18,-0.59,0.111,0.248,-0.374,0.162,Built-up,0.81,65.9,199.88,301.6,351.2,676.8,743.4,85.0,Not Significant,Sporadic
NGP_CELL_423,2022,21.059,79.00934,Ward 7 (Mangalwari),24.04,-4.09,0.337,-0.162,-0.583,0.097,Grass,0.77,29.27,136.19,301.6,351.2,676.8,743.4,85.7,Not Significant,Emerging
NGP_CELL_423,2023,21.059,79.00934,Ward 7 (Mangalwari),24.09,-3.39,0.334,-0.139,-0.47,0.142,Bare,0.68,17.77,134.57,301.6,351.2,676.8,743.4,92.6,Not Significant,Persistent
NGP_CELL_423,2024,21.059,79.00934,Ward 7 (Mangalwari),26.17,-2.2,0.236,0.066,-0.413,0.121,Grass,0.88,47.45,193.02,301.6,351.2,676.8,743.4,94.3,Not Significant,Persistent
NGP_CELL_424,2019,21.06598,79.13867,Ward 5 (Dhantoli),23.48,-4.26,0.399,-0.113,-0.249,0.082,Grass,0.91,29.4,135.76,318.5,1297.1,1629.1,142.0,86.0,Not Significant,Sporadic
NGP_CELL_424,2020,21.06598,79.13867,Ward 5 (Dhantoli),26.52,-3.37,0.307,-0.13,-0.427,0.173,Bare,0.83,24.63,51.21,318.5,1297.1,1629.1,142.0,85.5,Not Significant,Emerging
NGP_CELL_424,2021,21.06598,79.13867,Ward 5 (Dhantoli),33.27,-0.05,0.078,0.288,-0.43,0.234,Built-up,0.75,65.41,188.51,318.5,1297.1,1629.1,142.0,95.9,Not Significant,Persistent
NGP_CELL_424,2022,21.06598,79.13867,Ward 5 (Dhantoli),28.09,-2.06,0.224,-0.011,-0.555,0.175,Crop,0.66,46.34,119.39,318.5,1297.1,1629.1,142.0,96.6,Not Significant,Persistent
NGP_CELL_424,2023,21.06598,79.13867,Ward 5 (Dhantoli),29.55,-0.66,0.101,0.342,-0.262,0.169,Built-up,0.73,76.23,133.43,318.5,1297.1,1629.1,142.0,86.4,Hot Spot,Persistent
NGP_CELL_424,2024,21.06598,79.13867,Ward 5 (Dhantoli),27.05,-1.76,0.226,0.096,-0.484,0.178,Grass,0.74,39.71,194.51,318.5,1297.1,1629.1,142.0,89.8,Hot Spot,Persistent
NGP_CELL_425,2019,21.19963,79.09527,Ward 5 (Dhantoli),27.3,-2.35,0.348,0.079,-0.357,0.155,Bare,0.97,39.09,97.39,300.9,1149.7,1982.3,43.3,97.9,Not Significant,Emerging
NGP_CELL_425,2020,21.19963,79.09527,Ward 5 (Dhantoli),28.0,-2.63,0.281,-0.049,-0.532,0.102,Bare,0.9,38.14,127.5,300.9,1149.7,1982.3,43.3,85.1,Not Significant,Sporadic
NGP_CELL_425,2021,21.19963,79.09527,Ward 5 (Dhantoli),25.85,-3.76,0.389,-0.032,-0.466,0.159,Crop,0.74,28.69,87.94,300.9,1149.7,1982.3,43.3,97.3,Not Significant,Persistent
NGP_CELL_425,2022,21.19963,79.09527,Ward 5 (Dhantoli),26.39,-2.91,0.321,-0.095,-0.376,0.11,Tree,0.7,23.9,113.67,300.9,1149.7,1982.3,43.3,99.0,Not Significant,Diminishing
NGP_CELL_425,2023,21.19963,79.09527,Ward 5 (Dhantoli),22.85,-4.01,0.472,-0.149,-0.555,0.153,Bare,0.87,19.6,192.89,300.9,1149.7,1982.3,43.3,95.1,Not Significant,Persistent
NGP_CELL_425,2024,21.19963,79.09527,Ward 5 (Dhantoli),25.49,-2.54,0.371,-0.029,-0.229,0.092,Crop,0.74,30.1,58.44,300.9,1149.7,1982.3,43.3,96.7,Not Significant,Emerging
NGP_CELL_426,2019,21.16692,79.03343,Ward 8 (Gandhibagh),29.76,-1.12,0.146,0.161,-0.301,0.206,Built-up,0.82,53.45,160.4,282.7,2388.6,636.0,354.8,90.3,Not Significant,Persistent
NGP_CELL_426,2020,21.16692,79.03343,Ward 8 (Gandhibagh),30.55,-1.35,0.106,0.136,-0.419,0.155,Built-up,0.81,59.52,87.2,282.7,2388.6,636.0,354.8,98.8,Not Significant,Emerging
NGP_CELL_426,2021,21.16692,79.03343,Ward 8 (Gandhibagh),23.54,-4.91,0.353,-0.276,-0.498,0.16,Crop,0.85,16.41,85.3,282.7,2388.6,636.0,354.8,85.0,Not Significant,Persistent
NGP_CELL_426,2022,21.16692,79.03343,Ward 8 (Gandhibagh),32.44,0.11,0.133,0.358,-0.279,0.203,Built-up,0.83,75.86,193.44,282.7,2388.6,636.0,354.8,88.1,Not Significant,Persistent
NGP_CELL_426,2023,21.16692,79.03343,Ward 8 (Gandhibagh),22.97,-3.95,0.35,-0.098,-0.466,0.141,Tree,0.77,22.25,89.09,282.7,2388.6,636.0,354.8,89.9,Not Significant,Diminishing
NGP_CELL_426,2024,21.16692,79.03343,Ward 8 (Gandhibagh),24.46,-3.05,0.305,-0.013,-0.516,0.097,Bare,0.89,39.52,79.5,282.7,2388.6,636.0,354.8,87.3,Not Significant,Sporadic
NGP_CELL_427,2019,21.14392,79.03216,Ward 5 (Dhantoli),28.27,-1.87,0.122,0.25,-0.33,0.239,Built-up,0.66,68.89,181.21,319.7,4248.9,847.4,762.5,98.8,Not Significant,Persistent
NGP_CELL_427,2020,21.14392,79.03216,Ward 5 (Dhantoli),30.71,-1.28,0.122,0.174,-0.547,0.242,Built-up,0.91,66.62,87.29,319.7,4248.9,847.4,762.5,86.2,Cold Spot,Sporadic
NGP_CELL_427,2021,21.14392,79.03216,Ward 5 (Dhantoli),30.41,-1.48,0.327,0.137,-0.495,0.228,Built-up,0.98,52.59,64.44,319.7,4248.9,847.4,762.5,93.1,Not Significant,Sporadic
NGP_CELL_427,2022,21.14392,79.03216,Ward 5 (Dhantoli),27.97,-2.12,0.26,0.15,-0.374,0.169,Crop,0.81,48.83,94.56,319.7,4248.9,847.4,762.5,92.7,Cold Spot,Persistent
NGP_CELL_427,2023,21.14392,79.03216,Ward 5 (Dhantoli),28.61,-1.13,0.16,0.172,-0.394,0.171,Built-up,0.79,66.78,50.7,319.7,4248.9,847.4,762.5,95.3,Not Significant,Persistent
NGP_CELL_427,2024,21.14392,79.03216,Ward 5 (Dhantoli),31.54,0.49,0.066,0.409,-0.252,0.212,Built-up,0.97,70.95,121.61,319.7,4248.9,847.4,762.5,89.4,Not Significant,Sporadic
NGP_CELL_428,2019,21.08611,79.07337,Ward 2 (Ashinagar),24.31,-3.85,0.33,-0.131,-0.464,0.13,Grass,0.78,26.99,42.59,308.4,3089.5,540.6,435.6,91.3,Cold Spot,Persistent
NGP_CELL_428,2020,21.08611,79.07337,Ward 2 (Ashinagar),31.46,-0.9,0.113,0.173,-0.302,0.208,Built-up,0.79,66.46,90.05,308.4,3089.5,540.6,435.6,86.0,Not Significant,Persistent
NGP_CELL_428,2021,21.08611,79.07337,Ward 2 (Ashinagar),23.96,-4.7,0.368,-0.233,-0.453,0.164,Bare,0.97,24.95,70.86,308.4,3089.5,540.6,435.6,91.2,Cold Spot,Persistent
NGP_CELL_428,2022,21.08611,79.07337,Ward 2 (Ashinagar),23.03,-4.59,0.447,-0.096,-0.446,0.168,Bare,0.84,27.11,80.49,308.4,3089.5,540.6,435.6,92.9,Cold Spot,Persistent
NGP_CELL_428,2023,21.08611,79.07337,Ward 2 (Ashinagar),27.85,-1.51,0.217,0.173,-0.28,0.143,Built-up,0.67,60.96,90.57,308.4,3089.5,540.6,435.6,86.2,Not Significant,Diminishing
NGP_CELL_428,2024,21.08611,79.07337,Ward 2 (Ashinagar),27.23,-1.67,0.348,0.091,-0.503,0.089,Bare,0.89,39.33,219.91,308.4,3089.5,540.6,435.6,99.7,Cold Spot,Emerging
NGP_CELL_429,2019,21.12024,79.12723,Ward 10 (Sanjay Gandhi Nagar),24.58,-3.71,0.361,-0.042,-0.229,0.142,Crop,0.67,38.7,86.4,300.1,228.3,627.5,666.7,93.4,Not Significant,Emerging
NGP_CELL_429,2020,21.12024,79.12723,Ward 10 (Sanjay Gandhi Nagar),25.9,-3.68,0.475,-0.083,-0.428,0.155,Crop,0.74,23.88,113.71,300.1,228.3,627.5,666.7,99.6,Not Significant,Emerging
NGP_CELL_429,2021,21.12024,79.12723,Ward 10 (Sanjay Gandhi Nagar),30.38,-1.49,0.199,0.285,-0.287,0.238,Built-up,0.67,71.69,92.64,300.1,228.3,627.5,666.7,90.3,Not Significant,Persistent
NGP_CELL_429,2022,21.12024,79.12723,Ward 10 (Sanjay Gandhi Nagar),27.05,-2.58,0.207,0.016,-0.444,0.174,Built-up,0.68,51.14,164.28,300.1,228.3,627.5,666.7,86.7,Hot Spot,Persistent
NGP_CELL_429,2023,21.12024,79.12723,Ward 10 (Sanjay Gandhi Nagar),26.0,-2.43,0.299,0.059,-0.361,0.17,Crop,0.89,43.66,46.57,300.1,228.3,627.5,666.7,94.5,Not Significant,Persistent
NGP_CELL_429,2024,21.12024,79.12723,Ward 10 (Sanjay Gandhi Nagar),32.1,0.77,0.06,0.574,-0.326,0.129,Built-up,0.9,87.54,153.25,300.1,228.3,627.5,666.7,91.0,Not Significant,Sporadic
NGP_CELL_430,2019,21.17201,79.14659,Ward 3 (Dharampeth),27.63,-2.19,0.201,0.034,-0.569,0.098,Crop,0.76,46.98,112.37,314.3,2890.8,182.8,242.1,87.1,Not Significant,Persistent
NGP_CELL_430,2020,21.17201,79.14659,Ward 3 (Dharampeth),24.33,-4.47,0.381,-0.153,-0.404,0.093,Grass,0.9,16.46,81.22,314.3,2890.8,182.8,242.1,85.9,Cold Spot,Persistent
NGP_CELL_430,2021,21.17201,79.14659,Ward 3 (Dharampeth),30.08,-1.64,0.309,0.01,-0.204,0.152,Crop,0.87,44.22,106.02,314.3,2890.8,182.8,242.1,94.3,Cold Spot,Persistent
NGP_CELL_430,2022,21.17201,79.14659,Ward 3 (Dharampeth),29.0,-1.61,0.141,0.093,-0.543,0.201,Built-up,0.69,55.23,41.34,314.3,2890.8,182.8,242.1,92.8,Not Significant,Persistent
NGP_CELL_430,2023,21.17201,79.14659,Ward 3 (Dharampeth),25.89,-2.49,0.305,0.073,-0.523,0.123,Built-up,0.97,51.38,77.1,314.3,2890.8,182.8,242.1,85.3,Not Significant,Diminishing
NGP_CELL_430,2024,21.17201,79.14659,Ward 3 (Dharampeth),27.75,-1.4,0.16,0.234,-0.505,0.209,Built-up,0.71,54.45,174.53,314.3,2890.8,182.8,242.1,96.2,Not Significant,Persistent
NGP_CELL_431,2019,21.06463,79.02596,Ward 1 (Lakadganj),25.02,-3.49,0.362,-0.108,-0.424,0.13,Crop,0.73,36.28,73.92,311.8,2230.5,1428.4,53.7,88.4,Not Significant,Persistent
NGP_CELL_431,2020,21.06463,79.02596,Ward 1 (Lakadganj),32.0,-0.63,0.282,0.263,-0.375,0.249,Built-up,0.97,57.55,117.48,311.8,2230.5,1428.4,53.7,93.6,Not Significant,Diminishing
NGP_CELL_431,2021,21.06463,79.02596,Ward 1 (Lakadganj),29.82,-1.77,0.115,0.18,-0.533,0.216,Built-up,0.78,64.17,153.53,311.8,2230.5,1428.4,53.7,94.5,Not Significant,Persistent
NGP_CELL_431,2022,21.06463,79.02596,Ward 1 (Lakadganj),30.82,-0.69,0.157,0.212,-0.417,0.136,Built-up,0.68,55.31,110.31,311.8,2230.5,1428.4,53.7,94.9,Not Significant,Sporadic
NGP_CELL_431,2023,21.06463,79.02596,Ward 1 (Lakadganj),24.28,-3.29,0.4,-0.053,-0.418,0.136,Tree,0.97,31.18,84.12,311.8,2230.5,1428.4,53.7,89.6,Cold Spot,Sporadic
NGP_CELL_431,2024,21.06463,79.02596,Ward 1 (Lakadganj),31.1,0.27,0.017,0.335,-0.304,0.177,Built-up,0.88,77.98,175.12,311.8,2230.5,1428.4,53.7,94.8,Not Significant,Diminishing
NGP_CELL_432,2019,21.10063,79.07325,Ward 8 (Gandhibagh),23.22,-4.39,0.317,-0.255,-0.479,0.096,Crop,0.95,19.9,112.22,305.6,1922.4,1407.2,684.2,91.7,Not Significant,Emerging
NGP_CELL_432,2020,21.10063,79.07325,Ward 8 (Gandhibagh),25.71,-3.78,0.442,-0.158,-0.248,0.085,Bare,0.69,19.5,139.81,305.6,1922.4,1407.2,684.2,85.6,Not Significant,Emerging
NGP_CELL_432,2021,21.10063,79.07325,Ward 8 (Gandhibagh),24.96,-4.2,0.434,-0.171,-0.389,0.13,Crop,0.92,24.61,206.98,305.6,1922.4,1407.2,684.2,85.8,Not Significant,Persistent
NGP_CELL_432,2022,21.10063,79.07325,Ward 8 (Gandhibagh),28.38,-1.91,0.203,0.069,-0.532,0.16,Crop,0.84,40.52,211.29,305.6,1922.4,1407.2,684.2,97.6,Not Significant,Emerging
NGP_CELL_432,2023,21.10063,79.07325,Ward 8 (Gandhibagh),27.69,-1.59,0.191,0.118,-0.42,0.163,Tree,0.71,48.15,163.71,305.6,1922.4,1407.2,684.2,86.2,Not Significant,Diminishing
NGP_CELL_432,2024,21.10063,79.07325,Ward 8 (Gandhibagh),23.43,-3.57,0.352,-0.131,-0.231,0.112,Crop,0.81,32.36,129.25,305.6,1922.4,1407.2,684.2,93.5,Cold Spot,Persistent
NGP_CELL_433,2019,21.18557,79.14932,Ward 4 (Hanuman Nagar),22.66,-4.67,0.468,-0.228,-0.49,0.098,Grass,0.94,12.68,161.72,292.4,1306.3,1454.2,528.4,88.1,Not Significant,Persistent
NGP_CELL_433,2020,21.18557,79.14932,Ward 4 (Hanuman Nagar),26.94,-3.16,0.33,-0.112,-0.251,0.14,Bare,0.96,33.13,115.15,292.4,1306.3,1454.2,528.4,93.3,Cold Spot,Persistent
NGP_CELL_433,2021,21.18557,79.14932,Ward 4 (Hanuman Nagar),26.78,-3.29,0.375,0.017,-0.276,0.146,Tree,0.67,42.85,47.59,292.4,1306.3,1454.2,528.4,85.2,Not Significant,Persistent
NGP_CELL_433,2022,21.18557,79.14932,Ward 4 (Hanuman Nagar),32.59,0.19,0.149,0.369,-0.413,0.172,Built-up,0.92,70.48,172.69,292.4,1306.3,1454.2,528.4,99.5,Not Significant,Sporadic
NGP_CELL_433,2023,21.18557,79.14932,Ward 4 (Hanuman Nagar),20.88,-4.99,0.367,-0.286,-0.218,0.113,Bare,0.66,18.77,120.91,292.4,1306.3,1454.2,528.4,99.1,Not Significant,Persistent
NGP_CELL_433,2024,21.18557,79.14932,Ward 4 (Hanuman Nagar),26.51,-2.02,0.187,0.142,-0.391,0.193,Built-up,0.85,62.92,90.93,292.4,1306.3,1454.2,528.4,95.4,Not Significant,Persistent
NGP_CELL_434,2019,21.12653,79.01125,Ward 4 (Hanuman Nagar),32.29,0.15,0.09,0.298,-0.476,0.17,Built-up,0.83,62.19,27.25,282.4,509.7,2791.6,87.7,90.1,Hot Spot,Diminishing
NGP_CELL_434,2020,21.12653,79.01125,Ward 4 (Hanuman Nagar),27.38,-2.94,0.305,0.017,-0.253,0.141,Crop,0.87,38.71,167.72,282.4,509.7,2791.6,87.7,94.9,Not Significant,Emerging
NGP_CELL_434,2021,21.12653,79.01125,Ward 4 (Hanuman Nagar),24.72,-4.32,0.477,-0.121,-0.404,0.118,Crop,0.9,24.33,153.87,282.4,509.7,2791.6,87.7,90.0,Cold Spot,Persistent
NGP_CELL_434,2022,21.12653,79.01125,Ward 4 (Hanuman Nagar),27.61,-2.3,0.257,0.09,-0.222,0.235,Built-up,0.71,57.42,180.85,282.4,509.7,2791.6,87.7,86.3,Not Significant,Sporadic
NGP_CELL_434,2023,21.12653,79.01125,Ward 4 (Hanuman Nagar),29.23,-0.82,0.12,0.253,-0.552,0.241,Built-up,0.89,64.73,78.1,282.4,509.7,2791.6,87.7,85.9,Not Significant,Persistent
NGP_CELL_434,2024,21.12653,79.01125,Ward 4 (Hanuman Nagar),23.92,-3.32,0.297,-0.102,-0.251,0.14,Tree,0.94,33.3,226.51,282.4,509.7,2791.6,87.7,97.7,Not Significant,Emerging
NGP_CELL_435,2019,21.09365,79.05815,Ward 6 (Satranjipura),23.4,-4.3,0.474,-0.257,-0.458,0.115,Tree,0.77,17.16,123.83,311.4,1445.2,829.7,47.9,95.3,Cold Spot,Persistent
NGP_CELL_435,2020,21.09365,79.05815,Ward 6 (Satranjipura),29.38,-1.94,0.189,0.14,-0.502,0.161,Crop,0.84,44.85,48.76,311.4,1445.2,829.7,47.9,94.3,Not Significant,Emerging
NGP_CELL_435,2021,21.09365,79.05815,Ward 6 (Satranjipura),33.63,0.13,0.109,0.345,-0.431,0.193,Built-up,0.81,72.46,200.93,311.4,1445.2,829.7,47.9,89.6,Hot Spot,Emerging
NGP_CELL_435,2022,21.09365,79.05815,Ward 6 (Satranjipura),27.02,-2.59,0.223,-0.039,-0.285,0.132,Crop,0.95,42.84,156.8,311.4,1445.2,829.7,47.9,98.8,Cold Spot,Persistent
NGP_CELL_435,2023,21.09365,79.05815,Ward 6 (Satranjipura),22.94,-3.96,0.425,-0.084,-0.511,0.092,Crop,0.8,29.19,92.41,311.4,1445.2,829.7,47.9,98.2,Not Significant,Persistent
NGP_CELL_435,2024,21.09365,79.05815,Ward 6 (Satranjipura),26.49,-2.04,0.326,0.154,-0.235,0.178,Built-up,0.92,52.46,74.0,311.4,1445.2,829.7,47.9,98.5,Not Significant,Emerging
NGP_CELL_436,2019,21.11838,79.11065,Ward 3 (Dharampeth),27.95,-2.03,0.285,0.169,-0.28,0.25,Built-up,0.84,50.31,111.36,315.5,4433.0,1626.2,99.7,87.7,Not Significant,Emerging
NGP_CELL_436,2020,21.11838,79.11065,Ward 3 (Dharampeth),22.97,-5.15,0.475,-0.319,-0.553,0.168,Grass,0.7,14.93,119.05,315.5,4433.0,1626.2,99.7,89.2,Not Significant,Persistent
NGP_CELL_436,2021,21.11838,79.11065,Ward 3 (Dharampeth),29.88,-1.74,0.231,0.127,-0.331,0.244,Built-up,0.93,55.72,176.86,315.5,4433.0,1626.2,99.7,88.1,Cold Spot,Sporadic
NGP_CELL_436,2022,21.11838,79.11065,Ward 3 (Dharampeth),28.37,-1.92,0.279,0.148,-0.337,0.153,Crop,0.71,46.36,131.66,315.5,4433.0,1626.2,99.7,96.8,Cold Spot,Emerging
NGP_CELL_436,2023,21.11838,79.11065,Ward 3 (Dharampeth),24.35,-3.26,0.352,-0.108,-0.415,0.157,Tree,0.75,38.22,83.24,315.5,4433.0,1626.2,99.7,95.7,Cold Spot,Sporadic
NGP_CELL_436,2024,21.11838,79.11065,Ward 3 (Dharampeth),26.95,-1.81,0.29,0.048,-0.361,0.191,Built-up,0.91,52.95,52.74,315.5,4433.0,1626.2,99.7,94.1,Not Significant,Emerging
NGP_CELL_437,2019,21.12407,79.13862,Ward 5 (Dhantoli),20.25,-5.88,0.524,-0.322,-0.309,0.168,Tree,0.95,11.94,112.45,285.4,3313.0,698.5,231.8,89.3,Cold Spot,Persistent
NGP_CELL_437,2020,21.12407,79.13862,Ward 5 (Dhantoli),24.15,-4.56,0.481,-0.141,-0.217,0.106,Crop,0.79,19.5,132.97,285.4,3313.0,698.5,231.8,89.4,Not Significant,Persistent
NGP_CELL_437,2021,21.12407,79.13862,Ward 5 (Dhantoli),32.67,-0.35,0.236,0.301,-0.282,0.244,Built-up,0.76,67.16,159.27,285.4,3313.0,698.5,231.8,91.2,Not Significant,Persistent
NGP_CELL_437,2022,21.12407,79.13862,Ward 5 (Dhantoli),29.28,-1.46,0.155,0.255,-0.449,0.24,Built-up,0.73,55.55,190.16,285.4,3313.0,698.5,231.8,99.8,Not Significant,Diminishing
NGP_CELL_437,2023,21.12407,79.13862,Ward 5 (Dhantoli),29.33,-0.77,0.19,0.261,-0.376,0.129,Built-up,0.67,57.53,64.55,285.4,3313.0,698.5,231.8,94.5,Not Significant,Persistent
NGP_CELL_437,2024,21.12407,79.13862,Ward 5 (Dhantoli),26.87,-1.85,0.288,0.103,-0.254,0.089,Bare,0.97,48.0,146.34,285.4,3313.0,698.5,231.8,97.0,Cold Spot,Emerging
NGP_CELL_438,2019,21.19873,79.14761,Ward 4 (Hanuman Nagar),29.56,-1.22,0.247,0.201,-0.374,0.212,Built-up,0.81,55.2,66.48,304.4,398.8,2001.7,391.8,91.9,Hot Spot,Persistent
NGP_CELL_438,2020,21.19873,79.14761,Ward 4 (Hanuman Nagar),24.14,-4.56,0.43,-0.199,-0.493,0.136,Grass,0.92,13.92,86.58,304.4,398.8,2001.7,391.8,90.9,Cold Spot,Persistent
NGP_CELL_438,2021,21.19873,79.14761,Ward 4 (Hanuman Nagar),27.99,-2.68,0.222,0.018,-0.232,0.169,Tree,0.81,46.08,164.3,304.4,398.8,2001.7,391.8,94.3,Cold Spot,Sporadic
NGP_CELL_438,2022,21.19873,79.14761,Ward 4 (Hanuman Nagar),30.03,-1.09,0.26,0.267,-0.405,0.219,Built-up,0.75,66.53,89.83,304.4,398.8,2001.7,391.8,98.0,Not Significant,Persistent
NGP_CELL_438,2023,21.19873,79.14761,Ward 4 (Hanuman Nagar),24.17,-3.35,0.327,-0.006,-0.451,0.115,Grass,0.86,46.11,174.34,304.4,398.8,2001.7,391.8,99.7,Cold Spot,Emerging
NGP_CELL_438,2024,21.19873,79.14761,Ward 4 (Hanuman Nagar),22.54,-4.01,0.374,-0.155,-0.262,0.169,Crop,0.85,21.89,97.11,304.4,398.8,2001.7,391.8,96.1,Cold Spot,Sporadic
NGP_CELL_439,2019,21.19211,79.10676,Ward 8 (Gandhibagh),27.75,-2.13,0.338,0.076,-0.321,0.173,Bare,0.76,39.11,189.34,301.7,3258.2,1543.7,551.8,93.2,Cold Spot,Persistent
NGP_CELL_439,2020,21.19211,79.10676,Ward 8 (Gandhibagh),26.35,-3.46,0.342,-0.085,-0.511,0.108,Grass,0.78,39.71,39.81,301.7,3258.2,1543.7,551.8,90.2,Not Significant,Persistent
NGP_CELL_439,2021,21.19211,79.10676,Ward 8 (Gandhibagh),26.73,-3.32,0.346,-0.117,-0.457,0.146,Bare,0.85,21.09,171.19,301.7,3258.2,1543.7,551.8,98.8,Not Significant,Sporadic
NGP_CELL_439,2022,21.19211,79.10676,Ward 8 (Gandhibagh),31.45,-0.38,0.157,0.272,-0.209,0.192,Built-up,0.93,72.6,43.84,301.7,3258.2,1543.7,551.8,92.7,Not Significant,Persistent
NGP_CELL_439,2023,21.19211,79.10676,Ward 8 (Gandhibagh),30.93,0.03,0.12,0.328,-0.478,0.192,Built-up,0.95,73.3,212.48,301.7,3258.2,1543.7,551.8,95.6,Not Significant,Diminishing
NGP_CELL_439,2024,21.19211,79.10676,Ward 8 (Gandhibagh),24.89,-2.84,0.319,-0.017,-0.458,0.101,Crop,0.87,34.69,80.92,301.7,3258.2,1543.7,551.8,88.0,Not Significant,Persistent
NGP_CELL_440,2019,21.10958,79.03192,Ward 8 (Gandhibagh),28.13,-1.93,0.181,0.056,-0.371,0.147,Crop,0.65,45.23,98.53,281.9,3726.9,379.2,22.5,96.4,Not Significant,Persistent
NGP_CELL_440,2020,21.10958,79.03192,Ward 8 (Gandhibagh),32.73,-0.27,0.268,0.316,-0.392,0.204,Built-up,0.88,62.98,50.06,281.9,3726.9,379.2,22.5,87.7,Not Significant,Persistent
NGP_CELL_440,2021,21.10958,79.03192,Ward 8 (Gandhibagh),25.94,-3.71,0.322,-0.108,-0.206,0.158,Tree,0.66,30.79,180.46,281.9,3726.9,379.2,22.5,93.8,Not Significant,Emerging
NGP_CELL_440,2022,21.10958,79.03192,Ward 8 (Gandhibagh),25.23,-3.49,0.319,-0.155,-0.578,0.085,Bare,0.96,25.12,33.39,281.9,3726.9,379.2,22.5,87.4,Not Significant,Persistent
NGP_CELL_440,2023,21.10958,79.03192,Ward 8 (Gandhibagh),31.52,0.33,0.144,0.404,-0.379,0.152,Built-up,0.73,73.07,159.72,281.9,3726.9,379.2,22.5,85.2,Not Significant,Persistent
NGP_CELL_440,2024,21.10958,79.03192,Ward 8 (Gandhibagh),28.46,-1.05,0.158,0.276,-0.554,0.126,Built-up,0.93,61.93,148.34,281.9,3726.9,379.2,22.5,85.4,Hot Spot,Emerging
NGP_CELL_441,2019,21.1241,79.11284,Ward 6 (Satranjipura),23.37,-4.31,0.424,-0.232,-0.553,0.104,Bare,0.97,10.84,191.63,287.4,3768.7,903.2,340.8,92.3,Not Significant,Diminishing
NGP_CELL_441,2020,21.1241,79.11284,Ward 6 (Satranjipura),28.46,-2.4,0.349,0.062,-0.52,0.159,Crop,0.68,47.77,50.83,287.4,3768.7,903.2,340.8,93.7,Cold Spot,Persistent
NGP_CELL_441,2021,21.1241,79.11284,Ward 6 (Satranjipura),28.55,-2.41,0.3,0.074,-0.269,0.122,Crop,0.74,48.39,42.01,287.4,3768.7,903.2,340.8,97.4,Not Significant,Persistent
NGP_CELL_441,2022,21.1241,79.11284,Ward 6 (Satranjipura),24.82,-3.69,0.427,-0.183,-0.346,0.119,Bare,0.97,17.94,56.16,287.4,3768.7,903.2,340.8,95.8,Not Significant,Diminishing
NGP_CELL_441,2023,21.1241,79.11284,Ward 6 (Satranjipura),22.08,-4.39,0.385,-0.153,-0.576,0.107,Bare,0.69,29.94,151.82,287.4,3768.7,903.2,340.8,92.6,Cold Spot,Persistent
NGP_CELL_441,2024,21.1241,79.11284,Ward 6 (Satranjipura),27.11,-1.72,0.157,0.153,-0.553,0.231,Built-up,0.92,59.67,204.01,287.4,3768.7,903.2,340.8,95.2,Cold Spot,Persistent
NGP_CELL_442,2019,21.19077,79.06064,Ward 5 (Dhantoli),27.99,-2.0,0.198,0.089,-0.494,0.23,Built-up,0.73,54.27,169.92,309.0,2291.8,574.3,598.1,98.9,Cold Spot,Persistent
NGP_CELL_442,2020,21.19077,79.06064,Ward 5 (Dhantoli),24.09,-4.59,0.377,-0.287,-0.326,0.123,Tree,0.77,15.22,96.91,309.0,2291.8,574.3,598.1,87.9,Not Significant,Persistent
NGP_CELL_442,2021,21.19077,79.06064,Ward 5 (Dhantoli),25.87,-3.75,0.322,-0.109,-0.226,0.176,Crop,0.85,31.68,114.64,309.0,2291.8,574.3,598.1,92.4,Cold Spot,Persistent
NGP_CELL_442,2022,21.19077,79.06064,Ward 5 (Dhantoli),25.28,-3.47,0.263,-0.144,-0.226,0.119,Tree,0.87,30.64,57.64,309.0,2291.8,574.3,598.1,99.4,Not Significant,Persistent
NGP_CELL_442,2023,21.19077,79.06064,Ward 5 (Dhantoli),29.3,-0.78,0.143,0.252,-0.284,0.163,Built-up,0.7,66.19,70.78,309.0,2291.8,574.3,598.1,98.3,Not Significant,Persistent
NGP_CELL_442,2024,21.19077,79.06064,Ward 5 (Dhantoli),24.24,-3.16,0.297,-0.046,-0.495,0.139,Crop,0.84,31.38,135.97,309.0,2291.8,574.3,598.1,87.2,Cold Spot,Diminishing
NGP_CELL_443,2019,21.15406,79.11519,Ward 4 (Hanuman Nagar),25.11,-3.45,0.255,-0.128,-0.292,0.126,Crop,0.71,30.88,171.42,291.9,746.1,2620.6,337.8,98.9,Not Significant,Persistent
NGP_CELL_443,2020,21.15406,79.11519,Ward 4 (Hanuman Nagar),27.99,-2.64,0.294,-0.084,-0.372,0.17,Tree,0.81,37.12,185.04,291.9,746.1,2620.6,337.8,94.4,Not Significant,Persistent
NGP_CELL_443,2021,21.15406,79.11519,Ward 4 (Hanuman Nagar),24.11,-4.63,0.336,-0.207,-0.259,0.099,Crop,0.76,25.04,113.63,291.9,746.1,2620.6,337.8,94.3,Not Significant,Persistent
NGP_CELL_443,2022,21.15406,79.11519,Ward 4 (Hanuman Nagar),28.02,-2.1,0.304,0.137,-0.529,0.111,Bare,0.87,45.3,182.17,291.9,746.1,2620.6,337.8,90.6,Not Significant,Sporadic
NGP_CELL_443,2023,21.15406,79.11519,Ward 4 (Hanuman Nagar),28.46,-1.2,0.251,0.219,-0.552,0.202,Built-up,0.81,59.88,202.09,291.9,746.1,2620.6,337.8,94.7,Not Significant,Diminishing
NGP_CELL_443,2024,21.15406,79.11519,Ward 4 (Hanuman Nagar),28.13,-1.21,0.233,0.201,-0.536,0.223,Built-up,0.82,54.6,62.29,291.9,746.1,2620.6,337.8,96.1,Not Significant,Persistent
NGP_CELL_444,2019,21.07648,79.11379,Ward 6 (Satranjipura),26.35,-2.83,0.18,-0.001,-0.493,0.093,Bare,0.85,44.65,174.08,280.4,1011.5,1220.1,161.5,89.1,Not Significant,Sporadic
NGP_CELL_444,2020,21.07648,79.11379,Ward 6 (Satranjipura),32.99,-0.14,0.063,0.339,-0.519,0.132,Built-up,0.94,71.06,97.26,280.4,1011.5,1220.1,161.5,98.7,Hot Spot,Persistent
NGP_CELL_444,2021,21.07648,79.11379,Ward 6 (Satranjipura),28.79,-2.29,0.331,0.089,-0.419,0.146,Tree,0.98,41.35,190.69,280.4,1011.5,1220.1,161.5,88.9,Not Significant,Persistent
NGP_CELL_444,2022,21.07648,79.11379,Ward 6 (Satranjipura),25.62,-3.29,0.409,0.063,-0.491,0.118,Bare,0.67,37.52,123.21,280.4,1011.5,1220.1,161.5,95.2,Cold Spot,Diminishing
NGP_CELL_444,2023,21.07648,79.11379,Ward 6 (Satranjipura),25.41,-2.72,0.276,0.1,-0.283,0.203,Built-up,0.92,51.77,83.03,280.4,1011.5,1220.1,161.5,96.5,Cold Spot,Sporadic
NGP_CELL_444,2024,21.07648,79.11379,Ward 6 (Satranjipura),23.21,-3.68,0.392,-0.091,-0.253,0.091,Crop,0.72,36.09,111.94,280.4,1011.5,1220.1,161.5,99.6,Hot Spot,Emerging
NGP_CELL_445,2019,21.17848,79.14009,Ward 6 (Satranjipura),27.03,-2.48,0.304,0.104,-0.347,0.226,Built-up,0.67,56.07,27.65,288.7,330.0,2685.5,460.5,96.7,Cold Spot,Persistent
NGP_CELL_445,2020,21.17848,79.14009,Ward 6 (Satranjipura),23.21,-5.03,0.491,-0.282,-0.445,0.142,Crop,0.67,15.56,165.43,288.7,330.0,2685.5,460.5,90.3,Not Significant,Persistent
NGP_CELL_445,2021,21.17848,79.14009,Ward 6 (Satranjipura),31.38,-0.99,0.134,0.287,-0.481,0.149,Built-up,0.84,72.87,194.42,288.7,330.0,2685.5,460.5,90.8,Not Significant,Sporadic
NGP_CELL_445,2022,21.17848,79.14009,Ward 6 (Satranjipura),28.03,-2.09,0.135,0.061,-0.4,0.209,Built-up,0.82,53.88,74.27,288.7,330.0,2685.5,460.5,88.7,Not Significant,Persistent
NGP_CELL_445,2023,21.17848,79.14009,Ward 6 (Satranjipura),29.9,-0.48,0.138,0.458,-0.288,0.201,Built-up,0.66,77.11,36.2,288.7,330.0,2685.5,460.5,88.2,Hot Spot,Persistent
NGP_CELL_445,2024,21.17848,79.14009,Ward 6 (Satranjipura),26.95,-1.8,0.244,0.09,-0.211,0.133,Tree,0.68,43.89,96.02,288.7,330.0,2685.5,460.5,87.5,Not Significant,Sporadic
NGP_CELL_446,2019,21.18853,79.13075,Ward 9 (Nehru Nagar),27.69,-2.15,0.245,0.053,-0.343,0.131,Crop,0.84,49.65,125.75,314.2,4766.6,1659.2,618.5,99.3,Cold Spot,Emerging
NGP_CELL_446,2020,21.18853,79.13075,Ward 9 (Nehru Nagar),27.41,-2.92,0.352,0.009,-0.58,0.118,Crop,0.69,37.48,92.14,314.2,4766.6,1659.2,618.5,85.6,Cold Spot,Persistent
NGP_CELL_446,2021,21.18853,79.13075,Ward 9 (Nehru Nagar),27.99,-2.69,0.305,-0.105,-0.227,0.093,Crop,0.95,37.41,142.6,314.2,4766.6,1659.2,618.5,86.8,Not Significant,Diminishing
NGP_CELL_446,2022,21.18853,79.13075,Ward 9 (Nehru Nagar),25.34,-3.44,0.299,-0.06,-0.471,0.107,Tree,0.9,26.24,216.01,314.2,4766.6,1659.2,618.5,85.7,Cold Spot,Persistent
NGP_CELL_446,2023,21.18853,79.13075,Ward 9 (Nehru Nagar),27.56,-1.65,0.209,0.249,-0.392,0.198,Built-up,0.81,62.89,177.99,314.2,4766.6,1659.2,618.5,86.1,Cold Spot,Diminishing
NGP_CELL_446,2024,21.18853,79.13075,Ward 9 (Nehru Nagar),27.88,-1.34,0.201,0.187,-0.451,0.209,Built-up,0.77,50.35,43.6,314.2,4766.6,1659.2,618.5,94.5,Not Significant,Persistent
NGP_CELL_447,2019,21.12102,79.05312,Ward 7 (Mangalwari),30.89,-0.55,0.089,0.184,-0.214,0.163,Built-up,0.93,66.58,182.2,297.1,4849.0,2644.2,371.9,95.0,Not Significant,Persistent
NGP_CELL_447,2020,21.12102,79.05312,Ward 7 (Mangalwari),26.96,-3.15,0.389,-0.011,-0.576,0.151,Crop,0.8,33.49,109.63,297.1,4849.0,2644.2,371.9,90.7,Cold Spot,Sporadic
NGP_CELL_447,2021,21.12102,79.05312,Ward 7 (Mangalwari),28.27,-2.55,0.258,0.022,-0.503,0.17,Bare,0.9,44.86,163.63,297.1,4849.0,2644.2,371.9,86.7,Cold Spot,Emerging
NGP_CELL_447,2022,21.12102,79.05312,Ward 7 (Mangalwari),24.77,-3.72,0.3,-0.179,-0.434,0.15,Tree,0.97,30.4,209.49,297.1,4849.0,2644.2,371.9,99.4,Cold Spot,Persistent
NGP_CELL_447,2023,21.12102,79.05312,Ward 7 (Mangalwari),28.91,-0.98,0.149,0.187,-0.211,0.236,Built-up,0.76,53.96,208.32,297.1,4849.0,2644.2,371.9,85.7,Not Significant,Emerging
NGP_CELL_447,2024,21.12102,79.05312,Ward 7 (Mangalwari),32.37,0.91,-0.01,0.531,-0.214,0.2,Built-up,0.81,86.77,43.96,297.1,4849.0,2644.2,371.9,88.8,Hot Spot,Persistent
NGP_CELL_448,2019,21.15129,79.13894,Ward 3 (Dharampeth),22.35,-4.83,0.438,-0.247,-0.244,0.085,Crop,0.82,20.52,55.83,285.3,3059.8,2052.2,559.0,98.3,Cold Spot,Sporadic
NGP_CELL_448,2020,21.15129,79.13894,Ward 3 (Dharampeth),30.31,-1.48,0.216,0.237,-0.507,0.155,Built-up,0.82,61.96,101.55,285.3,3059.8,2052.2,559.0,98.8,Not Significant,Emerging
NGP_CELL_448,2021,21.15129,79.13894,Ward 3 (Dharampeth),30.05,-1.66,0.35,0.116,-0.212,0.122,Crop,0.73,41.84,131.69,285.3,3059.8,2052.2,559.0,95.9,Cold Spot,Persistent
NGP_CELL_448,2022,21.15129,79.13894,Ward 3 (Dharampeth),26.49,-2.86,0.349,-0.002,-0.327,0.153,Grass,0.96,36.94,161.63,285.3,3059.8,2052.2,559.0,95.4,Not Significant,Sporadic
NGP_CELL_448,2023,21.15129,79.13894,Ward 3 (Dharampeth),27.02,-1.92,0.191,0.134,-0.265,0.167,Crop,0.74,46.07,42.92,285.3,3059.8,2052.2,559.0,89.7,Cold Spot,Sporadic
NGP_CELL_448,2024,21.15129,79.13894,Ward 3 (Dharampeth),25.96,-2.3,0.276,0.18,-0.232,0.241,Built-up,0.67,53.94,80.61,285.3,3059.8,2052.2,559.0,92.8,Cold Spot,Sporadic
NGP_CELL_449,2019,21.168,79.08807,Ward 1 (Lakadganj),24.6,-3.7,0.344,-0.183,-0.375,0.141,Tree,0.71,23.89,150.33,305.8,4036.9,2196.4,493.3,89.2,Not Significant,Persistent
NGP_CELL_449,2020,21.168,79.08807,Ward 1 (Lakadganj),30.82,-1.22,0.165,0.159,-0.328,0.208,Built-up,0.67,64.06,76.87,305.8,4036.9,2196.4,493.3,94.2,Not Significant,Persistent
NGP_CELL_449,2021,21.168,79.08807,Ward 1 (Lakadganj),33.31,-0.02,0.262,0.277,-0.477,0.235,Built-up,0.85,66.36,49.24,305.8,4036.9,2196.4,493.3,99.2,Not Significant,Persistent
NGP_CELL_449,2022,21.168,79.08807,Ward 1 (Lakadganj),27.39,-2.41,0.311,0.001,-0.512,0.148,Crop,0.91,47.44,63.63,305.8,4036.9,2196.4,493.3,94.2,Not Significant,Persistent
NGP_CELL_449,2023,21.168,79.08807,Ward 1 (Lakadganj),31.92,0.53,0.1,0.424,-0.383,0.16,Built-up,0.97,73.47,143.24,305.8,4036.9,2196.4,493.3,94.1,Not Significant,Sporadic
NGP_CELL_449,2024,21.168,79.08807,Ward 1 (Lakadganj),25.34,-2.61,0.21,0.109,-0.227,0.119,Grass,0.85,44.7,60.55,305.8,4036.9,2196.4,493.3,93.3,Cold Spot,Sporadic
NGP_CELL_450,2019,21.19777,79.11836,Ward 1 (Lakadganj),25.76,-3.12,0.347,-0.032,-0.382,0.09,Grass,0.95,28.64,179.44,303.8,549.3,1777.9,187.3,89.7,Cold Spot,Sporadic
NGP_CELL_450,2020,21.19777,79.11836,Ward 1 (Lakadganj),24.05,-4.61,0.316,-0.312,-0.25,0.111,Crop,0.84,17.35,104.1,303.8,549.3,1777.9,187.3,92.0,Not Significant,Sporadic
NGP_CELL_450,2021,21.19777,79.11836,Ward 1 (Lakadganj),24.34,-4.51,0.365,-0.273,-0.356,0.146,Bare,0.71,16.52,42.83,303.8,549.3,1777.9,187.3,99.1,Not Significant,Emerging
NGP_CELL_450,2022,21.19777,79.11836,Ward 1 (Lakadganj),30.06,-1.07,0.113,0.208,-0.398,0.202,Built-up,0.66,61.96,98.87,303.8,549.3,1777.9,187.3,89.1,Not Significant,Emerging
NGP_CELL_450,2023,21.19777,79.11836,Ward 1 (Lakadganj),23.2,-3.83,0.43,-0.089,-0.292,0.155,Tree,0.9,27.32,100.67,303.8,549.3,1777.9,187.3,99.5,Cold Spot,Persistent
NGP_CELL_450,2024,21.19777,79.11836,Ward 1 (Lakadganj),27.35,-1.61,0.253,0.109,-0.498,0.171,Tree,0.74,42.32,199.61,303.8,549.3,1777.9,187.3,93.9,Not Significant,Persistent
NGP_CELL_451,2019,21.17103,79.14557,Ward 2 (Ashinagar),24.31,-3.85,-0.073,-0.321,0.459,0.18,Water,0.78,17.6,127.59,284.8,172.3,1601.3,538.2,94.4,Not Significant,Sporadic
NGP_CELL_451,2020,21.17103,79.14557,Ward 2 (Ashinagar),30.21,-1.53,-0.17,-0.106,0.763,0.092,Water,0.96,31.96,137.28,284.8,172.3,1601.3,538.2,85.6,Not Significant,Persistent
NGP_CELL_451,2021,21.17103,79.14557,Ward 2 (Ashinagar),29.72,-1.82,0.263,0.174,-0.272,0.239,Built-up,0.89,58.28,95.9,284.8,172.3,1601.3,538.2,93.6,Not Significant,Sporadic
NGP_CELL_451,2022,21.17103,79.14557,Ward 2 (Ashinagar),34.29,1.04,0.064,0.423,-0.23,0.186,Built-up,0.9,74.69,174.57,284.8,172.3,1601.3,538.2,94.8,Hot Spot,Emerging
NGP_CELL_451,2023,21.17103,79.14557,Ward 2 (Ashinagar),27.84,-1.51,0.25,0.179,-0.588,0.151,Built-up,0.67,53.94,209.45,284.8,172.3,1601.3,538.2,99.2,Not Significant,Sporadic
NGP_CELL_451,2024,21.17103,79.14557,Ward 2 (Ashinagar),29.17,-0.7,0.177,0.331,-0.233,0.166,Built-up,0.77,66.77,213.19,284.8,172.3,1601.3,538.2,91.9,Not Significant,Persistent
NGP_CELL_452,2019,21.16758,79.06813,Ward 9 (Nehru Nagar),24.75,-3.63,0.398,-0.026,-0.203,0.144,Crop,0.87,39.49,151.75,297.9,2099.3,2271.1,742.5,88.1,Not Significant,Persistent
NGP_CELL_452,2020,21.16758,79.06813,Ward 9 (Nehru Nagar),23.28,-4.99,0.446,-0.26,-0.384,0.126,Tree,0.66,20.2,132.14,297.9,2099.3,2271.1,742.5,89.9,Not Significant,Emerging
NGP_CELL_452,2021,21.16758,79.06813,Ward 9 (Nehru Nagar),24.48,-4.44,0.405,-0.211,-0.436,0.133,Tree,0.71,19.27,210.92,297.9,2099.3,2271.1,742.5,93.6,Not Significant,Persistent
NGP_CELL_452,2022,21.16758,79.06813,Ward 9 (Nehru Nagar),29.22,-1.5,0.187,0.181,-0.568,0.197,Built-up,0.8,59.23,94.27,297.9,2099.3,2271.1,742.5,91.3,Cold Spot,Emerging
NGP_CELL_452,2023,21.16758,79.06813,Ward 9 (Nehru Nagar),20.43,-5.22,0.48,-0.246,-0.37,0.125,Bare,0.96,17.09,169.5,297.9,2099.3,2271.1,742.5,87.2,Cold Spot,Diminishing
NGP_CELL_452,2024,21.16758,79.06813,Ward 9 (Nehru Nagar),27.55,-1.5,0.271,0.082,-0.576,0.105,Tree,0.75,42.03,165.23,297.9,2099.3,2271.1,742.5,90.6,Cold Spot,Emerging
NGP_CELL_453,2019,21.1217,79.04747,Ward 4 (Hanuman Nagar),31.93,-0.04,0.171,0.173,-0.475,0.179,Built-up,0.66,50.12,105.62,303.8,4703.7,2995.6,349.0,87.0,Not Significant,Persistent
NGP_CELL_453,2020,21.1217,79.04747,Ward 4 (Hanuman Nagar),24.37,-4.45,0.407,-0.168,-0.46,0.175,Bare,0.71,14.93,176.89,303.8,4703.7,2995.6,349.0,86.5,Not Significant,Persistent
NGP_CELL_453,2021,21.1217,79.04747,Ward 4 (Hanuman Nagar),31.41,-0.98,0.121,0.186,-0.202,0.122,Built-up,0.8,60.52,91.95,303.8,4703.7,2995.6,349.0,93.0,Not Significant,Diminishing
NGP_CELL_453,2022,21.1217,79.04747,Ward 4 (Hanuman Nagar),27.09,-2.56,0.335,0.03,-0.481,0.122,Crop,0.75,43.41,201.18,303.8,4703.7,2995.6,349.0,97.5,Not Significant,Emerging
NGP_CELL_453,2023,21.1217,79.04747,Ward 4 (Hanuman Nagar),25.08,-2.89,0.374,-0.052,-0.495,0.171,Bare,0.68,28.55,123.59,303.8,4703.7,2995.6,349.0,91.0,Not Significant,Emerging
NGP_CELL_453,2024,21.1217,79.04747,Ward 4 (Hanuman Nagar),31.18,0.31,0.065,0.26,-0.585,0.167,Built-up,0.74,67.77,184.67,303.8,4703.7,2995.6,349.0,87.2,Not Significant,Persistent
NGP_CELL_454,2019,21.07673,79.019,Ward 9 (Nehru Nagar),27.39,-2.3,-0.167,-0.115,0.621,0.173,Water,0.74,20.58,50.38,285.1,109.0,1917.5,698.9,93.7,Cold Spot,Sporadic
NGP_CELL_454,2020,21.07673,79.019,Ward 9 (Nehru Nagar),28.74,-2.26,-0.132,-0.151,0.459,0.103,Water,0.68,30.05,80.21,285.1,109.0,1917.5,698.9,88.8,Not Significant,Persistent
NGP_CELL_454,2021,21.07673,79.019,Ward 9 (Nehru Nagar),27.43,-2.97,-0.27,-0.138,0.602,0.132,Water,0.97,19.75,172.69,285.1,109.0,1917.5,698.9,89.9,Not Significant,Persistent
NGP_CELL_454,2022,21.07673,79.019,Ward 9 (Nehru Nagar),27.64,-2.29,0.309,0.066,-0.533,0.122,Built-up,0.72,54.85,94.05,285.1,109.0,1917.5,698.9,89.0,Cold Spot,Sporadic
NGP_CELL_454,2023,21.07673,79.019,Ward 9 (Nehru Nagar),30.59,-0.14,0.12,0.337,-0.47,0.227,Built-up,0.7,75.75,78.15,285.1,109.0,1917.5,698.9,93.1,Not Significant,Sporadic
NGP_CELL_454,2024,21.07673,79.019,Ward 9 (Nehru Nagar),31.72,0.58,0.022,0.456,-0.454,0.174,Built-up,0.85,82.46,107.3,285.1,109.0,1917.5,698.9,85.8,Not Significant,Persistent
NGP_CELL_455,2019,21.13699,79.13075,Ward 6 (Satranjipura),28.43,-1.79,0.313,0.075,-0.226,0.135,Crop,0.77,38.62,92.01,303.4,252.9,2816.3,264.4,95.2,Not Significant,Diminishing
NGP_CELL_455,2020,21.13699,79.13075,Ward 6 (Satranjipura),31.31,-0.97,0.098,0.225,-0.471,0.241,Built-up,0.78,70.8,178.29,303.4,252.9,2816.3,264.4,91.8,Not Significant,Persistent
NGP_CELL_455,2021,21.13699,79.13075,Ward 6 (Satranjipura),24.84,-4.26,0.388,-0.152,-0.304,0.123,Tree,0.76,33.92,186.5,303.4,252.9,2816.3,264.4,87.0,Not Significant,Persistent
NGP_CELL_455,2022,21.13699,79.13075,Ward 6 (Satranjipura),23.49,-4.36,0.425,-0.143,-0.238,0.159,Bare,0.89,33.37,110.94,303.4,252.9,2816.3,264.4,90.8,Cold Spot,Persistent
NGP_CELL_455,2023,21.13699,79.13075,Ward 6 (Satranjipura),28.78,-1.04,0.087,0.22,-0.227,0.207,Built-up,0.86,64.83,139.47,303.4,252.9,2816.3,264.4,87.6,Not Significant,Emerging
NGP_CELL_455,2024,21.13699,79.13075,Ward 6 (Satranjipura),26.51,-2.03,0.314,0.147,-0.525,0.1,Tree,0.67,46.28,199.71,303.4,252.9,2816.3,264.4,94.0,Not Significant,Persistent
NGP_CELL_456,2019,21.07314,79.01755,Ward 5 (Dhantoli),21.9,-5.05,0.415,-0.264,-0.327,0.16,Tree,0.95,20.46,109.23,317.7,2436.7,2543.9,172.9,87.3,Cold Spot,Persistent
NGP_CELL_456,2020,21.07314,79.01755,Ward 5 (Dhantoli),28.38,-2.44,0.331,-0.014,-0.342,0.157,Tree,0.97,42.99,143.44,317.7,2436.7,2543.9,172.9,99.8,Not Significant,Sporadic
NGP_CELL_456,2021,21.07314,79.01755,Ward 5 (Dhantoli),27.76,-2.8,0.368,-0.014,-0.443,0.117,Tree,0.65,39.12,129.41,317.7,2436.7,2543.9,172.9,99.0,Not Significant,Persistent
NGP_CELL_456,2022,21.07314,79.01755,Ward 5 (Dhantoli),25.49,-3.36,0.439,-0.107,-0.392,0.083,Grass,0.82,26.41,180.82,317.7,2436.7,2543.9,172.9,91.0,Not Significant,Emerging
NGP_CELL_456,2023,21.07314,79.01755,Ward 5 (Dhantoli),26.5,-2.18,0.288,0.057,-0.209,0.158,Crop,0.95,42.07,76.87,317.7,2436.7,2543.9,172.9,96.2,Cold Spot,Persistent
NGP_CELL_456,2024,21.07314,79.01755,Ward 5 (Dhantoli),27.14,-1.71,0.279,0.201,-0.357,0.208,Built-up,0.94,61.18,88.58,317.7,2436.7,2543.9,172.9,99.9,Not Significant,Emerging
NGP_CELL_457,2019,21.19846,79.0091,Ward 2 (Ashinagar),26.68,-2.66,0.281,-0.005,-0.304,0.149,Tree,0.76,44.9,140.39,283.2,4131.4,1957.7,479.5,90.5,Cold Spot,Sporadic
NGP_CELL_457,2020,21.19846,79.0091,Ward 2 (Ashinagar),24.03,-4.62,0.329,-0.233,-0.498,0.168,Tree,0.94,15.68,110.98,283.2,4131.4,1957.7,479.5,99.8,Not Significant,Persistent
NGP_CELL_457,2021,21.19846,79.0091,Ward 2 (Ashinagar),24.76,-4.3,0.431,-0.131,-0.526,0.141,Grass,0.86,27.1,69.02,283.2,4131.4,1957.7,479.5,88.6,Not Significant,Persistent
NGP_CELL_457,2022,21.19846,79.0091,Ward 2 (Ashinagar),27.09,-2.56,0.301,0.07,-0.235,0.231,Built-up,0.96,51.18,152.3,283.2,4131.4,1957.7,479.5,87.0,Not Significant,Persistent
NGP_CELL_457,2023,21.19846,79.0091,Ward 2 (Ashinagar),31.96,0.55,0.109,0.36,-0.384,0.186,Built-up,0.95,66.69,72.73,283.2,4131.4,1957.7,479.5,97.3,Not Significant,Diminishing
NGP_CELL_457,2024,21.19846,79.0091,Ward 2 (Ashinagar),28.75,-0.91,0.247,0.286,-0.495,0.23,Built-up,0.98,70.33,168.32,283.2,4131.4,1957.7,479.5,89.3,Not Significant,Diminishing
NGP_CELL_458,2019,21.12458,79.06156,Ward 4 (Hanuman Nagar),29.24,-1.38,0.165,0.271,-0.555,0.239,Built-up,0.72,59.95,198.93,281.0,2945.9,2953.7,757.9,96.4,Not Significant,Sporadic
NGP_CELL_458,2020,21.12458,79.06156,Ward 4 (Hanuman Nagar),30.43,-1.42,0.167,0.25,-0.578,0.134,Built-up,0.84,71.65,116.93,281.0,2945.9,2953.7,757.9,98.5,Not Significant,Persistent
NGP_CELL_458,2021,21.12458,79.06156,Ward 4 (Hanuman Nagar),28.68,-2.34,0.259,0.086,-0.381,0.154,Crop,0.66,49.86,44.07,281.0,2945.9,2953.7,757.9,96.9,Not Significant,Sporadic
NGP_CELL_458,2022,21.12458,79.06156,Ward 4 (Hanuman Nagar),25.65,-3.28,0.336,0.039,-0.485,0.175,Grass,0.75,46.35,136.88,281.0,2945.9,2953.7,757.9,89.0,Cold Spot,Sporadic
NGP_CELL_458,2023,21.12458,79.06156,Ward 4 (Hanuman Nagar),21.56,-4.65,0.449,-0.162,-0.437,0.165,Crop,0.81,22.31,121.32,281.0,2945.9,2953.7,757.9,93.9,Cold Spot,Persistent
NGP_CELL_458,2024,21.12458,79.06156,Ward 4 (Hanuman Nagar),27.41,-1.58,0.07,0.24,-0.398,0.178,Built-up,0.92,66.52,156.17,281.0,2945.9,2953.7,757.9,98.4,Hot Spot,Emerging
NGP_CELL_459,2019,21.14786,79.05736,Ward 3 (Dharampeth),27.8,-2.1,0.338,-0.076,-0.427,0.173,Bare,0.91,28.41,111.03,289.6,4004.3,203.0,451.9,92.9,Cold Spot,Persistent
NGP_CELL_459,2020,21.14786,79.05736,Ward 3 (Dharampeth),24.92,-4.17,0.493,-0.164,-0.498,0.135,Grass,0.84,17.58,76.4,289.6,4004.3,203.0,451.9,92.6,Cold Spot,Persistent
NGP_CELL_459,2021,21.14786,79.05736,Ward 3 (Dharampeth),27.01,-3.18,0.364,-0.114,-0.537,0.107,Crop,0.94,25.26,85.58,289.6,4004.3,203.0,451.9,85.6,Not Significant,Persistent
NGP_CELL_459,2022,21.14786,79.05736,Ward 3 (Dharampeth),27.77,-2.22,0.17,0.032,-0.429,0.123,Tree,0.81,46.07,162.54,289.6,4004.3,203.0,451.9,86.2,Not Significant,Persistent
NGP_CELL_459,2023,21.14786,79.05736,Ward 3 (Dharampeth),28.42,-1.22,0.242,0.253,-0.281,0.19,Built-up,0.94,61.92,139.42,289.6,4004.3,203.0,451.9,87.1,Hot Spot,Persistent
NGP_CELL_459,2024,21.14786,79.05736,Ward 3 (Dharampeth),24.17,-3.2,0.345,0.017,-0.398,0.145,Tree,0.87,35.03,167.21,289.6,4004.3,203.0,451.9,94.0,Not Significant,Persistent
NGP_CELL_460,2019,21.10599,79.00759,Ward 1 (Lakadganj),29.72,-1.14,0.182,0.205,-0.342,0.14,Built-up,0.89,56.89,137.37,315.7,1729.5,526.9,401.4,90.7,Cold Spot,Diminishing
NGP_CELL_460,2020,21.10599,79.00759,Ward 1 (Lakadganj),28.44,-2.41,0.19,-0.052,-0.355,0.128,Crop,0.85,41.98,188.49,315.7,1729.5,526.9,401.4,88.9,Not Significant,Diminishing
NGP_CELL_460,2021,21.10599,79.00759,Ward 1 (Lakadganj),31.97,-0.7,0.139,0.261,-0.383,0.197,Built-up,0.78,64.02,160.59,315.7,1729.5,526.9,401.4,96.3,Cold Spot,Persistent
NGP_CELL_460,2022,21.10599,79.00759,Ward 1 (Lakadganj),30.01,-1.1,0.128,0.198,-0.329,0.25,Built-up,0.85,55.28,195.27,315.7,1729.5,526.9,401.4,96.9,Not Significant,Emerging
NGP_CELL_460,2023,21.10599,79.00759,Ward 1 (Lakadganj),25.55,-2.66,0.162,0.133,-0.571,0.151,Built-up,0.97,63.08,81.31,315.7,1729.5,526.9,401.4,99.7,Not Significant,Persistent
NGP_CELL_460,2024,21.10599,79.00759,Ward 1 (Lakadganj),30.21,-0.17,0.065,0.35,-0.352,0.229,Built-up,0.74,72.2,101.7,315.7,1729.5,526.9,401.4,92.4,Not Significant,Emerging
NGP_CELL_461,2019,21.1977,79.09899,Ward 10 (Sanjay Gandhi Nagar),27.69,-2.16,0.275,0.069,-0.581,0.127,Tree,0.84,41.13,194.12,300.0,3373.9,346.7,799.9,87.2,Not Significant,Persistent
NGP_CELL_461,2020,21.1977,79.09899,Ward 10 (Sanjay Gandhi Nagar),33.14,-0.06,0.111,0.386,-0.298,0.229,Built-up,0.73,70.66,95.53,300.0,3373.9,346.7,799.9,96.7,Not Significant,Diminishing
NGP_CELL_461,2021,21.1977,79.09899,Ward 10 (Sanjay Gandhi Nagar),25.61,-3.88,0.405,-0.075,-0.556,0.175,Crop,0.75,29.36,93.92,300.0,3373.9,346.7,799.9,85.7,Cold Spot,Persistent
NGP_CELL_461,2022,21.1977,79.09899,Ward 10 (Sanjay Gandhi Nagar),24.85,-3.68,0.354,-0.063,-0.378,0.11,Bare,0.79,37.63,38.74,300.0,3373.9,346.7,799.9,94.5,Not Significant,Persistent
NGP_CELL_461,2023,21.1977,79.09899,Ward 10 (Sanjay Gandhi Nagar),22.73,-4.07,0.466,-0.164,-0.296,0.095,Crop,0.96,26.27,109.47,300.0,3373.9,346.7,799.9,85.1,Not Significant,Persistent
NGP_CELL_461,2024,21.1977,79.09899,Ward 10 (Sanjay Gandhi Nagar),27.92,-1.32,0.141,0.217,-0.521,0.213,Built-up,0.71,57.56,76.67,300.0,3373.9,346.7,799.9,95.6,Not Significant,Persistent
NGP_CELL_462,2019,21.17973,79.06697,Ward 3 (Dharampeth),22.17,-4.91,0.514,-0.205,-0.509,0.135,Tree,0.83,13.07,80.14,300.1,4364.9,2715.8,412.6,95.7,Cold Spot,Diminishing
NGP_CELL_462,2020,21.17973,79.06697,Ward 3 (Dharampeth),29.61,-1.83,0.244,0.087,-0.338,0.129,Bare,0.88,40.78,122.29,300.1,4364.9,2715.8,412.6,97.8,Not Significant,Diminishing
NGP_CELL_462,2021,21.17973,79.06697,Ward 3 (Dharampeth),31.48,-0.94,0.029,0.262,-0.315,0.231,Built-up,0.8,74.42,71.44,300.1,4364.9,2715.8,412.6,99.7,Not Significant,Sporadic
NGP_CELL_462,2022,21.17973,79.06697,Ward 3 (Dharampeth),29.79,-1.21,0.23,0.253,-0.26,0.217,Built-up,0.9,70.17,144.62,300.1,4364.9,2715.8,412.6,99.9,Not Significant,Persistent
NGP_CELL_462,2023,21.17973,79.06697,Ward 3 (Dharampeth),29.94,-0.46,0.235,0.269,-0.584,0.187,Built-up,0.66,58.2,166.47,300.1,4364.9,2715.8,412.6,87.4,Not Significant,Sporadic
NGP_CELL_462,2024,21.17973,79.06697,Ward 3 (Dharampeth),23.07,-3.74,0.358,-0.052,-0.356,0.171,Crop,0.84,38.19,48.37,300.1,4364.9,2715.8,412.6,88.5,Not Significant,Emerging
NGP_CELL_463,2019,21.06569,79.08481,Ward 7 (Mangalwari),26.49,-2.76,0.399,0.03,-0.352,0.088,Bare,0.83,39.61,62.23,280.5,1235.9,1776.3,366.2,88.1,Not Significant,Emerging
NGP_CELL_463,2020,21.06569,79.08481,Ward 7 (Mangalwari),32.78,-0.24,0.089,0.219,-0.575,0.213,Built-up,0.93,68.43,77.06,280.5,1235.9,1776.3,366.2,95.8,Cold Spot,Emerging
NGP_CELL_463,2021,21.06569,79.08481,Ward 7 (Mangalwari),26.62,-3.37,0.389,-0.02,-0.578,0.16,Grass,0.81,30.3,88.66,280.5,1235.9,1776.3,366.2,88.0,Not Significant,Emerging
NGP_CELL_463,2022,21.06569,79.08481,Ward 7 (Mangalwari),24.0,-4.11,0.41,-0.234,-0.379,0.143,Bare,0.87,23.78,94.98,280.5,1235.9,1776.3,366.2,97.9,Not Significant,Emerging
NGP_CELL_463,2023,21.06569,79.08481,Ward 7 (Mangalwari),25.53,-2.67,0.332,-0.079,-0.232,0.161,Grass,0.92,28.0,102.07,280.5,1235.9,1776.3,366.2,87.2,Not Significant,Persistent
NGP_CELL_463,2024,21.06569,79.08481,Ward 7 (Mangalwari),27.15,-1.7,0.281,0.093,-0.228,0.212,Built-up,0.78,50.85,57.37,280.5,1235.9,1776.3,366.2,89.9,Cold Spot,Emerging
NGP_CELL_464,2019,21.14864,79.07254,Ward 2 (Ashinagar),28.8,-1.6,0.253,0.173,-0.292,0.205,Built-up,0.68,54.38,94.01,311.1,1167.3,702.7,579.2,92.7,Cold Spot,Emerging
NGP_CELL_464,2020,21.14864,79.07254,Ward 2 (Ashinagar),26.74,-3.26,0.274,-0.057,-0.555,0.171,Grass,0.72,25.53,104.33,311.1,1167.3,702.7,579.2,93.5,Not Significant,Sporadic
NGP_CELL_464,2021,21.14864,79.07254,Ward 2 (Ashinagar),32.3,-0.53,0.22,0.248,-0.278,0.23,Built-up,0.77,65.95,144.19,311.1,1167.3,702.7,579.2,87.9,Not Significant,Persistent
NGP_CELL_464,2022,21.14864,79.07254,Ward 2 (Ashinagar),33.31,0.55,0.013,0.361,-0.391,0.152,Built-up,0.74,80.78,182.43,311.1,1167.3,702.7,579.2,99.6,Hot Spot,Persistent
NGP_CELL_464,2023,21.14864,79.07254,Ward 2 (Ashinagar),27.92,-1.47,0.159,0.244,-0.234,0.187,Built-up,0.95,61.72,212.0,311.1,1167.3,702.7,579.2,87.2,Not Significant,Persistent
NGP_CELL_464,2024,21.14864,79.07254,Ward 2 (Ashinagar),26.5,-2.03,0.218,0.118,-0.523,0.161,Grass,0.72,44.78,157.97,311.1,1167.3,702.7,579.2,95.7,Not Significant,Emerging
NGP_CELL_465,2019,21.08508,79.13681,Ward 5 (Dhantoli),22.38,-4.81,0.453,-0.278,-0.246,0.167,Tree,0.84,20.91,179.84,291.3,4687.9,618.3,134.9,89.4,Not Significant,Persistent
NGP_CELL_465,2020,21.08508,79.13681,Ward 5 (Dhantoli),27.2,-3.03,0.3,-0.076,-0.332,0.1,Tree,0.68,26.36,197.67,291.3,4687.9,618.3,134.9,92.2,Not Significant,Sporadic
NGP_CELL_465,2021,21.08508,79.13681,Ward 5 (Dhantoli),25.35,-4.01,0.423,-0.164,-0.437,0.167,Tree,0.93,25.26,57.72,291.3,4687.9,618.3,134.9,91.4,Cold Spot,Diminishing
NGP_CELL_465,2022,21.08508,79.13681,Ward 5 (Dhantoli),24.88,-3.67,0.409,-0.058,-0.457,0.084,Crop,0.82,29.48,32.47,291.3,4687.9,618.3,134.9,98.2,Not Significant,Emerging
NGP_CELL_465,2023,21.08508,79.13681,Ward 5 (Dhantoli),27.44,-1.71,0.178,0.14,-0.448,0.121,Built-up,0.97,63.85,84.19,291.3,4687.9,618.3,134.9,89.9,Cold Spot,Persistent
NGP_CELL_465,2024,21.08508,79.13681,Ward 5 (Dhantoli),26.93,-1.82,0.283,0.253,-0.464,0.176,Built-up,0.7,58.49,124.76,291.3,4687.9,618.3,134.9,99.2,Not Significant,Persistent
NGP_CELL_466,2019,21.1907,79.00212,Ward 9 (Nehru Nagar),27.68,-2.16,0.251,0.151,-0.226,0.191,Built-up,0.83,62.14,153.24,291.5,1353.8,1855.0,621.5,92.0,Not Significant,Persistent
NGP_CELL_466,2020,21.1907,79.00212,Ward 9 (Nehru Nagar),32.84,-0.21,0.237,0.317,-0.311,0.136,Built-up,0.88,71.47,187.02,291.5,1353.8,1855.0,621.5,95.2,Hot Spot,Sporadic
NGP_CELL_466,2021,21.1907,79.00212,Ward 9 (Nehru Nagar),32.42,-0.47,0.041,0.253,-0.29,0.137,Built-up,0.89,74.43,44.92,291.5,1353.8,1855.0,621.5,97.9,Not Significant,Emerging
NGP_CELL_466,2022,21.1907,79.00212,Ward 9 (Nehru Nagar),30.65,-0.78,0.124,0.241,-0.556,0.192,Built-up,0.77,70.15,77.19,291.5,1353.8,1855.0,621.5,93.3,Not Significant,Persistent
NGP_CELL_466,2023,21.1907,79.00212,Ward 9 (Nehru Nagar),25.47,-2.7,0.232,0.029,-0.597,0.16,Tree,0.96,45.99,114.51,291.5,1353.8,1855.0,621.5,89.7,Cold Spot,Persistent
NGP_CELL_466,2024,21.1907,79.00212,Ward 9 (Nehru Nagar),28.01,-1.28,0.251,0.234,-0.239,0.154,Built-up,0.74,55.55,162.72,291.5,1353.8,1855.0,621.5,92.3,Not Significant,Emerging
NGP_CELL_467,2019,21.09292,79.06944,Ward 5 (Dhantoli),28.91,-1.55,0.237,0.227,-0.375,0.126,Built-up,0.74,55.55,139.28,281.9,1071.1,2682.4,125.5,93.4,Not Significant,Persistent
NGP_CELL_467,2020,21.09292,79.06944,Ward 5 (Dhantoli),24.91,-4.17,0.492,-0.156,-0.486,0.146,Crop,0.88,15.77,170.27,281.9,1071.1,2682.4,125.5,94.1,Not Significant,Sporadic
NGP_CELL_467,2021,21.09292,79.06944,Ward 5 (Dhantoli),24.61,-4.38,0.366,-0.061,-0.405,0.142,Crop,0.93,34.25,132.62,281.9,1071.1,2682.4,125.5,89.4,Not Significant,Persistent
NGP_CELL_467,2022,21.09292,79.06944,Ward 5 (Dhantoli),23.79,-4.21,0.427,-0.202,-0.52,0.107,Grass,0.73,26.93,86.44,281.9,1071.1,2682.4,125.5,98.0,Not Significant,Persistent
NGP_CELL_467,2023,21.09292,79.06944,Ward 5 (Dhantoli),29.6,-0.63,0.111,0.267,-0.36,0.175,Built-up,0.67,67.39,149.58,281.9,1071.1,2682.4,125.5,97.3,Hot Spot,Persistent
NGP_CELL_467,2024,21.09292,79.06944,Ward 5 (Dhantoli),27.48,-1.54,0.234,0.186,-0.32,0.197,Built-up,0.97,57.52,154.86,281.9,1071.1,2682.4,125.5,90.8,Not Significant,Emerging
NGP_CELL_468,2019,21.13775,79.03077,Ward 9 (Nehru Nagar),30.13,-0.93,0.09,0.348,-0.562,0.178,Built-up,0.97,65.17,85.89,292.1,3739.6,1820.0,403.2,87.7,Not Significant,Emerging
NGP_CELL_468,2020,21.13775,79.03077,Ward 9 (Nehru Nagar),27.64,-2.81,0.336,0.081,-0.548,0.085,Crop,0.85,48.7,96.65,292.1,3739.6,1820.0,403.2,95.3,Cold Spot,Sporadic
NGP_CELL_468,2021,21.13775,79.03077,Ward 9 (Nehru Nagar),29.54,-1.91,0.154,0.033,-0.397,0.146,Built-up,0.82,52.2,60.97,292.1,3739.6,1820.0,403.2,86.5,Not Significant,Sporadic
NGP_CELL_468,2022,21.13775,79.03077,Ward 9 (Nehru Nagar),29.41,-1.4,0.321,0.163,-0.349,0.086,Crop,0.77,47.26,71.2,292.1,3739.6,1820.0,403.2,85.9,Not Significant,Diminishing
NGP_CELL_468,2023,21.13775,79.03077,Ward 9 (Nehru Nagar),22.35,-4.26,0.428,-0.173,-0.524,0.082,Tree,0.78,27.69,122.43,292.1,3739.6,1820.0,403.2,95.0,Not Significant,Persistent
NGP_CELL_468,2024,21.13775,79.03077,Ward 9 (Nehru Nagar),23.16,-3.7,0.319,-0.172,-0.475,0.154,Crop,0.66,28.76,118.33,292.1,3739.6,1820.0,403.2,96.6,Cold Spot,Persistent
NGP_CELL_469,2019,21.16545,79.13053,Ward 7 (Mangalwari),29.91,-1.05,0.205,0.244,-0.441,0.134,Built-up,0.81,69.6,94.56,316.5,2443.2,2771.4,589.5,99.3,Not Significant,Persistent
NGP_CELL_469,2020,21.16545,79.13053,Ward 7 (Mangalwari),23.84,-4.71,0.328,-0.227,-0.46,0.153,Crop,0.83,26.15,145.6,316.5,2443.2,2771.4,589.5,95.3,Cold Spot,Persistent
NGP_CELL_469,2021,21.16545,79.13053,Ward 7 (Mangalwari),31.78,-0.79,0.272,0.229,-0.281,0.235,Built-up,0.71,54.43,170.95,316.5,2443.2,2771.4,589.5,97.8,Not Significant,Sporadic
NGP_CELL_469,2022,21.16545,79.13053,Ward 7 (Mangalwari),31.88,-0.16,0.152,0.385,-0.515,0.215,Built-up,0.96,72.84,195.94,316.5,2443.2,2771.4,589.5,96.8,Not Significant,Sporadic
NGP_CELL_469,2023,21.16545,79.13053,Ward 7 (Mangalwari),24.69,-3.09,0.334,0.002,-0.462,0.152,Bare,0.84,45.34,33.43,316.5,2443.2,2771.4,589.5,96.4,Cold Spot,Emerging
NGP_CELL_469,2024,21.16545,79.13053,Ward 7 (Mangalwari),24.01,-3.27,0.408,-0.054,-0.279,0.084,Crop,0.68,37.37,66.71,316.5,2443.2,2771.4,589.5,95.6,Not Significant,Persistent
NGP_CELL_470,2019,21.06162,79.1373,Ward 1 (Lakadganj),22.77,-4.62,0.352,-0.304,-0.427,0.088,Crop,0.76,13.02,100.57,284.5,3410.8,654.0,381.6,85.9,Hot Spot,Sporadic
NGP_CELL_470,2020,21.06162,79.1373,Ward 1 (Lakadganj),32.19,-0.53,0.19,0.221,-0.454,0.248,Built-up,0.87,57.59,102.37,284.5,3410.8,654.0,381.6,86.0,Hot Spot,Sporadic
NGP_CELL_470,2021,21.06162,79.1373,Ward 1 (Lakadganj),28.74,-2.31,0.206,0.077,-0.554,0.149,Built-up,0.66,52.82,166.58,284.5,3410.8,654.0,381.6,98.2,Not Significant,Persistent
NGP_CELL_470,2022,21.06162,79.1373,Ward 1 (Lakadganj),29.52,-1.35,0.121,0.162,-0.592,0.204,Built-up,0.69,61.46,140.15,284.5,3410.8,654.0,381.6,87.3,Not Significant,Sporadic
NGP_CELL_470,2023,21.06162,79.1373,Ward 1 (Lakadganj),28.47,-1.2,0.292,0.295,-0.256,0.244,Built-up,0.86,60.51,131.62,284.5,3410.8,654.0,381.6,88.1,Cold Spot,Persistent
NGP_CELL_470,2024,21.06162,79.1373,Ward 1 (Lakadganj),27.18,-1.69,0.278,0.063,-0.324,0.086,Crop,0.76,36.5,162.5,284.5,3410.8,654.0,381.6,92.2,Not Significant,Emerging
NGP_CELL_471,2019,21.19266,79.00822,Ward 7 (Mangalwari),23.91,-4.04,0.402,-0.115,-0.413,0.149,Tree,0.81,27.14,199.3,288.8,3840.4,1573.8,112.4,97.3,Not Significant,Persistent
NGP_CELL_471,2020,21.19266,79.00822,Ward 7 (Mangalwari),27.7,-2.78,0.289,0.009,-0.352,0.107,Bare,0.94,39.45,56.86,288.8,3840.4,1573.8,112.4,96.4,Not Significant,Sporadic
NGP_CELL_471,2021,21.19266,79.00822,Ward 7 (Mangalwari),31.77,-0.8,0.097,0.2,-0.542,0.235,Built-up,0.77,61.95,63.99,288.8,3840.4,1573.8,112.4,86.3,Not Significant,Emerging
NGP_CELL_471,2022,21.19266,79.00822,Ward 7 (Mangalwari),28.46,-1.88,0.173,0.05,-0.282,0.16,Crop,0.86,49.44,148.28,288.8,3840.4,1573.8,112.4,86.9,Hot Spot,Emerging
NGP_CELL_471,2023,21.19266,79.00822,Ward 7 (Mangalwari),29.81,-0.53,0.254,0.198,-0.31,0.219,Built-up,0.87,68.02,189.34,288.8,3840.4,1573.8,112.4,94.2,Cold Spot,Emerging
NGP_CELL_471,2024,21.19266,79.00822,Ward 7 (Mangalwari),27.38,-1.59,0.262,0.106,-0.295,0.176,Built-up,0.76,52.75,154.26,288.8,3840.4,1573.8,112.4,87.7,Not Significant,Persistent
NGP_CELL_472,2019,21.06639,79.10054,Ward 1 (Lakadganj),25.95,-3.03,0.384,-0.033,-0.445,0.145,Tree,0.73,38.2,92.93,317.3,441.0,2980.8,506.9,89.1,Cold Spot,Persistent
NGP_CELL_472,2020,21.06639,79.10054,Ward 1 (Lakadganj),26.3,-3.48,0.398,-0.137,-0.416,0.116,Grass,0.71,20.41,188.02,317.3,441.0,2980.8,506.9,97.2,Not Significant,Sporadic
NGP_CELL_472,2021,21.06639,79.10054,Ward 1 (Lakadganj),25.49,-3.94,0.349,0.007,-0.282,0.111,Crop,0.82,33.48,77.6,317.3,441.0,2980.8,506.9,85.8,Not Significant,Persistent
NGP_CELL_472,2022,21.06639,79.10054,Ward 1 (Lakadganj),31.22,-0.49,0.129,0.274,-0.396,0.195,Built-up,0.71,72.63,152.74,317.3,441.0,2980.8,506.9,87.5,Not Significant,Persistent
NGP_CELL_472,2023,21.06639,79.10054,Ward 1 (Lakadganj),28.1,-1.38,0.194,0.135,-0.279,0.157,Built-up,0.81,56.18,126.51,317.3,441.0,2980.8,506.9,88.9,Cold Spot,Persistent
NGP_CELL_472,2024,21.06639,79.10054,Ward 1 (Lakadganj),29.28,-0.64,0.112,0.384,-0.258,0.182,Built-up,0.97,69.98,76.76,317.3,441.0,2980.8,506.9,90.0,Not Significant,Emerging
NGP_CELL_473,2019,21.05387,79.14359,Ward 7 (Mangalwari),24.33,-3.83,0.282,-0.146,-0.485,0.148,Tree,0.89,26.94,141.76,311.7,2173.8,1420.0,797.6,98.5,Not Significant,Persistent
NGP_CELL_473,2020,21.05387,79.14359,Ward 7 (Mangalwari),27.07,-3.1,0.239,0.01,-0.576,0.107,Bare,0.81,32.66,112.63,311.7,2173.8,1420.0,797.6,89.5,Cold Spot,Persistent
NGP_CELL_473,2021,21.05387,79.14359,Ward 7 (Mangalwari),28.6,-2.38,0.344,0.065,-0.559,0.173,Tree,0.81,37.8,48.07,311.7,2173.8,1420.0,797.6,88.7,Not Significant,Persistent
NGP_CELL_473,2022,21.05387,79.14359,Ward 7 (Mangalwari),30.83,-0.69,0.057,0.291,-0.297,0.215,Built-up,0.9,70.58,77.76,311.7,2173.8,1420.0,797.6,93.6,Not Significant,Persistent
NGP_CELL_473,2023,21.05387,79.14359,Ward 7 (Mangalwari),25.3,-2.78,0.324,0.048,-0.588,0.178,Grass,0.93,49.92,134.32,311.7,2173.8,1420.0,797.6,89.1,Cold Spot,Persistent
NGP_CELL_473,2024,21.05387,79.14359,Ward 7 (Mangalwari),23.4,-3.58,0.304,-0.05,-0.215,0.09,Bare,0.8,26.81,224.98,311.7,2173.8,1420.0,797.6,98.2,Cold Spot,Persistent
NGP_CELL_474,2019,21.10182,79.10127,Ward 1 (Lakadganj),28.65,-1.68,0.231,0.097,-0.534,0.213,Built-up,0.8,53.6,157.77,296.2,3804.5,2866.6,611.4,89.8,Not Significant,Persistent
NGP_CELL_474,2020,21.10182,79.10127,Ward 1 (Lakadganj),25.15,-4.06,0.382,-0.089,-0.456,0.111,Bare,0.94,37.9,184.14,296.2,3804.5,2866.6,611.4,99.8,Not Significant,Emerging
NGP_CELL_474,2021,21.10182,79.10127,Ward 1 (Lakadganj),30.33,-1.52,0.184,0.175,-0.217,0.178,Built-up,0.74,51.97,73.97,296.2,3804.5,2866.6,611.4,89.1,Cold Spot,Persistent
NGP_CELL_474,2022,21.10182,79.10127,Ward 1 (Lakadganj),30.43,-0.89,0.212,0.247,-0.231,0.202,Built-up,0.71,64.04,158.42,296.2,3804.5,2866.6,611.4,94.1,Hot Spot,Persistent
NGP_CELL_474,2023,21.10182,79.10127,Ward 1 (Lakadganj),22.62,-4.12,0.46,-0.073,-0.416,0.123,Tree,0.77,22.91,142.61,296.2,3804.5,2866.6,611.4,95.7,Not Significant,Persistent
NGP_CELL_474,2024,21.10182,79.10127,Ward 1 (Lakadganj),28.28,-1.14,0.245,0.155,-0.258,0.156,Crop,0.67,45.8,164.07,296.2,3804.5,2866.6,611.4,87.6,Not Significant,Persistent
NGP_CELL_475,2019,21.12409,79.05563,Ward 10 (Sanjay Gandhi Nagar),28.75,-1.63,0.276,0.071,-0.206,0.12,Grass,0.9,43.83,82.21,310.7,565.7,2491.8,204.1,99.0,Cold Spot,Sporadic
NGP_CELL_475,2020,21.12409,79.05563,Ward 10 (Sanjay Gandhi Nagar),28.22,-2.52,0.377,-0.092,-0.264,0.164,Bare,0.82,29.61,59.0,310.7,565.7,2491.8,204.1,95.9,Not Significant,Emerging
NGP_CELL_475,2021,21.12409,79.05563,Ward 10 (Sanjay Gandhi Nagar),23.87,-4.75,0.483,-0.254,-0.336,0.179,Grass,0.93,14.21,89.65,310.7,565.7,2491.8,204.1,99.8,Not Significant,Persistent
NGP_CELL_475,2022,21.12409,79.05563,Ward 10 (Sanjay Gandhi Nagar),23.81,-4.2,0.387,-0.173,-0.462,0.115,Grass,0.76,18.28,187.89,310.7,565.7,2491.8,204.1,92.0,Not Significant,Persistent
NGP_CELL_475,2023,21.12409,79.05563,Ward 10 (Sanjay Gandhi Nagar),29.66,-0.6,0.173,0.22,-0.311,0.138,Built-up,0.85,60.02,150.88,310.7,565.7,2491.8,204.1,88.1,Hot Spot,Persistent
NGP_CELL_475,2024,21.12409,79.05563,Ward 10 (Sanjay Gandhi Nagar),27.89,-1.34,0.33,0.145,-0.497,0.154,Tree,0.94,44.53,185.95,310.7,565.7,2491.8,204.1,91.3,Cold Spot,Persistent
NGP_CELL_476,2019,21.15127,79.05056,Ward 9 (Nehru Nagar),23.84,-4.08,0.26,-0.069,-0.22,0.179,Tree,0.71,39.89,193.79,303.8,4552.9,2423.0,194.7,97.0,Cold Spot,Persistent
NGP_CELL_476,2020,21.15127,79.05056,Ward 9 (Nehru Nagar),24.15,-4.56,0.47,-0.199,-0.4,0.122,Bare,0.95,17.64,202.95,303.8,4552.9,2423.0,194.7,89.9,Not Significant,Persistent
NGP_CELL_476,2021,21.15127,79.05056,Ward 9 (Nehru Nagar),31.13,-1.12,0.204,0.259,-0.481,0.232,Built-up,0.93,59.68,49.08,303.8,4552.9,2423.0,194.7,91.2,Not Significant,Persistent
NGP_CELL_476,2022,21.15127,79.05056,Ward 9 (Nehru Nagar),28.73,-1.74,0.28,0.085,-0.273,0.236,Built-up,0.89,56.71,201.28,303.8,4552.9,2423.0,194.7,90.3,Cold Spot,Persistent
NGP_CELL_476,2023,21.15127,79.05056,Ward 9 (Nehru Nagar),31.28,0.21,0.097,0.374,-0.274,0.201,Built-up,0.65,72.14,65.19,303.8,4552.9,2423.0,194.7,98.5,Not Significant,Persistent
NGP_CELL_476,2024,21.15127,79.05056,Ward 9 (Nehru Nagar),22.91,-3.83,0.33,-0.13,-0.596,0.179,Tree,0.95,29.23,33.35,303.8,4552.9,2423.0,194.7,91.8,Not Significant,Diminishing
NGP_CELL_477,2019,21.05769,79.12885,Ward 3 (Dharampeth),26.65,-2.68,0.326,0.057,-0.352,0.103,Grass,0.83,41.39,94.3,308.2,1756.7,1452.7,666.5,89.8,Not Significant,Emerging
NGP_CELL_477,2020,21.05769,79.12885,Ward 3 (Dharampeth),31.72,-0.77,0.124,0.095,-0.556,0.249,Built-up,0.83,57.81,193.7,308.2,1756.7,1452.7,666.5,99.6,Not Significant,Persistent
NGP_CELL_477,2021,21.05769,79.12885,Ward 3 (Dharampeth),27.85,-2.76,0.285,0.072,-0.393,0.166,Tree,0.8,43.91,107.07,308.2,1756.7,1452.7,666.5,93.6,Cold Spot,Persistent
NGP_CELL_477,2022,21.05769,79.12885,Ward 3 (Dharampeth),28.52,-1.85,0.213,0.232,-0.343,0.235,Built-up,0.7,57.88,200.27,308.2,1756.7,1452.7,666.5,96.2,Hot Spot,Persistent
NGP_CELL_477,2023,21.05769,79.12885,Ward 3 (Dharampeth),28.04,-1.41,0.238,0.188,-0.543,0.214,Built-up,0.84,55.85,152.82,308.2,1756.7,1452.7,666.5,89.2,Not Significant,Emerging
NGP_CELL_477,2024,21.05769,79.12885,Ward 3 (Dharampeth),25.85,-2.36,0.283,-0.07,-0.339,0.108,Crop,0.97,32.33,185.73,308.2,1756.7,1452.7,666.5,87.9,Cold Spot,Persistent
NGP_CELL_478,2019,21.16096,79.02101,Ward 6 (Satranjipura),27.33,-2.34,0.381,0.057,-0.41,0.152,Bare,0.92,35.77,132.68,295.4,1509.0,1542.0,255.4,99.9,Cold Spot,Persistent
NGP_CELL_478,2020,21.16096,79.02101,Ward 6 (Satranjipura),25.76,-3.75,0.416,-0.242,-0.549,0.172,Grass,0.86,19.21,150.36,295.4,1509.0,1542.0,255.4,95.7,Cold Spot,Persistent
NGP_CELL_478,2021,21.16096,79.02101,Ward 6 (Satranjipura),27.23,-3.07,0.401,-0.083,-0.316,0.087,Crop,0.94,32.65,174.16,295.4,1509.0,1542.0,255.4,90.5,Not Significant,Emerging
NGP_CELL_478,2022,21.16096,79.02101,Ward 6 (Satranjipura),24.57,-3.82,0.253,-0.07,-0.268,0.133,Tree,0.94,36.06,60.59,295.4,1509.0,1542.0,255.4,87.4,Not Significant,Emerging
NGP_CELL_478,2023,21.16096,79.02101,Ward 6 (Satranjipura),20.25,-5.31,0.446,-0.266,-0.474,0.163,Crop,0.86,22.81,36.56,295.4,1509.0,1542.0,255.4,92.0,Not Significant,Persistent
NGP_CELL_478,2024,21.16096,79.02101,Ward 6 (Satranjipura),21.02,-4.77,0.361,-0.193,-0.317,0.119,Tree,0.74,23.57,79.06,295.4,1509.0,1542.0,255.4,99.7,Not Significant,Diminishing
NGP_CELL_479,2019,21.19316,79.03072,Ward 6 (Satranjipura),25.69,-3.15,0.343,-0.054,-0.243,0.099,Grass,0.84,33.23,43.89,288.6,4779.1,1861.4,747.7,97.8,Not Significant,Persistent
NGP_CELL_479,2020,21.19316,79.03072,Ward 6 (Satranjipura),29.9,-1.68,0.193,0.121,-0.295,0.121,Tree,0.74,45.25,179.29,288.6,4779.1,1861.4,747.7,98.1,Cold Spot,Persistent
NGP_CELL_479,2021,21.19316,79.03072,Ward 6 (Satranjipura),28.94,-2.21,0.273,0.103,-0.363,0.09,Bare,0.9,43.48,129.57,288.6,4779.1,1861.4,747.7,98.2,Not Significant,Diminishing
NGP_CELL_479,2022,21.19316,79.03072,Ward 6 (Satranjipura),31.86,-0.18,0.218,0.373,-0.533,0.153,Built-up,0.69,75.21,123.62,288.6,4779.1,1861.4,747.7,99.6,Not Significant,Sporadic
NGP_CELL_479,2023,21.19316,79.03072,Ward 6 (Satranjipura),30.43,-0.22,0.058,0.285,-0.21,0.227,Built-up,0.66,69.32,215.8,288.6,4779.1,1861.4,747.7,89.1,Not Significant,Persistent
NGP_CELL_479,2024,21.19316,79.03072,Ward 6 (Satranjipura),28.24,-1.16,0.091,0.368,-0.596,0.2,Built-up,0.69,80.22,190.87,288.6,4779.1,1861.4,747.7,97.8,Not Significant,Persistent
NGP_CELL_480,2019,21.17287,79.04642,Ward 5 (Dhantoli),26.07,-2.97,0.276,0.036,-0.22,0.12,Tree,0.95,46.41,109.25,293.2,431.0,518.1,690.6,93.5,Not Significant,Persistent
NGP_CELL_480,2020,21.17287,79.04642,Ward 5 (Dhantoli),29.04,-2.11,0.299,0.166,-0.525,0.132,Built-up,0.74,52.61,138.09,293.2,431.0,518.1,690.6,86.4,Not Significant,Persistent
NGP_CELL_480,2021,21.17287,79.04642,Ward 5 (Dhantoli),26.01,-3.68,0.299,-0.094,-0.49,0.139,Tree,0.9,30.14,165.93,293.2,431.0,518.1,690.6,94.5,Not Significant,Persistent
NGP_CELL_480,2022,21.17287,79.04642,Ward 5 (Dhantoli),25.03,-3.59,0.404,-0.031,-0.459,0.123,Grass,0.78,34.32,178.95,293.2,431.0,518.1,690.6,91.4,Not Significant,Persistent
NGP_CELL_480,2023,21.17287,79.04642,Ward 5 (Dhantoli),26.15,-2.36,0.363,0.013,-0.4,0.153,Crop,0.66,32.88,209.11,293.2,431.0,518.1,690.6,99.9,Not Significant,Emerging
NGP_CELL_480,2024,21.17287,79.04642,Ward 5 (Dhantoli),29.83,-0.36,0.09,0.292,-0.539,0.141,Built-up,0.83,63.89,62.12,293.2,431.0,518.1,690.6,90.3,Not Significant,Persistent
NGP_CELL_481,2019,21.14059,79.06549,Ward 3 (Dharampeth),28.01,-1.99,0.243,0.108,-0.254,0.163,Built-up,0.95,58.6,142.29,319.0,2131.4,2554.0,61.0,87.2,Cold Spot,Persistent
NGP_CELL_481,2020,21.14059,79.06549,Ward 3 (Dharampeth),26.26,-3.5,0.29,-0.024,-0.325,0.18,Grass,0.68,28.99,95.88,319.0,2131.4,2554.0,61.0,90.0,Not Significant,Emerging
NGP_CELL_481,2021,21.14059,79.06549,Ward 3 (Dharampeth),28.35,-2.51,0.279,-0.038,-0.399,0.098,Tree,0.89,35.63,118.0,319.0,2131.4,2554.0,61.0,97.8,Not Significant,Sporadic
NGP_CELL_481,2022,21.14059,79.06549,Ward 3 (Dharampeth),30.05,-1.08,0.105,0.21,-0.248,0.194,Built-up,0.8,67.9,100.22,319.0,2131.4,2554.0,61.0,96.2,Hot Spot,Persistent
NGP_CELL_481,2023,21.14059,79.06549,Ward 3 (Dharampeth),27.11,-1.88,0.254,0.289,-0.555,0.209,Built-up,0.72,61.31,201.82,319.0,2131.4,2554.0,61.0,91.6,Not Significant,Sporadic
NGP_CELL_481,2024,21.14059,79.06549,Ward 3 (Dharampeth),30.13,-0.22,0.132,0.283,-0.396,0.16,Built-up,0.7,73.0,79.19,319.0,2131.4,2554.0,61.0,98.5,Not Significant,Persistent
NGP_CELL_482,2019,21.06053,79.0995,Ward 6 (Satranjipura),29.61,-1.19,0.277,0.225,-0.574,0.173,Built-up,0.76,55.52,69.91,319.4,456.0,361.8,560.1,86.1,Not Significant,Persistent
NGP_CELL_482,2020,21.06053,79.0995,Ward 6 (Satranjipura),30.55,-1.35,0.285,0.181,-0.228,0.129,Built-up,0.73,52.78,183.06,319.4,456.0,361.8,560.1,85.2,Not Significant,Persistent
NGP_CELL_482,2021,21.06053,79.0995,Ward 6 (Satranjipura),25.98,-3.69,0.259,-0.143,-0.258,0.101,Grass,0.76,29.72,98.02,319.4,456.0,361.8,560.1,87.9,Not Significant,Persistent
NGP_CELL_482,2022,21.06053,79.0995,Ward 6 (Satranjipura),31.33,-0.44,0.148,0.251,-0.37,0.171,Built-up,0.84,73.49,43.48,319.4,456.0,361.8,560.1,92.3,Not Significant,Emerging
NGP_CELL_482,2023,21.06053,79.0995,Ward 6 (Satranjipura),31.5,0.32,0.151,0.37,-0.263,0.232,Built-up,0.81,79.5,97.0,319.4,456.0,361.8,560.1,91.4,Not Significant,Sporadic
NGP_CELL_482,2024,21.06053,79.0995,Ward 6 (Satranjipura),29.74,-0.41,0.271,0.256,-0.376,0.227,Built-up,0.68,59.8,183.2,319.4,456.0,361.8,560.1,87.8,Hot Spot,Persistent
NGP_CELL_483,2019,21.11789,79.07849,Ward 10 (Sanjay Gandhi Nagar),26.55,-2.73,0.362,0.074,-0.226,0.096,Tree,0.84,39.64,134.31,316.2,4546.6,1814.8,563.4,90.6,Not Significant,Persistent
NGP_CELL_483,2020,21.11789,79.07849,Ward 10 (Sanjay Gandhi Nagar),31.28,-0.99,0.143,0.234,-0.319,0.141,Built-up,0.94,59.6,119.54,316.2,4546.6,1814.8,563.4,99.3,Cold Spot,Persistent
NGP_CELL_483,2021,21.11789,79.07849,Ward 10 (Sanjay Gandhi Nagar),27.25,-3.06,0.272,0.028,-0.559,0.162,Grass,0.94,43.84,133.04,316.2,4546.6,1814.8,563.4,99.9,Not Significant,Persistent
NGP_CELL_483,2022,21.11789,79.07849,Ward 10 (Sanjay Gandhi Nagar),29.47,-1.37,0.108,0.194,-0.535,0.2,Built-up,0.81,67.83,100.44,316.2,4546.6,1814.8,563.4,93.4,Not Significant,Sporadic
NGP_CELL_483,2023,21.11789,79.07849,Ward 10 (Sanjay Gandhi Nagar),30.66,-0.1,0.098,0.4,-0.372,0.182,Built-up,0.75,74.72,170.97,316.2,4546.6,1814.8,563.4,98.1,Hot Spot,Persistent
NGP_CELL_483,2024,21.11789,79.07849,Ward 10 (Sanjay Gandhi Nagar),29.3,-0.63,0.16,0.33,-0.448,0.224,Built-up,0.76,70.52,73.73,316.2,4546.6,1814.8,563.4,99.5,Not Significant,Emerging
NGP_CELL_484,2019,21.10322,79.06506,Ward 7 (Mangalwari),27.71,-2.15,0.196,0.049,-0.294,0.111,Tree,0.95,46.92,100.99,289.8,3611.7,1218.1,236.9,91.9,Cold Spot,Sporadic
NGP_CELL_484,2020,21.10322,79.06506,Ward 7 (Mangalwari),33.98,0.36,0.113,0.323,-0.492,0.199,Built-up,0.84,63.62,78.62,289.8,3611.7,1218.1,236.9,95.9,Cold Spot,Persistent
NGP_CELL_484,2021,21.10322,79.06506,Ward 7 (Mangalwari),27.9,-2.73,0.331,-0.053,-0.35,0.121,Bare,0.76,27.44,190.01,289.8,3611.7,1218.1,236.9,93.6,Cold Spot,Emerging
NGP_CELL_484,2022,21.10322,79.06506,Ward 7 (Mangalwari),26.69,-2.76,0.306,0.021,-0.308,0.102,Grass,0.7,43.71,201.66,289.8,3611.7,1218.1,236.9,99.8,Not Significant,Diminishing
NGP_CELL_484,2023,21.10322,79.06506,Ward 7 (Mangalwari),23.55,-3.66,0.283,-0.142,-0.438,0.145,Tree,0.81,26.1,204.69,289.8,3611.7,1218.1,236.9,88.4,Not Significant,Persistent
NGP_CELL_484,2024,21.10322,79.06506,Ward 7 (Mangalwari),27.21,-1.68,0.223,0.182,-0.273,0.187,Built-up,0.73,53.44,69.67,289.8,3611.7,1218.1,236.9,97.8,Not Significant,Persistent
NGP_CELL_485,2019,21.08681,79.10076,Ward 8 (Gandhibagh),27.86,-2.07,0.29,0.175,-0.48,0.143,Built-up,0.78,51.49,93.67,303.9,4240.8,747.5,9.2,95.4,Not Significant,Persistent
NGP_CELL_485,2020,21.08681,79.10076,Ward 8 (Gandhibagh),29.96,-1.65,0.295,0.201,-0.304,0.229,Built-up,0.74,53.59,144.36,303.9,4240.8,747.5,9.2,91.5,Not Significant,Persistent
NGP_CELL_485,2021,21.08681,79.10076,Ward 8 (Gandhibagh),29.19,-2.09,0.273,0.067,-0.279,0.169,Crop,0.8,45.82,172.82,303.9,4240.8,747.5,9.2,92.2,Not Significant,Persistent
NGP_CELL_485,2022,21.08681,79.10076,Ward 8 (Gandhibagh),24.49,-3.86,0.35,-0.111,-0.419,0.105,Bare,0.68,25.65,149.77,303.9,4240.8,747.5,9.2,99.3,Cold Spot,Persistent
NGP_CELL_485,2023,21.08681,79.10076,Ward 8 (Gandhibagh),28.59,-1.14,0.265,0.265,-0.501,0.132,Built-up,0.85,58.72,181.95,303.9,4240.8,747.5,9.2,88.1,Not Significant,Emerging
NGP_CELL_485,2024,21.08681,79.10076,Ward 8 (Gandhibagh),24.07,-3.25,0.285,0.038,-0.48,0.163,Grass,0.7,35.72,89.32,303.9,4240.8,747.5,9.2,98.6,Cold Spot,Persistent
NGP_CELL_486,2019,21.18752,79.04957,Ward 10 (Sanjay Gandhi Nagar),25.1,-3.45,0.355,-0.059,-0.455,0.174,Crop,0.98,28.27,165.14,299.0,588.2,2705.6,125.7,86.6,Not Significant,Sporadic
NGP_CELL_486,2020,21.18752,79.04957,Ward 10 (Sanjay Gandhi Nagar),26.07,-3.6,0.422,-0.106,-0.499,0.156,Tree,0.89,32.37,176.12,299.0,588.2,2705.6,125.7,85.0,Cold Spot,Persistent
NGP_CELL_486,2021,21.18752,79.04957,Ward 10 (Sanjay Gandhi Nagar),29.81,-1.77,0.321,0.015,-0.357,0.156,Tree,0.69,32.48,69.54,299.0,588.2,2705.6,125.7,89.8,Not Significant,Emerging
NGP_CELL_486,2022,21.18752,79.04957,Ward 10 (Sanjay Gandhi Nagar),30.21,-1.0,0.193,0.323,-0.469,0.244,Built-up,0.72,71.03,54.69,299.0,588.2,2705.6,125.7,86.8,Cold Spot,Sporadic
NGP_CELL_486,2023,21.18752,79.04957,Ward 10 (Sanjay Gandhi Nagar),27.48,-1.69,0.223,0.065,-0.529,0.226,Built-up,0.9,55.63,141.04,299.0,588.2,2705.6,125.7,95.0,Cold Spot,Persistent
NGP_CELL_486,2024,21.18752,79.04957,Ward 10 (Sanjay Gandhi Nagar),29.23,-0.67,0.234,0.365,-0.338,0.131,Built-up,0.85,73.06,99.84,299.0,588.2,2705.6,125.7,96.8,Not Significant,Persistent
NGP_CELL_487,2019,21.07433,79.10297,Ward 10 (Sanjay Gandhi Nagar),23.05,-4.47,0.359,-0.287,-0.508,0.105,Grass,0.98,16.12,166.73,280.6,3661.7,1887.3,382.1,87.5,Cold Spot,Persistent
NGP_CELL_487,2020,21.07433,79.10297,Ward 10 (Sanjay Gandhi Nagar),32.27,-0.5,0.15,0.232,-0.452,0.244,Built-up,0.84,70.83,53.64,280.6,3661.7,1887.3,382.1,99.3,Not Significant,Emerging
NGP_CELL_487,2021,21.07433,79.10297,Ward 10 (Sanjay Gandhi Nagar),28.01,-2.68,0.281,-0.006,-0.333,0.154,Tree,0.78,29.77,36.1,280.6,3661.7,1887.3,382.1,96.0,Not Significant,Persistent
NGP_CELL_487,2022,21.07433,79.10297,Ward 10 (Sanjay Gandhi Nagar),28.62,-1.79,0.177,0.222,-0.497,0.245,Built-up,0.67,59.43,52.19,280.6,3661.7,1887.3,382.1,97.4,Hot Spot,Diminishing
NGP_CELL_487,2023,21.07433,79.10297,Ward 10 (Sanjay Gandhi Nagar),24.27,-3.3,0.314,-0.042,-0.589,0.091,Bare,0.93,44.19,175.78,280.6,3661.7,1887.3,382.1,94.8,Not Significant,Sporadic
NGP_CELL_487,2024,21.07433,79.10297,Ward 10 (Sanjay Gandhi Nagar),23.84,-3.36,0.333,-0.066,-0.405,0.085,Grass,0.91,41.72,225.83,280.6,3661.7,1887.3,382.1,100.0,Cold Spot,Sporadic
NGP_CELL_488,2019,21.16597,79.06169,Ward 10 (Sanjay Gandhi Nagar),27.66,-2.17,0.218,0.111,-0.248,0.177,Tree,0.71,41.49,89.34,280.4,3420.0,2561.2,309.0,93.4,Not Significant,Emerging
NGP_CELL_488,2020,21.16597,79.06169,Ward 10 (Sanjay Gandhi Nagar),29.73,-1.77,0.336,0.145,-0.404,0.162,Bare,0.67,46.04,107.78,280.4,3420.0,2561.2,309.0,95.9,Cold Spot,Sporadic
NGP_CELL_488,2021,21.16597,79.06169,Ward 10 (Sanjay Gandhi Nagar),26.0,-3.68,0.315,-0.16,-0.537,0.163,Grass,0.78,22.73,157.63,280.4,3420.0,2561.2,309.0,85.4,Not Significant,Diminishing
NGP_CELL_488,2022,21.16597,79.06169,Ward 10 (Sanjay Gandhi Nagar),27.9,-2.16,0.258,0.036,-0.362,0.244,Built-up,0.71,51.36,199.98,280.4,3420.0,2561.2,309.0,87.7,Not Significant,Sporadic
NGP_CELL_488,2023,21.16597,79.06169,Ward 10 (Sanjay Gandhi Nagar),29.18,-0.84,0.175,0.239,-0.334,0.187,Built-up,0.8,59.86,128.82,280.4,3420.0,2561.2,309.0,99.0,Not Significant,Emerging
NGP_CELL_488,2024,21.16597,79.06169,Ward 10 (Sanjay Gandhi Nagar),26.6,-1.98,0.204,0.136,-0.328,0.154,Tree,0.75,49.54,75.14,280.4,3420.0,2561.2,309.0,93.1,Cold Spot,Sporadic
NGP_CELL_489,2019,21.18382,79.06467,Ward 3 (Dharampeth),26.65,-2.67,0.329,0.028,-0.523,0.141,Crop,0.76,35.69,103.36,302.0,1915.5,753.0,788.4,92.1,Cold Spot,Emerging
NGP_CELL_489,2020,21.18382,79.06467,Ward 3 (Dharampeth),26.6,-3.33,0.419,-0.038,-0.258,0.096,Tree,0.66,32.6,137.04,302.0,1915.5,753.0,788.4,91.0,Cold Spot,Emerging
NGP_CELL_489,2021,21.18382,79.06467,Ward 3 (Dharampeth),25.43,-3.97,0.31,-0.071,-0.591,0.18,Tree,0.84,28.68,166.6,302.0,1915.5,753.0,788.4,98.2,Not Significant,Persistent
NGP_CELL_489,2022,21.18382,79.06467,Ward 3 (Dharampeth),24.04,-4.09,0.418,-0.203,-0.538,0.112,Bare,0.9,17.66,35.41,302.0,1915.5,753.0,788.4,95.7,Cold Spot,Persistent
NGP_CELL_489,2023,21.18382,79.06467,Ward 3 (Dharampeth),24.18,-3.34,0.422,-0.078,-0.496,0.174,Tree,0.93,32.78,184.98,302.0,1915.5,753.0,788.4,95.0,Not Significant,Persistent
NGP_CELL_489,2024,21.18382,79.06467,Ward 3 (Dharampeth),29.96,-0.3,0.157,0.241,-0.509,0.151,Built-up,0.7,64.94,145.53,302.0,1915.5,753.0,788.4,94.5,Hot Spot,Persistent
NGP_CELL_490,2019,21.12847,79.04622,Ward 2 (Ashinagar),29.21,-1.4,0.326,0.203,-0.333,0.2,Built-up,0.83,52.13,105.07,314.6,3619.1,1341.5,739.7,93.7,Not Significant,Sporadic
NGP_CELL_490,2020,21.12847,79.04622,Ward 2 (Ashinagar),30.35,-1.46,0.23,0.231,-0.515,0.185,Built-up,0.83,64.11,94.88,314.6,3619.1,1341.5,739.7,95.8,Hot Spot,Diminishing
NGP_CELL_490,2021,21.12847,79.04622,Ward 2 (Ashinagar),24.1,-4.63,0.505,-0.198,-0.396,0.113,Bare,0.79,16.3,136.36,314.6,3619.1,1341.5,739.7,89.4,Not Significant,Persistent
NGP_CELL_490,2022,21.12847,79.04622,Ward 2 (Ashinagar),27.87,-2.17,0.334,0.132,-0.359,0.196,Built-up,0.79,51.23,200.51,314.6,3619.1,1341.5,739.7,98.3,Not Significant,Sporadic
NGP_CELL_490,2023,21.12847,79.04622,Ward 2 (Ashinagar),21.41,-4.73,0.416,-0.242,-0.484,0.098,Crop,0.91,21.38,101.14,314.6,3619.1,1341.5,739.7,85.2,Not Significant,Persistent
NGP_CELL_490,2024,21.12847,79.04622,Ward 2 (Ashinagar),21.68,-4.44,0.298,-0.241,-0.484,0.15,Grass,0.83,21.91,208.3,314.6,3619.1,1341.5,739.7,99.8,Not Significant,Emerging
NGP_CELL_491,2019,21.06277,79.05466,Ward 10 (Sanjay Gandhi Nagar),28.61,-1.7,0.165,0.132,-0.372,0.099,Tree,0.8,46.96,170.81,287.0,800.8,2328.1,95.3,91.3,Not Significant,Emerging
NGP_CELL_491,2020,21.06277,79.05466,Ward 10 (Sanjay Gandhi Nagar),29.58,-1.84,0.281,0.046,-0.442,0.094,Grass,0.9,36.01,47.63,287.0,800.8,2328.1,95.3,86.5,Not Significant,Emerging
NGP_CELL_491,2021,21.06277,79.05466,Ward 10 (Sanjay Gandhi Nagar),31.68,-0.84,0.268,0.319,-0.518,0.121,Built-up,0.93,63.86,98.13,287.0,800.8,2328.1,95.3,88.8,Hot Spot,Emerging
NGP_CELL_491,2022,21.06277,79.05466,Ward 10 (Sanjay Gandhi Nagar),32.21,0.0,0.142,0.434,-0.513,0.234,Built-up,0.8,80.58,72.32,287.0,800.8,2328.1,95.3,94.4,Hot Spot,Emerging
NGP_CELL_491,2023,21.06277,79.05466,Ward 10 (Sanjay Gandhi Nagar),27.7,-1.58,0.202,0.186,-0.582,0.194,Built-up,0.84,50.28,105.08,287.0,800.8,2328.1,95.3,98.7,Cold Spot,Sporadic
NGP_CELL_491,2024,21.06277,79.05466,Ward 10 (Sanjay Gandhi Nagar),28.46,-1.05,0.148,0.199,-0.25,0.205,Built-up,0.98,63.11,215.54,287.0,800.8,2328.1,95.3,89.8,Not Significant,Diminishing
NGP_CELL_492,2019,21.11792,79.06817,Ward 10 (Sanjay Gandhi Nagar),23.46,-4.27,0.338,-0.174,-0.378,0.17,Tree,0.78,26.69,145.21,319.6,4699.4,2508.7,504.1,85.8,Cold Spot,Persistent
NGP_CELL_492,2020,21.11792,79.06817,Ward 10 (Sanjay Gandhi Nagar),31.14,-1.06,0.227,0.255,-0.353,0.171,Built-up,0.79,63.84,184.75,319.6,4699.4,2508.7,504.1,99.0,Not Significant,Sporadic
NGP_CELL_492,2021,21.11792,79.06817,Ward 10 (Sanjay Gandhi Nagar),26.8,-3.28,0.264,0.041,-0.435,0.16,Built-up,0.85,51.12,159.35,319.6,4699.4,2508.7,504.1,92.6,Not Significant,Persistent
NGP_CELL_492,2022,21.11792,79.06817,Ward 10 (Sanjay Gandhi Nagar),28.34,-1.93,0.272,0.125,-0.582,0.235,Built-up,0.7,50.12,196.76,319.6,4699.4,2508.7,504.1,86.0,Cold Spot,Persistent
NGP_CELL_492,2023,21.11792,79.06817,Ward 10 (Sanjay Gandhi Nagar),29.47,-0.7,0.232,0.141,-0.229,0.219,Built-up,0.72,60.5,67.06,319.6,4699.4,2508.7,504.1,90.7,Cold Spot,Sporadic
NGP_CELL_492,2024,21.11792,79.06817,Ward 10 (Sanjay Gandhi Nagar),24.86,-2.85,0.354,-0.046,-0.21,0.105,Tree,0.73,25.76,120.94,319.6,4699.4,2508.7,504.1,86.5,Not Significant,Persistent
NGP_CELL_493,2019,21.16425,79.0792,Ward 10 (Sanjay Gandhi Nagar),23.7,-4.15,0.295,-0.206,-0.22,0.159,Crop,0.74,28.31,34.03,281.9,3781.3,1337.5,675.8,98.3,Not Significant,Persistent
NGP_CELL_493,2020,21.16425,79.0792,Ward 10 (Sanjay Gandhi Nagar),28.67,-2.3,0.302,0.163,-0.319,0.169,Built-up,0.76,56.5,160.72,281.9,3781.3,1337.5,675.8,94.2,Not Significant,Persistent
NGP_CELL_493,2021,21.16425,79.0792,Ward 10 (Sanjay Gandhi Nagar),28.28,-2.54,0.244,0.007,-0.342,0.133,Tree,0.82,41.62,112.28,281.9,3781.3,1337.5,675.8,90.0,Not Significant,Persistent
NGP_CELL_493,2022,21.16425,79.0792,Ward 10 (Sanjay Gandhi Nagar),27.95,-2.13,0.353,0.026,-0.216,0.082,Tree,0.74,35.69,181.38,281.9,3781.3,1337.5,675.8,85.2,Not Significant,Persistent
NGP_CELL_493,2023,21.16425,79.0792,Ward 10 (Sanjay Gandhi Nagar),25.39,-2.74,0.286,-0.019,-0.257,0.165,Crop,0.85,37.66,86.62,281.9,3781.3,1337.5,675.8,96.8,Not Significant,Persistent
NGP_CELL_493,2024,21.16425,79.0792,Ward 10 (Sanjay Gandhi Nagar),25.66,-2.45,0.196,0.105,-0.598,0.242,Built-up,0.75,52.52,165.84,281.9,3781.3,1337.5,675.8,87.2,Cold Spot,Sporadic
NGP_CELL_494,2019,21.10033,79.04923,Ward 9 (Nehru Nagar),27.77,-2.12,0.349,0.082,-0.276,0.148,Tree,0.91,39.21,39.82,299.8,4311.2,1368.2,418.0,85.6,Cold Spot,Persistent
NGP_CELL_494,2020,21.10033,79.04923,Ward 9 (Nehru Nagar),27.37,-2.95,0.36,-0.015,-0.488,0.16,Tree,0.9,45.53,112.58,299.8,4311.2,1368.2,418.0,97.8,Cold Spot,Persistent
NGP_CELL_494,2021,21.10033,79.04923,Ward 9 (Nehru Nagar),30.68,-1.34,0.252,0.184,-0.491,0.205,Built-up,0.94,66.77,59.11,299.8,4311.2,1368.2,418.0,96.3,Not Significant,Persistent
NGP_CELL_494,2022,21.10033,79.04923,Ward 9 (Nehru Nagar),31.43,-0.39,0.125,0.351,-0.562,0.24,Built-up,0.94,76.7,125.29,299.8,4311.2,1368.2,418.0,97.7,Not Significant,Diminishing
NGP_CELL_494,2023,21.10033,79.04923,Ward 9 (Nehru Nagar),28.96,-0.95,0.257,0.259,-0.47,0.125,Built-up,0.91,62.5,144.58,299.8,4311.2,1368.2,418.0,88.6,Not Significant,Persistent
NGP_CELL_494,2024,21.10033,79.04923,Ward 9 (Nehru Nagar),28.58,-0.99,0.153,0.288,-0.536,0.206,Built-up,0.76,63.96,89.91,299.8,4311.2,1368.2,418.0,87.7,Cold Spot,Emerging
NGP_CELL_495,2019,21.09338,79.09924,Ward 8 (Gandhibagh),21.84,-5.08,0.355,-0.262,-0.517,0.161,Crop,0.94,20.34,152.28,319.2,4902.3,2137.3,451.0,91.3,Cold Spot,Sporadic
NGP_CELL_495,2020,21.09338,79.09924,Ward 8 (Gandhibagh),24.62,-4.32,0.353,-0.209,-0.547,0.142,Bare,0.66,16.35,127.49,319.2,4902.3,2137.3,451.0,97.3,Not Significant,Sporadic
NGP_CELL_495,2021,21.09338,79.09924,Ward 8 (Gandhibagh),28.26,-2.55,0.226,0.077,-0.293,0.138,Bare,0.84,46.46,46.43,319.2,4902.3,2137.3,451.0,92.1,Not Significant,Emerging
NGP_CELL_495,2022,21.09338,79.09924,Ward 8 (Gandhibagh),26.49,-2.86,0.302,-0.022,-0.528,0.113,Bare,0.74,41.67,66.04,319.2,4902.3,2137.3,451.0,88.9,Cold Spot,Emerging
NGP_CELL_495,2023,21.09338,79.09924,Ward 8 (Gandhibagh),28.03,-1.42,0.168,0.193,-0.274,0.136,Crop,0.83,49.63,147.9,319.2,4902.3,2137.3,451.0,87.2,Cold Spot,Persistent
NGP_CELL_495,2024,21.09338,79.09924,Ward 8 (Gandhibagh),26.07,-2.25,0.278,-0.05,-0.501,0.085,Tree,0.89,33.1,109.19,319.2,4902.3,2137.3,451.0,91.1,Not Significant,Persistent
NGP_CELL_496,2019,21.16172,79.07018,Ward 8 (Gandhibagh),23.9,-4.05,0.458,-0.096,-0.461,0.171,Bare,0.86,20.47,180.74,284.6,2637.0,236.1,126.8,86.8,Not Significant,Persistent
NGP_CELL_496,2020,21.16172,79.07018,Ward 8 (Gandhibagh),30.84,-1.21,0.171,0.147,-0.337,0.207,Built-up,0.73,63.1,71.87,284.6,2637.0,236.1,126.8,87.5,Not Significant,Emerging
NGP_CELL_496,2021,21.16172,79.07018,Ward 8 (Gandhibagh),27.52,-2.92,0.283,0.098,-0.334,0.082,Grass,0.78,46.4,48.35,284.6,2637.0,236.1,126.8,94.4,Not Significant,Emerging
NGP_CELL_496,2022,21.16172,79.07018,Ward 8 (Gandhibagh),28.82,-1.69,0.191,0.166,-0.513,0.235,Built-up,0.73,54.52,77.03,284.6,2637.0,236.1,126.8,91.9,Cold Spot,Persistent
NGP_CELL_496,2023,21.16172,79.07018,Ward 8 (Gandhibagh),26.78,-2.04,0.327,0.138,-0.246,0.158,Built-up,0.95,50.45,193.09,284.6,2637.0,236.1,126.8,99.4,Not Significant,Emerging
NGP_CELL_496,2024,21.16172,79.07018,Ward 8 (Gandhibagh),27.18,-1.69,0.156,0.19,-0.202,0.142,Built-up,0.75,55.89,112.54,284.6,2637.0,236.1,126.8,91.0,Not Significant,Persistent
NGP_CELL_497,2019,21.07306,79.06414,Ward 4 (Hanuman Nagar),26.18,-2.91,0.32,0.037,-0.449,0.14,Tree,0.93,42.03,65.19,307.3,1807.1,1869.3,82.7,92.8,Not Significant,Emerging
NGP_CELL_497,2020,21.07306,79.06414,Ward 4 (Hanuman Nagar),25.83,-3.72,0.502,-0.155,-0.249,0.177,Tree,0.76,16.13,93.99,307.3,1807.1,1869.3,82.7,94.7,Not Significant,Emerging
NGP_CELL_497,2021,21.07306,79.06414,Ward 4 (Hanuman Nagar),29.24,-2.06,0.278,0.022,-0.395,0.089,Grass,0.96,46.53,172.51,307.3,1807.1,1869.3,82.7,89.9,Not Significant,Sporadic
NGP_CELL_497,2022,21.07306,79.06414,Ward 4 (Hanuman Nagar),24.41,-3.9,0.43,-0.19,-0.209,0.158,Tree,0.72,18.8,85.62,307.3,1807.1,1869.3,82.7,93.4,Cold Spot,Emerging
NGP_CELL_497,2023,21.07306,79.06414,Ward 4 (Hanuman Nagar),24.74,-3.06,0.442,-0.069,-0.308,0.129,Tree,0.84,29.85,81.49,307.3,1807.1,1869.3,82.7,89.9,Not Significant,Persistent
NGP_CELL_497,2024,21.07306,79.06414,Ward 4 (Hanuman Nagar),21.89,-4.34,0.304,-0.16,-0.349,0.132,Bare,0.98,31.42,76.16,307.3,1807.1,1869.3,82.7,98.8,Not Significant,Emerging
NGP_CELL_498,2019,21.14363,79.06652,Ward 6 (Satranjipura),27.29,-2.36,0.25,0.159,-0.408,0.121,Built-up,0.96,61.3,160.44,308.9,400.9,1847.9,72.4,86.5,Cold Spot,Persistent
NGP_CELL_498,2020,21.14363,79.06652,Ward 6 (Satranjipura),26.95,-3.16,0.33,-0.13,-0.203,0.16,Bare,0.79,20.22,66.62,308.9,400.9,1847.9,72.4,88.2,Not Significant,Emerging
NGP_CELL_498,2021,21.14363,79.06652,Ward 6 (Satranjipura),28.08,-2.64,0.302,0.092,-0.253,0.134,Tree,0.67,44.27,70.43,308.9,400.9,1847.9,72.4,93.7,Not Significant,Persistent
NGP_CELL_498,2022,21.14363,79.06652,Ward 6 (Satranjipura),28.14,-2.04,0.28,0.119,-0.308,0.175,Built-up,0.71,60.22,160.36,308.9,400.9,1847.9,72.4,95.9,Cold Spot,Persistent
NGP_CELL_498,2023,21.14363,79.06652,Ward 6 (Satranjipura),27.76,-1.55,0.146,0.153,-0.423,0.245,Built-up,0.75,64.62,70.52,308.9,400.9,1847.9,72.4,98.2,Cold Spot,Sporadic
NGP_CELL_498,2024,21.14363,79.06652,Ward 6 (Satranjipura),29.66,-0.45,0.224,0.328,-0.297,0.165,Built-up,0.75,64.03,208.5,308.9,400.9,1847.9,72.4,88.8,Cold Spot,Persistent
NGP_CELL_499,2019,21.06665,79.07271,Ward 10 (Sanjay Gandhi Nagar),30.75,-0.63,0.087,0.211,-0.383,0.173,Built-up,0.81,65.82,61.06,288.2,3389.1,573.8,101.0,93.4,Not Significant,Sporadic
NGP_CELL_499,2020,21.06665,79.07271,Ward 10 (Sanjay Gandhi Nagar),22.8,-5.23,0.444,-0.23,-0.563,0.156,Grass,0.85,14.45,204.83,288.2,3389.1,573.8,101.0,93.1,Not Significant,Emerging
NGP_CELL_499,2021,21.06665,79.07271,Ward 10 (Sanjay Gandhi Nagar),25.94,-3.71,0.286,-0.072,-0.219,0.102,Crop,0.77,23.97,43.35,288.2,3389.1,573.8,101.0,97.3,Not Significant,Diminishing
NGP_CELL_499,2022,21.06665,79.07271,Ward 10 (Sanjay Gandhi Nagar),25.19,-3.51,0.411,-0.104,-0.496,0.142,Bare,0.69,32.33,147.06,288.2,3389.1,573.8,101.0,90.5,Not Significant,Diminishing
NGP_CELL_499,2023,21.06665,79.07271,Ward 10 (Sanjay Gandhi Nagar),23.26,-3.8,0.334,-0.12,-0.418,0.131,Grass,0.74,36.27,184.73,288.2,3389.1,573.8,101.0,85.5,Not Significant,Persistent
NGP_CELL_499,2024,21.06665,79.07271,Ward 10 (Sanjay Gandhi Nagar),30.99,0.22,0.109,0.404,-0.469,0.224,Built-up,0.71,70.56,90.02,288.2,3389.1,573.8,101.0,98.0,Hot Spot,Sporadic
NGP_CELL_500,2019,21.11993,79.14464,Ward 10 (Sanjay Gandhi Nagar),28.57,-1.71,0.185,0.076,-0.343,0.128,Built-up,0.91,53.06,117.82,302.5,3266.2,2322.7,627.5,90.2,Not Significant,Sporadic
NGP_CELL_500,2020,21.11993,79.14464,Ward 10 (Sanjay Gandhi Nagar),24.39,-4.44,0.476,-0.254,-0.338,0.124,Crop,0.82,23.46,71.24,302.5,3266.2,2322.7,627.5,86.3,Cold Spot,Persistent
NGP_CELL_500,2021,21.11993,79.14464,Ward 10 (Sanjay Gandhi Nagar),28.84,-2.26,0.164,0.015,-0.359,0.19,Built-up,0.87,50.85,208.76,302.5,3266.2,2322.7,627.5,88.3,Not Significant,Persistent
NGP_CELL_500,2022,21.11993,79.14464,Ward 10 (Sanjay Gandhi Nagar),31.33,-0.44,0.063,0.309,-0.442,0.183,Built-up,0.72,67.68,189.58,302.5,3266.2,2322.7,627.5,86.9,Not Significant,Persistent
NGP_CELL_500,2023,21.11993,79.14464,Ward 10 (Sanjay Gandhi Nagar),24.92,-2.97,0.241,0.012,-0.573,0.146,Crop,0.69,41.85,213.6,302.5,3266.2,2322.7,627.5,97.6,Cold Spot,Persistent
NGP_CELL_500,2024,21.11993,79.14464,Ward 10 (Sanjay Gandhi Nagar),22.34,-4.11,0.361,-0.087,-0.573,0.139,Bare,0.95,36.87,207.22,302.5,3266.2,2322.7,627.5,92.4,Not Significant,Persistent
